result_position,descriptor,value
0,vertex_count,48
1,vertex_count,48
2,vertex_count,48
3,vertex_count,48
4,vertex_count,48
5,vertex_count,48
6,vertex_count,48
7,vertex_count,48
8,vertex_count,48
9,vertex_count,48
10,vertex_count,48
11,vertex_count,48
12,vertex_count,48
13,vertex_count,48
14,vertex_count,48
15,vertex_count,48
16,vertex_count,48
17,vertex_count,48
18,vertex_count,48
19,vertex_count,48
20,vertex_count,48
21,vertex_count,48
22,vertex_count,48
23,vertex_count,48
24,vertex_count,48
25,vertex_count,48
26,vertex_count,48
27,vertex_count,48
28,vertex_count,48
29,vertex_count,48
30,vertex_count,48
31,vertex_count,48
32,vertex_count,48
33,vertex_count,48
34,vertex_count,48
35,vertex_count,48
36,vertex_count,48
37,vertex_count,48
38,vertex_count,48
39,vertex_count,48
40,vertex_count,48
41,vertex_count,48
42,vertex_count,48
43,vertex_count,48
44,vertex_count,48
45,vertex_count,48
46,vertex_count,48
47,vertex_count,48
48,vertex_count,48
49,vertex_count,48
50,vertex_count,48
51,vertex_count,48
52,vertex_count,48
53,vertex_count,48
54,vertex_count,48
55,vertex_count,48
56,vertex_count,48
57,vertex_count,48
58,vertex_count,48
59,vertex_count,48
60,vertex_count,48
61,vertex_count,48
62,vertex_count,48
63,vertex_count,48
64,vertex_count,48
65,vertex_count,48
66,vertex_count,48
67,vertex_count,48
68,vertex_count,48
69,vertex_count,48
70,vertex_count,48
71,vertex_count,48
72,vertex_count,48
73,vertex_count,48
74,vertex_count,48
75,vertex_count,48
76,vertex_count,48
77,vertex_count,48
78,vertex_count,48
79,vertex_count,48
80,vertex_count,48
81,vertex_count,48
82,vertex_count,48
83,vertex_count,48
84,vertex_count,48
85,vertex_count,48
86,vertex_count,48
87,vertex_count,48
88,vertex_count,48
89,vertex_count,48
90,vertex_count,48
91,vertex_count,48
92,vertex_count,48
93,vertex_count,48
94,vertex_count,48
95,vertex_count,48
96,vertex_count,48
97,vertex_count,48
98,vertex_count,48
99,vertex_count,48
100,vertex_count,48
101,vertex_count,48
102,vertex_count,48
103,vertex_count,48
104,vertex_count,48
105,vertex_count,48
106,vertex_count,48
107,vertex_count,48
108,vertex_count,48
109,vertex_count,48
110,vertex_count,48
111,vertex_count,48
112,vertex_count,48
113,vertex_count,48
114,vertex_count,48
115,vertex_count,48
116,vertex_count,48
117,vertex_count,48
118,vertex_count,48
119,vertex_count,48
120,vertex_count,48
121,vertex_count,48
122,vertex_count,48
123,vertex_count,48
124,vertex_count,48
125,vertex_count,48
126,vertex_count,48
127,vertex_count,48
128,vertex_count,48
129,vertex_count,48
130,vertex_count,48
131,vertex_count,48
132,vertex_count,48
133,vertex_count,48
134,vertex_count,48
135,vertex_count,48
136,vertex_count,48
137,vertex_count,48
138,vertex_count,48
139,vertex_count,48
140,vertex_count,48
141,vertex_count,48
142,vertex_count,48
143,vertex_count,48
144,vertex_count,48
145,vertex_count,48
146,vertex_count,48
147,vertex_count,48
148,vertex_count,48
149,vertex_count,48
150,vertex_count,48
151,vertex_count,48
152,vertex_count,48
153,vertex_count,48
154,vertex_count,48
155,vertex_count,48
156,vertex_count,48
157,vertex_count,48
158,vertex_count,48
159,vertex_count,48
160,vertex_count,48
161,vertex_count,48
162,vertex_count,48
163,vertex_count,48
164,vertex_count,48
165,vertex_count,48
166,vertex_count,48
167,vertex_count,48
168,vertex_count,48
169,vertex_count,48
170,vertex_count,48
171,vertex_count,48
172,vertex_count,48
173,vertex_count,48
174,vertex_count,48
175,vertex_count,48
176,vertex_count,48
177,vertex_count,48
178,vertex_count,48
179,vertex_count,48
180,vertex_count,48
181,vertex_count,48
182,vertex_count,48
183,vertex_count,48
184,vertex_count,48
185,vertex_count,48
186,vertex_count,48
187,vertex_count,48
188,vertex_count,48
189,vertex_count,48
190,vertex_count,48
191,vertex_count,48
192,vertex_count,48
193,vertex_count,48
194,vertex_count,48
195,vertex_count,48
196,vertex_count,48
197,vertex_count,48
198,vertex_count,48
199,vertex_count,48
200,vertex_count,48
201,vertex_count,48
202,vertex_count,48
203,vertex_count,48
204,vertex_count,48
205,vertex_count,48
206,vertex_count,48
207,vertex_count,48
208,vertex_count,48
209,vertex_count,48
210,vertex_count,48
211,vertex_count,48
212,vertex_count,48
213,vertex_count,48
214,vertex_count,48
215,vertex_count,48
216,vertex_count,48
217,vertex_count,48
218,vertex_count,48
219,vertex_count,48
220,vertex_count,48
221,vertex_count,48
222,vertex_count,48
223,vertex_count,48
224,vertex_count,48
225,vertex_count,48
226,vertex_count,48
227,vertex_count,48
228,vertex_count,48
229,vertex_count,48
230,vertex_count,48
231,vertex_count,48
232,vertex_count,48
233,vertex_count,48
234,vertex_count,48
235,vertex_count,48
236,vertex_count,48
237,vertex_count,48
238,vertex_count,48
239,vertex_count,48
240,vertex_count,48
241,vertex_count,48
242,vertex_count,48
243,vertex_count,48
244,vertex_count,48
245,vertex_count,48
246,vertex_count,48
247,vertex_count,48
248,vertex_count,48
249,vertex_count,48
250,vertex_count,48
251,vertex_count,48
252,vertex_count,48
253,vertex_count,48
254,vertex_count,48
255,vertex_count,48
256,vertex_count,48
257,vertex_count,48
258,vertex_count,48
259,vertex_count,48
260,vertex_count,48
261,vertex_count,48
262,vertex_count,48
263,vertex_count,48
264,vertex_count,48
265,vertex_count,48
266,vertex_count,48
267,vertex_count,48
268,vertex_count,48
269,vertex_count,48
270,vertex_count,48
271,vertex_count,48
272,vertex_count,48
273,vertex_count,48
274,vertex_count,48
275,vertex_count,48
276,vertex_count,48
277,vertex_count,48
278,vertex_count,48
279,vertex_count,48
280,vertex_count,48
281,vertex_count,48
282,vertex_count,48
283,vertex_count,48
284,vertex_count,48
285,vertex_count,48
286,vertex_count,48
287,vertex_count,48
288,vertex_count,48
289,vertex_count,48
290,vertex_count,48
291,vertex_count,48
292,vertex_count,48
293,vertex_count,48
294,vertex_count,48
295,vertex_count,48
296,vertex_count,48
297,vertex_count,48
298,vertex_count,48
299,vertex_count,48
300,vertex_count,48
301,vertex_count,48
302,vertex_count,48
303,vertex_count,48
304,vertex_count,48
305,vertex_count,48
306,vertex_count,48
307,vertex_count,48
308,vertex_count,48
309,vertex_count,48
310,vertex_count,48
311,vertex_count,48
312,vertex_count,48
313,vertex_count,48
314,vertex_count,48
315,vertex_count,48
316,vertex_count,48
317,vertex_count,48
318,vertex_count,48
319,vertex_count,48
320,vertex_count,48
321,vertex_count,48
322,vertex_count,48
323,vertex_count,48
324,vertex_count,48
325,vertex_count,48
326,vertex_count,48
327,vertex_count,48
328,vertex_count,48
329,vertex_count,48
330,vertex_count,48
331,vertex_count,48
332,vertex_count,48
333,vertex_count,48
334,vertex_count,48
335,vertex_count,48
336,vertex_count,48
337,vertex_count,48
338,vertex_count,48
339,vertex_count,48
340,vertex_count,48
341,vertex_count,48
342,vertex_count,48
343,vertex_count,48
344,vertex_count,48
345,vertex_count,48
346,vertex_count,48
347,vertex_count,48
348,vertex_count,48
349,vertex_count,48
350,vertex_count,48
351,vertex_count,48
352,vertex_count,48
353,vertex_count,48
354,vertex_count,48
355,vertex_count,48
356,vertex_count,48
357,vertex_count,48
358,vertex_count,48
359,vertex_count,48
360,vertex_count,48
361,vertex_count,48
362,vertex_count,48
363,vertex_count,48
364,vertex_count,48
365,vertex_count,48
366,vertex_count,48
367,vertex_count,48
368,vertex_count,48
369,vertex_count,48
370,vertex_count,48
371,vertex_count,48
372,vertex_count,48
373,vertex_count,48
374,vertex_count,48
375,vertex_count,48
376,vertex_count,48
377,vertex_count,48
378,vertex_count,48
379,vertex_count,48
380,vertex_count,48
381,vertex_count,48
382,vertex_count,48
383,vertex_count,48
384,vertex_count,48
385,vertex_count,48
386,vertex_count,48
387,vertex_count,48
388,vertex_count,48
389,vertex_count,48
390,vertex_count,48
391,vertex_count,48
392,vertex_count,48
393,vertex_count,48
394,vertex_count,48
395,vertex_count,48
396,vertex_count,48
397,vertex_count,48
398,vertex_count,48
399,vertex_count,48
400,vertex_count,48
401,vertex_count,48
402,vertex_count,48
403,vertex_count,48
404,vertex_count,48
405,vertex_count,48
406,vertex_count,48
407,vertex_count,48
408,vertex_count,48
409,vertex_count,48
410,vertex_count,48
411,vertex_count,48
412,vertex_count,48
413,vertex_count,48
414,vertex_count,48
415,vertex_count,48
416,vertex_count,48
417,vertex_count,48
418,vertex_count,48
419,vertex_count,48
420,vertex_count,48
421,vertex_count,48
422,vertex_count,48
423,vertex_count,48
424,vertex_count,48
425,vertex_count,48
426,vertex_count,48
427,vertex_count,48
428,vertex_count,48
429,vertex_count,48
430,vertex_count,48
431,vertex_count,48
432,vertex_count,48
433,vertex_count,48
434,vertex_count,48
435,vertex_count,48
436,vertex_count,48
437,vertex_count,48
438,vertex_count,48
439,vertex_count,48
440,vertex_count,48
441,vertex_count,48
442,vertex_count,48
443,vertex_count,48
444,vertex_count,48
445,vertex_count,48
446,vertex_count,48
447,vertex_count,48
448,vertex_count,48
449,vertex_count,48
450,vertex_count,48
451,vertex_count,48
452,vertex_count,48
453,vertex_count,48
454,vertex_count,48
455,vertex_count,48
456,vertex_count,48
457,vertex_count,48
458,vertex_count,48
459,vertex_count,48
460,vertex_count,48
461,vertex_count,48
462,vertex_count,48
463,vertex_count,48
464,vertex_count,48
465,vertex_count,48
466,vertex_count,48
467,vertex_count,48
468,vertex_count,48
469,vertex_count,48
470,vertex_count,48
471,vertex_count,48
472,vertex_count,48
473,vertex_count,48
474,vertex_count,48
475,vertex_count,48
476,vertex_count,48
477,vertex_count,48
478,vertex_count,48
479,vertex_count,48
480,vertex_count,48
481,vertex_count,48
482,vertex_count,48
483,vertex_count,48
484,vertex_count,48
485,vertex_count,48
486,vertex_count,48
487,vertex_count,48
488,vertex_count,48
489,vertex_count,48
490,vertex_count,48
491,vertex_count,48
492,vertex_count,48
493,vertex_count,48
494,vertex_count,48
495,vertex_count,48
496,vertex_count,48
497,vertex_count,48
498,vertex_count,48
499,vertex_count,48
500,vertex_count,48
501,vertex_count,48
502,vertex_count,48
503,vertex_count,48
504,vertex_count,48
505,vertex_count,48
506,vertex_count,48
507,vertex_count,48
508,vertex_count,48
509,vertex_count,48
510,vertex_count,48
511,vertex_count,48
512,vertex_count,48
513,vertex_count,48
514,vertex_count,48
515,vertex_count,48
516,vertex_count,48
517,vertex_count,48
518,vertex_count,48
519,vertex_count,48
520,vertex_count,48
521,vertex_count,48
522,vertex_count,48
523,vertex_count,48
524,vertex_count,48
525,vertex_count,48
526,vertex_count,48
527,vertex_count,48
528,vertex_count,48
529,vertex_count,48
530,vertex_count,48
531,vertex_count,48
532,vertex_count,48
533,vertex_count,48
534,vertex_count,48
535,vertex_count,48
536,vertex_count,48
537,vertex_count,48
538,vertex_count,48
539,vertex_count,48
540,vertex_count,48
541,vertex_count,48
542,vertex_count,48
543,vertex_count,48
544,vertex_count,48
545,vertex_count,48
546,vertex_count,48
547,vertex_count,48
548,vertex_count,48
549,vertex_count,48
550,vertex_count,48
551,vertex_count,48
552,vertex_count,48
553,vertex_count,48
554,vertex_count,48
555,vertex_count,48
556,vertex_count,48
557,vertex_count,48
558,vertex_count,48
559,vertex_count,48
560,vertex_count,48
561,vertex_count,48
562,vertex_count,48
563,vertex_count,48
564,vertex_count,48
565,vertex_count,48
566,vertex_count,48
567,vertex_count,48
568,vertex_count,48
569,vertex_count,48
570,vertex_count,48
571,vertex_count,48
572,vertex_count,48
573,vertex_count,48
574,vertex_count,48
575,vertex_count,48
576,vertex_count,48
577,vertex_count,48
578,vertex_count,48
579,vertex_count,48
580,vertex_count,48
581,vertex_count,48
582,vertex_count,48
583,vertex_count,48
584,vertex_count,48
585,vertex_count,48
586,vertex_count,48
587,vertex_count,48
588,vertex_count,48
589,vertex_count,48
590,vertex_count,48
591,vertex_count,48
592,vertex_count,48
593,vertex_count,48
594,vertex_count,48
595,vertex_count,48
596,vertex_count,48
597,vertex_count,48
598,vertex_count,48
599,vertex_count,48
600,vertex_count,48
601,vertex_count,48
602,vertex_count,48
603,vertex_count,48
604,vertex_count,48
605,vertex_count,48
606,vertex_count,48
607,vertex_count,48
608,vertex_count,48
609,vertex_count,48
610,vertex_count,48
611,vertex_count,48
612,vertex_count,48
613,vertex_count,48
614,vertex_count,48
615,vertex_count,48
616,vertex_count,48
617,vertex_count,48
618,vertex_count,48
619,vertex_count,48
620,vertex_count,48
621,vertex_count,48
622,vertex_count,48
623,vertex_count,48
624,vertex_count,48
625,vertex_count,48
626,vertex_count,48
627,vertex_count,48
628,vertex_count,48
629,vertex_count,48
630,vertex_count,48
631,vertex_count,48
632,vertex_count,48
633,vertex_count,48
634,vertex_count,48
635,vertex_count,48
636,vertex_count,48
637,vertex_count,48
638,vertex_count,48
639,vertex_count,48
640,vertex_count,48
641,vertex_count,48
642,vertex_count,48
643,vertex_count,48
644,vertex_count,48
645,vertex_count,48
646,vertex_count,48
647,vertex_count,48
648,vertex_count,48
649,vertex_count,48
650,vertex_count,48
651,vertex_count,48
652,vertex_count,48
653,vertex_count,48
654,vertex_count,48
655,vertex_count,48
656,vertex_count,48
657,vertex_count,48
658,vertex_count,48
659,vertex_count,48
660,vertex_count,48
661,vertex_count,48
662,vertex_count,48
663,vertex_count,48
664,vertex_count,48
665,vertex_count,48
666,vertex_count,48
667,vertex_count,48
668,vertex_count,48
669,vertex_count,48
670,vertex_count,48
671,vertex_count,48
672,vertex_count,48
673,vertex_count,48
674,vertex_count,48
675,vertex_count,48
676,vertex_count,48
677,vertex_count,48
678,vertex_count,48
679,vertex_count,48
680,vertex_count,48
681,vertex_count,48
682,vertex_count,48
683,vertex_count,48
684,vertex_count,48
685,vertex_count,48
686,vertex_count,48
687,vertex_count,48
688,vertex_count,48
689,vertex_count,48
690,vertex_count,48
691,vertex_count,48
692,vertex_count,48
693,vertex_count,48
694,vertex_count,48
695,vertex_count,48
696,vertex_count,48
697,vertex_count,48
698,vertex_count,48
699,vertex_count,48
700,vertex_count,48
701,vertex_count,48
702,vertex_count,48
703,vertex_count,48
704,vertex_count,48
705,vertex_count,48
706,vertex_count,48
707,vertex_count,48
708,vertex_count,48
709,vertex_count,48
710,vertex_count,48
711,vertex_count,48
712,vertex_count,48
713,vertex_count,48
714,vertex_count,48
715,vertex_count,48
716,vertex_count,48
717,vertex_count,48
718,vertex_count,48
719,vertex_count,48
720,vertex_count,48
721,vertex_count,48
722,vertex_count,48
723,vertex_count,48
724,vertex_count,48
725,vertex_count,48
726,vertex_count,48
727,vertex_count,48
728,vertex_count,48
729,vertex_count,48
730,vertex_count,48
731,vertex_count,48
732,vertex_count,48
733,vertex_count,48
734,vertex_count,48
735,vertex_count,48
736,vertex_count,48
737,vertex_count,48
738,vertex_count,48
739,vertex_count,48
740,vertex_count,48
741,vertex_count,48
742,vertex_count,48
743,vertex_count,48
744,vertex_count,48
745,vertex_count,48
746,vertex_count,48
747,vertex_count,48
748,vertex_count,48
749,vertex_count,48
750,vertex_count,48
751,vertex_count,48
752,vertex_count,48
753,vertex_count,48
754,vertex_count,48
755,vertex_count,48
756,vertex_count,48
757,vertex_count,48
758,vertex_count,48
759,vertex_count,48
760,vertex_count,48
761,vertex_count,48
762,vertex_count,48
763,vertex_count,48
764,vertex_count,48
765,vertex_count,48
766,vertex_count,48
767,vertex_count,48
768,vertex_count,48
769,vertex_count,48
770,vertex_count,48
771,vertex_count,48
772,vertex_count,48
773,vertex_count,48
774,vertex_count,48
775,vertex_count,48
776,vertex_count,48
777,vertex_count,48
778,vertex_count,48
779,vertex_count,48
780,vertex_count,48
781,vertex_count,48
782,vertex_count,48
783,vertex_count,48
784,vertex_count,48
785,vertex_count,48
786,vertex_count,48
787,vertex_count,48
788,vertex_count,48
789,vertex_count,48
790,vertex_count,48
791,vertex_count,48
792,vertex_count,48
793,vertex_count,48
794,vertex_count,48
795,vertex_count,48
796,vertex_count,48
797,vertex_count,48
798,vertex_count,48
799,vertex_count,48
800,vertex_count,48
801,vertex_count,48
802,vertex_count,48
803,vertex_count,48
804,vertex_count,48
805,vertex_count,48
806,vertex_count,48
807,vertex_count,48
808,vertex_count,48
809,vertex_count,48
810,vertex_count,48
811,vertex_count,48
812,vertex_count,48
813,vertex_count,48
814,vertex_count,48
815,vertex_count,48
816,vertex_count,48
817,vertex_count,48
818,vertex_count,48
819,vertex_count,48
820,vertex_count,48
821,vertex_count,48
822,vertex_count,48
823,vertex_count,48
824,vertex_count,48
825,vertex_count,48
826,vertex_count,48
827,vertex_count,48
828,vertex_count,48
829,vertex_count,48
830,vertex_count,48
831,vertex_count,48
832,vertex_count,48
833,vertex_count,48
834,vertex_count,48
835,vertex_count,48
836,vertex_count,48
837,vertex_count,48
838,vertex_count,48
839,vertex_count,48
840,vertex_count,48
841,vertex_count,48
842,vertex_count,48
843,vertex_count,48
844,vertex_count,48
845,vertex_count,48
846,vertex_count,48
847,vertex_count,48
848,vertex_count,48
849,vertex_count,48
850,vertex_count,48
851,vertex_count,48
852,vertex_count,48
853,vertex_count,48
854,vertex_count,48
855,vertex_count,48
856,vertex_count,48
857,vertex_count,48
858,vertex_count,48
859,vertex_count,48
860,vertex_count,48
861,vertex_count,48
862,vertex_count,48
863,vertex_count,48
864,vertex_count,48
865,vertex_count,48
866,vertex_count,48
867,vertex_count,48
868,vertex_count,48
869,vertex_count,48
870,vertex_count,48
871,vertex_count,48
872,vertex_count,48
873,vertex_count,48
874,vertex_count,48
875,vertex_count,48
876,vertex_count,48
877,vertex_count,48
878,vertex_count,48
879,vertex_count,48
880,vertex_count,48
881,vertex_count,48
882,vertex_count,48
883,vertex_count,48
884,vertex_count,48
885,vertex_count,48
886,vertex_count,48
887,vertex_count,48
888,vertex_count,48
889,vertex_count,48
890,vertex_count,48
891,vertex_count,48
892,vertex_count,48
893,vertex_count,48
894,vertex_count,48
895,vertex_count,48
896,vertex_count,48
897,vertex_count,48
898,vertex_count,48
899,vertex_count,48
900,vertex_count,48
901,vertex_count,48
902,vertex_count,48
903,vertex_count,48
904,vertex_count,48
905,vertex_count,48
906,vertex_count,48
907,vertex_count,48
908,vertex_count,48
909,vertex_count,48
910,vertex_count,48
911,vertex_count,48
912,vertex_count,48
913,vertex_count,48
914,vertex_count,48
915,vertex_count,48
916,vertex_count,48
917,vertex_count,48
918,vertex_count,48
919,vertex_count,48
920,vertex_count,48
921,vertex_count,48
922,vertex_count,48
923,vertex_count,48
924,vertex_count,48
925,vertex_count,48
926,vertex_count,48
927,vertex_count,48
928,vertex_count,48
929,vertex_count,48
930,vertex_count,48
931,vertex_count,48
932,vertex_count,48
933,vertex_count,48
934,vertex_count,48
935,vertex_count,48
936,vertex_count,48
937,vertex_count,48
938,vertex_count,48
939,vertex_count,48
940,vertex_count,48
941,vertex_count,48
942,vertex_count,48
943,vertex_count,48
944,vertex_count,48
945,vertex_count,48
946,vertex_count,48
947,vertex_count,48
948,vertex_count,48
949,vertex_count,48
950,vertex_count,48
951,vertex_count,48
952,vertex_count,48
953,vertex_count,48
954,vertex_count,48
955,vertex_count,48
956,vertex_count,48
957,vertex_count,48
958,vertex_count,48
959,vertex_count,48
960,vertex_count,48
961,vertex_count,48
962,vertex_count,48
963,vertex_count,48
964,vertex_count,48
965,vertex_count,48
966,vertex_count,48
967,vertex_count,48
968,vertex_count,48
969,vertex_count,48
970,vertex_count,48
971,vertex_count,48
972,vertex_count,48
973,vertex_count,48
974,vertex_count,48
975,vertex_count,48
976,vertex_count,48
977,vertex_count,48
978,vertex_count,48
979,vertex_count,48
980,vertex_count,48
981,vertex_count,48
982,vertex_count,48
983,vertex_count,48
984,vertex_count,48
985,vertex_count,48
986,vertex_count,48
987,vertex_count,48
988,vertex_count,48
989,vertex_count,48
990,vertex_count,48
991,vertex_count,48
992,vertex_count,48
993,vertex_count,48
994,vertex_count,48
995,vertex_count,48
996,vertex_count,48
997,vertex_count,48
998,vertex_count,48
999,vertex_count,48
1000,vertex_count,48
1001,vertex_count,48
1002,vertex_count,48
1003,vertex_count,48
1004,vertex_count,48
1005,vertex_count,48
1006,vertex_count,48
1007,vertex_count,48
1008,vertex_count,48
1009,vertex_count,48
1010,vertex_count,48
1011,vertex_count,48
1012,vertex_count,48
1013,vertex_count,48
1014,vertex_count,48
1015,vertex_count,48
1016,vertex_count,48
1017,vertex_count,48
1018,vertex_count,48
1019,vertex_count,48
1020,vertex_count,48
1021,vertex_count,48
1022,vertex_count,48
1023,vertex_count,48
1024,vertex_count,48
1025,vertex_count,48
1026,vertex_count,48
1027,vertex_count,48
1028,vertex_count,48
1029,vertex_count,48
1030,vertex_count,48
1031,vertex_count,48
1032,vertex_count,48
1033,vertex_count,48
1034,vertex_count,48
1035,vertex_count,48
1036,vertex_count,48
1037,vertex_count,48
1038,vertex_count,48
1039,vertex_count,48
1040,vertex_count,48
1041,vertex_count,48
1042,vertex_count,48
1043,vertex_count,48
1044,vertex_count,48
1045,vertex_count,48
1046,vertex_count,48
1047,vertex_count,48
1048,vertex_count,48
1049,vertex_count,48
1050,vertex_count,48
1051,vertex_count,48
1052,vertex_count,48
1053,vertex_count,48
1054,vertex_count,48
1055,vertex_count,48
1056,vertex_count,48
1057,vertex_count,48
1058,vertex_count,48
1059,vertex_count,48
1060,vertex_count,48
1061,vertex_count,48
1062,vertex_count,48
1063,vertex_count,48
1064,vertex_count,48
1065,vertex_count,48
1066,vertex_count,48
1067,vertex_count,48
1068,vertex_count,48
1069,vertex_count,48
1070,vertex_count,48
1071,vertex_count,48
1072,vertex_count,48
1073,vertex_count,48
1074,vertex_count,48
1075,vertex_count,48
1076,vertex_count,48
1077,vertex_count,48
1078,vertex_count,48
1079,vertex_count,48
1080,vertex_count,48
1081,vertex_count,48
1082,vertex_count,48
1083,vertex_count,48
1084,vertex_count,48
1085,vertex_count,48
1086,vertex_count,48
1087,vertex_count,48
1088,vertex_count,48
1089,vertex_count,48
1090,vertex_count,48
1091,vertex_count,48
1092,vertex_count,48
1093,vertex_count,48
1094,vertex_count,48
1095,vertex_count,48
1096,vertex_count,48
1097,vertex_count,48
1098,vertex_count,48
1099,vertex_count,48
1100,vertex_count,48
1101,vertex_count,48
1102,vertex_count,48
1103,vertex_count,48
1104,vertex_count,48
1105,vertex_count,48
1106,vertex_count,48
1107,vertex_count,48
1108,vertex_count,48
1109,vertex_count,48
1110,vertex_count,48
1111,vertex_count,48
1112,vertex_count,48
1113,vertex_count,48
1114,vertex_count,48
1115,vertex_count,48
1116,vertex_count,48
1117,vertex_count,48
1118,vertex_count,48
1119,vertex_count,48
1120,vertex_count,48
1121,vertex_count,48
1122,vertex_count,48
1123,vertex_count,48
1124,vertex_count,48
1125,vertex_count,48
1126,vertex_count,48
1127,vertex_count,48
1128,vertex_count,48
1129,vertex_count,48
1130,vertex_count,48
1131,vertex_count,48
1132,vertex_count,48
1133,vertex_count,48
1134,vertex_count,48
1135,vertex_count,48
1136,vertex_count,48
1137,vertex_count,48
1138,vertex_count,48
1139,vertex_count,48
1140,vertex_count,48
1141,vertex_count,48
1142,vertex_count,48
1143,vertex_count,48
1144,vertex_count,48
1145,vertex_count,48
1146,vertex_count,48
1147,vertex_count,48
1148,vertex_count,48
1149,vertex_count,48
1150,vertex_count,48
1151,vertex_count,48
1152,vertex_count,48
1153,vertex_count,48
1154,vertex_count,48
1155,vertex_count,48
1156,vertex_count,48
1157,vertex_count,48
1158,vertex_count,48
1159,vertex_count,48
1160,vertex_count,48
1161,vertex_count,48
1162,vertex_count,48
1163,vertex_count,48
1164,vertex_count,48
1165,vertex_count,48
1166,vertex_count,48
1167,vertex_count,48
1168,vertex_count,48
1169,vertex_count,48
1170,vertex_count,48
1171,vertex_count,48
1172,vertex_count,48
1173,vertex_count,48
1174,vertex_count,48
1175,vertex_count,48
1176,vertex_count,48
1177,vertex_count,48
1178,vertex_count,48
1179,vertex_count,48
1180,vertex_count,48
1181,vertex_count,48
1182,vertex_count,48
1183,vertex_count,48
1184,vertex_count,48
1185,vertex_count,48
1186,vertex_count,48
1187,vertex_count,48
1188,vertex_count,48
1189,vertex_count,48
1190,vertex_count,48
1191,vertex_count,48
1192,vertex_count,48
1193,vertex_count,48
1194,vertex_count,48
1195,vertex_count,48
1196,vertex_count,48
1197,vertex_count,48
1198,vertex_count,48
1199,vertex_count,48
1200,vertex_count,48
1201,vertex_count,48
1202,vertex_count,48
1203,vertex_count,48
1204,vertex_count,48
1205,vertex_count,48
1206,vertex_count,48
1207,vertex_count,48
1208,vertex_count,48
1209,vertex_count,48
1210,vertex_count,48
1211,vertex_count,48
1212,vertex_count,48
1213,vertex_count,48
1214,vertex_count,48
1215,vertex_count,48
1216,vertex_count,48
1217,vertex_count,48
1218,vertex_count,48
1219,vertex_count,48
1220,vertex_count,48
1221,vertex_count,48
1222,vertex_count,48
1223,vertex_count,48
1224,vertex_count,48
1225,vertex_count,48
1226,vertex_count,48
1227,vertex_count,48
1228,vertex_count,48
1229,vertex_count,48
1230,vertex_count,48
1231,vertex_count,48
1232,vertex_count,48
1233,vertex_count,48
1234,vertex_count,48
1235,vertex_count,48
1236,vertex_count,48
1237,vertex_count,48
1238,vertex_count,48
1239,vertex_count,48
1240,vertex_count,48
1241,vertex_count,48
1242,vertex_count,48
1243,vertex_count,48
1244,vertex_count,48
1245,vertex_count,48
1246,vertex_count,48
1247,vertex_count,48
1248,vertex_count,48
1249,vertex_count,48
1250,vertex_count,48
1251,vertex_count,48
1252,vertex_count,48
1253,vertex_count,48
1254,vertex_count,48
1255,vertex_count,48
1256,vertex_count,48
1257,vertex_count,48
1258,vertex_count,48
1259,vertex_count,48
1260,vertex_count,48
1261,vertex_count,48
1262,vertex_count,48
1263,vertex_count,48
1264,vertex_count,48
1265,vertex_count,48
1266,vertex_count,48
1267,vertex_count,48
1268,vertex_count,48
1269,vertex_count,48
1270,vertex_count,48
1271,vertex_count,48
1272,vertex_count,48
1273,vertex_count,48
1274,vertex_count,48
1275,vertex_count,48
1276,vertex_count,48
1277,vertex_count,48
1278,vertex_count,48
1279,vertex_count,48
1280,vertex_count,48
1281,vertex_count,48
1282,vertex_count,48
1283,vertex_count,48
1284,vertex_count,48
1285,vertex_count,48
1286,vertex_count,48
1287,vertex_count,48
1288,vertex_count,48
1289,vertex_count,48
1290,vertex_count,48
1291,vertex_count,48
1292,vertex_count,48
1293,vertex_count,48
1294,vertex_count,48
1295,vertex_count,48
1296,vertex_count,48
1297,vertex_count,48
1298,vertex_count,48
1299,vertex_count,48
1300,vertex_count,48
1301,vertex_count,48
1302,vertex_count,48
1303,vertex_count,48
1304,vertex_count,48
1305,vertex_count,48
1306,vertex_count,48
1307,vertex_count,48
1308,vertex_count,48
1309,vertex_count,48
1310,vertex_count,48
1311,vertex_count,48
1312,vertex_count,48
1313,vertex_count,48
1314,vertex_count,48
1315,vertex_count,48
1316,vertex_count,48
1317,vertex_count,48
1318,vertex_count,48
1319,vertex_count,48
1320,vertex_count,48
1321,vertex_count,48
1322,vertex_count,48
1323,vertex_count,48
1324,vertex_count,48
1325,vertex_count,48
1326,vertex_count,48
1327,vertex_count,48
1328,vertex_count,48
1329,vertex_count,48
1330,vertex_count,48
1331,vertex_count,48
1332,vertex_count,48
1333,vertex_count,48
1334,vertex_count,48
1335,vertex_count,48
1336,vertex_count,48
1337,vertex_count,48
1338,vertex_count,48
1339,vertex_count,48
1340,vertex_count,48
1341,vertex_count,48
1342,vertex_count,48
1343,vertex_count,48
1344,vertex_count,48
1345,vertex_count,48
1346,vertex_count,48
1347,vertex_count,48
1348,vertex_count,48
1349,vertex_count,48
1350,vertex_count,48
1351,vertex_count,48
1352,vertex_count,48
1353,vertex_count,48
1354,vertex_count,48
1355,vertex_count,48
1356,vertex_count,48
1357,vertex_count,48
1358,vertex_count,48
1359,vertex_count,48
1360,vertex_count,48
1361,vertex_count,48
1362,vertex_count,48
1363,vertex_count,48
1364,vertex_count,48
1365,vertex_count,48
1366,vertex_count,48
1367,vertex_count,48
1368,vertex_count,48
1369,vertex_count,48
1370,vertex_count,48
1371,vertex_count,48
1372,vertex_count,48
1373,vertex_count,48
1374,vertex_count,48
1375,vertex_count,48
1376,vertex_count,48
1377,vertex_count,48
1378,vertex_count,48
1379,vertex_count,48
1380,vertex_count,48
1381,vertex_count,48
1382,vertex_count,48
1383,vertex_count,48
1384,vertex_count,48
1385,vertex_count,48
1386,vertex_count,48
1387,vertex_count,48
1388,vertex_count,48
1389,vertex_count,48
1390,vertex_count,48
1391,vertex_count,48
1392,vertex_count,48
1393,vertex_count,48
1394,vertex_count,48
1395,vertex_count,48
1396,vertex_count,48
1397,vertex_count,48
1398,vertex_count,48
1399,vertex_count,48
1400,vertex_count,48
1401,vertex_count,48
1402,vertex_count,48
1403,vertex_count,48
1404,vertex_count,48
1405,vertex_count,48
1406,vertex_count,48
1407,vertex_count,48
1408,vertex_count,48
1409,vertex_count,48
1410,vertex_count,48
1411,vertex_count,48
1412,vertex_count,48
1413,vertex_count,48
1414,vertex_count,48
1415,vertex_count,48
1416,vertex_count,48
1417,vertex_count,48
1418,vertex_count,48
1419,vertex_count,48
1420,vertex_count,48
1421,vertex_count,48
1422,vertex_count,48
1423,vertex_count,48
1424,vertex_count,48
1425,vertex_count,48
1426,vertex_count,48
1427,vertex_count,48
1428,vertex_count,48
1429,vertex_count,48
1430,vertex_count,48
1431,vertex_count,48
1432,vertex_count,48
1433,vertex_count,48
1434,vertex_count,48
1435,vertex_count,48
1436,vertex_count,48
1437,vertex_count,48
1438,vertex_count,48
1439,vertex_count,48
1440,vertex_count,48
1441,vertex_count,48
1442,vertex_count,48
1443,vertex_count,48
1444,vertex_count,48
1445,vertex_count,48
1446,vertex_count,48
1447,vertex_count,48
1448,vertex_count,48
1449,vertex_count,48
1450,vertex_count,48
1451,vertex_count,48
1452,vertex_count,48
1453,vertex_count,48
1454,vertex_count,48
1455,vertex_count,48
1456,vertex_count,48
1457,vertex_count,48
1458,vertex_count,48
1459,vertex_count,48
1460,vertex_count,48
1461,vertex_count,48
1462,vertex_count,48
1463,vertex_count,48
1464,vertex_count,48
1465,vertex_count,48
1466,vertex_count,48
1467,vertex_count,48
1468,vertex_count,48
1469,vertex_count,48
1470,vertex_count,48
1471,vertex_count,48
1472,vertex_count,48
1473,vertex_count,48
1474,vertex_count,48
1475,vertex_count,48
1476,vertex_count,48
1477,vertex_count,48
1478,vertex_count,48
1479,vertex_count,48
1480,vertex_count,48
1481,vertex_count,48
1482,vertex_count,48
1483,vertex_count,48
1484,vertex_count,48
1485,vertex_count,48
1486,vertex_count,48
1487,vertex_count,48
1488,vertex_count,48
1489,vertex_count,48
1490,vertex_count,48
1491,vertex_count,48
1492,vertex_count,48
1493,vertex_count,48
1494,vertex_count,48
1495,vertex_count,48
1496,vertex_count,48
1497,vertex_count,48
1498,vertex_count,48
1499,vertex_count,48
1500,vertex_count,48
1501,vertex_count,48
1502,vertex_count,48
1503,vertex_count,48
1504,vertex_count,48
1505,vertex_count,48
1506,vertex_count,48
1507,vertex_count,48
1508,vertex_count,48
1509,vertex_count,48
1510,vertex_count,48
1511,vertex_count,48
1512,vertex_count,48
1513,vertex_count,48
1514,vertex_count,48
1515,vertex_count,48
1516,vertex_count,48
1517,vertex_count,48
1518,vertex_count,48
1519,vertex_count,48
1520,vertex_count,48
1521,vertex_count,48
1522,vertex_count,48
1523,vertex_count,48
1524,vertex_count,48
1525,vertex_count,48
1526,vertex_count,48
1527,vertex_count,48
1528,vertex_count,48
1529,vertex_count,48
1530,vertex_count,48
1531,vertex_count,48
1532,vertex_count,48
1533,vertex_count,48
1534,vertex_count,48
1535,vertex_count,48
1536,vertex_count,48
1537,vertex_count,48
1538,vertex_count,48
1539,vertex_count,48
1540,vertex_count,48
1541,vertex_count,48
1542,vertex_count,48
1543,vertex_count,48
1544,vertex_count,48
1545,vertex_count,48
1546,vertex_count,48
1547,vertex_count,48
1548,vertex_count,48
1549,vertex_count,48
1550,vertex_count,48
1551,vertex_count,48
1552,vertex_count,48
1553,vertex_count,48
1554,vertex_count,48
1555,vertex_count,48
1556,vertex_count,48
1557,vertex_count,48
1558,vertex_count,48
1559,vertex_count,48
1560,vertex_count,48
1561,vertex_count,48
1562,vertex_count,48
1563,vertex_count,48
1564,vertex_count,48
1565,vertex_count,48
1566,vertex_count,48
1567,vertex_count,48
1568,vertex_count,48
1569,vertex_count,48
1570,vertex_count,48
1571,vertex_count,48
1572,vertex_count,48
1573,vertex_count,48
1574,vertex_count,48
1575,vertex_count,48
1576,vertex_count,48
1577,vertex_count,48
1578,vertex_count,48
1579,vertex_count,48
1580,vertex_count,48
1581,vertex_count,48
1582,vertex_count,48
1583,vertex_count,48
1584,vertex_count,48
1585,vertex_count,48
1586,vertex_count,48
1587,vertex_count,48
1588,vertex_count,48
1589,vertex_count,48
1590,vertex_count,48
1591,vertex_count,48
1592,vertex_count,48
1593,vertex_count,48
1594,vertex_count,48
1595,vertex_count,48
1596,vertex_count,48
1597,vertex_count,48
1598,vertex_count,48
1599,vertex_count,48
1600,vertex_count,48
1601,vertex_count,48
1602,vertex_count,48
1603,vertex_count,48
1604,vertex_count,48
1605,vertex_count,48
1606,vertex_count,48
1607,vertex_count,48
1608,vertex_count,48
1609,vertex_count,48
1610,vertex_count,48
1611,vertex_count,48
1612,vertex_count,48
1613,vertex_count,48
1614,vertex_count,48
1615,vertex_count,48
1616,vertex_count,48
1617,vertex_count,48
1618,vertex_count,48
1619,vertex_count,48
1620,vertex_count,48
1621,vertex_count,48
1622,vertex_count,48
1623,vertex_count,48
1624,vertex_count,48
1625,vertex_count,48
1626,vertex_count,48
1627,vertex_count,48
1628,vertex_count,48
1629,vertex_count,48
1630,vertex_count,48
1631,vertex_count,48
1632,vertex_count,48
1633,vertex_count,48
1634,vertex_count,48
1635,vertex_count,48
1636,vertex_count,48
1637,vertex_count,48
1638,vertex_count,48
1639,vertex_count,48
1640,vertex_count,48
1641,vertex_count,48
1642,vertex_count,48
1643,vertex_count,48
1644,vertex_count,48
1645,vertex_count,48
1646,vertex_count,48
1647,vertex_count,48
1648,vertex_count,48
1649,vertex_count,48
1650,vertex_count,48
1651,vertex_count,48
1652,vertex_count,48
1653,vertex_count,48
1654,vertex_count,48
1655,vertex_count,48
1656,vertex_count,48
1657,vertex_count,48
1658,vertex_count,48
1659,vertex_count,48
1660,vertex_count,48
1661,vertex_count,48
1662,vertex_count,48
1663,vertex_count,48
1664,vertex_count,48
1665,vertex_count,48
1666,vertex_count,48
1667,vertex_count,48
1668,vertex_count,48
1669,vertex_count,48
1670,vertex_count,48
1671,vertex_count,48
1672,vertex_count,48
1673,vertex_count,48
1674,vertex_count,48
1675,vertex_count,48
1676,vertex_count,48
1677,vertex_count,48
1678,vertex_count,48
1679,vertex_count,48
1680,vertex_count,48
1681,vertex_count,48
1682,vertex_count,48
1683,vertex_count,48
1684,vertex_count,48
1685,vertex_count,48
1686,vertex_count,48
1687,vertex_count,48
1688,vertex_count,48
1689,vertex_count,48
1690,vertex_count,48
1691,vertex_count,48
1692,vertex_count,48
1693,vertex_count,48
1694,vertex_count,48
1695,vertex_count,48
1696,vertex_count,48
1697,vertex_count,48
1698,vertex_count,48
1699,vertex_count,48
1700,vertex_count,48
1701,vertex_count,48
1702,vertex_count,48
1703,vertex_count,48
1704,vertex_count,48
1705,vertex_count,48
1706,vertex_count,48
1707,vertex_count,48
1708,vertex_count,48
1709,vertex_count,48
1710,vertex_count,48
1711,vertex_count,48
1712,vertex_count,48
1713,vertex_count,48
1714,vertex_count,48
1715,vertex_count,48
1716,vertex_count,48
1717,vertex_count,48
1718,vertex_count,48
1719,vertex_count,48
1720,vertex_count,48
1721,vertex_count,48
1722,vertex_count,48
1723,vertex_count,48
1724,vertex_count,48
1725,vertex_count,48
1726,vertex_count,48
1727,vertex_count,48
1728,vertex_count,48
1729,vertex_count,48
1730,vertex_count,48
1731,vertex_count,48
1732,vertex_count,48
1733,vertex_count,48
1734,vertex_count,48
1735,vertex_count,48
1736,vertex_count,48
1737,vertex_count,48
1738,vertex_count,48
1739,vertex_count,48
1740,vertex_count,48
1741,vertex_count,48
1742,vertex_count,48
1743,vertex_count,48
1744,vertex_count,48
1745,vertex_count,48
1746,vertex_count,48
1747,vertex_count,48
1748,vertex_count,48
1749,vertex_count,48
1750,vertex_count,48
1751,vertex_count,48
1752,vertex_count,48
1753,vertex_count,48
1754,vertex_count,48
1755,vertex_count,48
1756,vertex_count,48
1757,vertex_count,48
1758,vertex_count,48
1759,vertex_count,48
1760,vertex_count,48
1761,vertex_count,48
1762,vertex_count,48
1763,vertex_count,48
1764,vertex_count,48
1765,vertex_count,48
1766,vertex_count,48
1767,vertex_count,48
1768,vertex_count,48
1769,vertex_count,48
1770,vertex_count,48
1771,vertex_count,48
1772,vertex_count,48
1773,vertex_count,48
1774,vertex_count,48
1775,vertex_count,48
1776,vertex_count,48
1777,vertex_count,48
1778,vertex_count,48
1779,vertex_count,48
1780,vertex_count,48
1781,vertex_count,48
1782,vertex_count,48
1783,vertex_count,48
1784,vertex_count,48
1785,vertex_count,48
1786,vertex_count,48
1787,vertex_count,48
1788,vertex_count,48
1789,vertex_count,48
1790,vertex_count,48
1791,vertex_count,48
1792,vertex_count,48
1793,vertex_count,48
1794,vertex_count,48
1795,vertex_count,48
1796,vertex_count,48
1797,vertex_count,48
1798,vertex_count,48
1799,vertex_count,48
1800,vertex_count,48
1801,vertex_count,48
1802,vertex_count,48
1803,vertex_count,48
1804,vertex_count,48
1805,vertex_count,48
1806,vertex_count,48
1807,vertex_count,48
1808,vertex_count,48
1809,vertex_count,48
1810,vertex_count,48
1811,vertex_count,48
1812,vertex_count,48
1813,vertex_count,48
1814,vertex_count,48
1815,vertex_count,48
1816,vertex_count,48
1817,vertex_count,48
1818,vertex_count,48
1819,vertex_count,48
1820,vertex_count,48
1821,vertex_count,48
1822,vertex_count,48
1823,vertex_count,48
1824,vertex_count,48
1825,vertex_count,48
1826,vertex_count,48
1827,vertex_count,48
1828,vertex_count,48
1829,vertex_count,48
1830,vertex_count,48
1831,vertex_count,48
1832,vertex_count,48
1833,vertex_count,48
1834,vertex_count,48
1835,vertex_count,48
1836,vertex_count,48
1837,vertex_count,48
1838,vertex_count,48
1839,vertex_count,48
1840,vertex_count,48
1841,vertex_count,48
1842,vertex_count,48
1843,vertex_count,48
1844,vertex_count,48
1845,vertex_count,48
1846,vertex_count,48
1847,vertex_count,48
1848,vertex_count,48
1849,vertex_count,48
1850,vertex_count,48
1851,vertex_count,48
1852,vertex_count,48
1853,vertex_count,48
1854,vertex_count,48
1855,vertex_count,48
1856,vertex_count,48
1857,vertex_count,48
1858,vertex_count,48
1859,vertex_count,48
1860,vertex_count,48
1861,vertex_count,48
1862,vertex_count,48
1863,vertex_count,48
1864,vertex_count,48
1865,vertex_count,48
1866,vertex_count,48
1867,vertex_count,48
1868,vertex_count,48
1869,vertex_count,48
1870,vertex_count,48
1871,vertex_count,48
1872,vertex_count,48
1873,vertex_count,48
1874,vertex_count,48
1875,vertex_count,48
1876,vertex_count,48
1877,vertex_count,48
1878,vertex_count,48
1879,vertex_count,48
1880,vertex_count,48
1881,vertex_count,48
1882,vertex_count,48
1883,vertex_count,48
1884,vertex_count,48
1885,vertex_count,48
1886,vertex_count,48
1887,vertex_count,48
1888,vertex_count,48
1889,vertex_count,48
1890,vertex_count,48
1891,vertex_count,48
1892,vertex_count,48
1893,vertex_count,48
1894,vertex_count,48
1895,vertex_count,48
1896,vertex_count,48
1897,vertex_count,48
1898,vertex_count,48
1899,vertex_count,48
1900,vertex_count,48
1901,vertex_count,48
1902,vertex_count,48
1903,vertex_count,48
1904,vertex_count,48
1905,vertex_count,48
1906,vertex_count,48
1907,vertex_count,48
1908,vertex_count,48
1909,vertex_count,48
1910,vertex_count,48
1911,vertex_count,48
1912,vertex_count,48
1913,vertex_count,48
1914,vertex_count,48
1915,vertex_count,48
1916,vertex_count,48
1917,vertex_count,48
1918,vertex_count,48
1919,vertex_count,48
1920,vertex_count,48
1921,vertex_count,48
1922,vertex_count,48
1923,vertex_count,48
1924,vertex_count,48
1925,vertex_count,48
1926,vertex_count,48
1927,vertex_count,48
1928,vertex_count,48
1929,vertex_count,48
1930,vertex_count,48
1931,vertex_count,48
1932,vertex_count,48
1933,vertex_count,48
1934,vertex_count,48
1935,vertex_count,48
1936,vertex_count,48
1937,vertex_count,48
1938,vertex_count,48
1939,vertex_count,48
1940,vertex_count,48
1941,vertex_count,48
1942,vertex_count,48
1943,vertex_count,48
1944,vertex_count,48
1945,vertex_count,48
1946,vertex_count,48
1947,vertex_count,48
1948,vertex_count,48
1949,vertex_count,48
1950,vertex_count,48
1951,vertex_count,48
1952,vertex_count,48
1953,vertex_count,48
1954,vertex_count,48
1955,vertex_count,48
1956,vertex_count,48
1957,vertex_count,48
1958,vertex_count,48
1959,vertex_count,48
1960,vertex_count,48
1961,vertex_count,48
1962,vertex_count,48
1963,vertex_count,48
1964,vertex_count,48
1965,vertex_count,48
1966,vertex_count,48
1967,vertex_count,48
1968,vertex_count,48
1969,vertex_count,48
1970,vertex_count,48
1971,vertex_count,48
1972,vertex_count,48
1973,vertex_count,48
1974,vertex_count,48
1975,vertex_count,48
1976,vertex_count,48
1977,vertex_count,48
1978,vertex_count,48
1979,vertex_count,48
1980,vertex_count,48
1981,vertex_count,48
1982,vertex_count,48
1983,vertex_count,48
1984,vertex_count,48
1985,vertex_count,48
1986,vertex_count,48
1987,vertex_count,48
1988,vertex_count,48
1989,vertex_count,48
1990,vertex_count,48
1991,vertex_count,48
1992,vertex_count,48
1993,vertex_count,48
1994,vertex_count,48
1995,vertex_count,48
1996,vertex_count,48
1997,vertex_count,48
1998,vertex_count,48
1999,vertex_count,48
0,edge_count,96
1,edge_count,96
2,edge_count,96
3,edge_count,96
4,edge_count,96
5,edge_count,96
6,edge_count,96
7,edge_count,96
8,edge_count,96
9,edge_count,96
10,edge_count,96
11,edge_count,96
12,edge_count,96
13,edge_count,96
14,edge_count,96
15,edge_count,96
16,edge_count,96
17,edge_count,96
18,edge_count,96
19,edge_count,96
20,edge_count,96
21,edge_count,96
22,edge_count,96
23,edge_count,96
24,edge_count,96
25,edge_count,96
26,edge_count,96
27,edge_count,96
28,edge_count,96
29,edge_count,96
30,edge_count,96
31,edge_count,96
32,edge_count,96
33,edge_count,96
34,edge_count,96
35,edge_count,96
36,edge_count,96
37,edge_count,96
38,edge_count,96
39,edge_count,96
40,edge_count,96
41,edge_count,96
42,edge_count,96
43,edge_count,96
44,edge_count,96
45,edge_count,96
46,edge_count,96
47,edge_count,96
48,edge_count,96
49,edge_count,96
50,edge_count,96
51,edge_count,96
52,edge_count,96
53,edge_count,96
54,edge_count,96
55,edge_count,96
56,edge_count,96
57,edge_count,96
58,edge_count,96
59,edge_count,96
60,edge_count,96
61,edge_count,96
62,edge_count,96
63,edge_count,96
64,edge_count,96
65,edge_count,96
66,edge_count,96
67,edge_count,96
68,edge_count,96
69,edge_count,96
70,edge_count,96
71,edge_count,96
72,edge_count,96
73,edge_count,96
74,edge_count,96
75,edge_count,96
76,edge_count,96
77,edge_count,96
78,edge_count,96
79,edge_count,96
80,edge_count,96
81,edge_count,96
82,edge_count,96
83,edge_count,96
84,edge_count,96
85,edge_count,96
86,edge_count,96
87,edge_count,96
88,edge_count,96
89,edge_count,96
90,edge_count,96
91,edge_count,96
92,edge_count,96
93,edge_count,96
94,edge_count,96
95,edge_count,96
96,edge_count,96
97,edge_count,96
98,edge_count,96
99,edge_count,96
100,edge_count,96
101,edge_count,96
102,edge_count,96
103,edge_count,96
104,edge_count,96
105,edge_count,96
106,edge_count,96
107,edge_count,96
108,edge_count,96
109,edge_count,96
110,edge_count,96
111,edge_count,96
112,edge_count,96
113,edge_count,96
114,edge_count,96
115,edge_count,96
116,edge_count,96
117,edge_count,96
118,edge_count,96
119,edge_count,96
120,edge_count,96
121,edge_count,96
122,edge_count,96
123,edge_count,96
124,edge_count,96
125,edge_count,96
126,edge_count,96
127,edge_count,96
128,edge_count,96
129,edge_count,96
130,edge_count,96
131,edge_count,96
132,edge_count,96
133,edge_count,96
134,edge_count,96
135,edge_count,96
136,edge_count,96
137,edge_count,96
138,edge_count,96
139,edge_count,96
140,edge_count,96
141,edge_count,96
142,edge_count,96
143,edge_count,96
144,edge_count,96
145,edge_count,96
146,edge_count,96
147,edge_count,96
148,edge_count,96
149,edge_count,96
150,edge_count,96
151,edge_count,96
152,edge_count,96
153,edge_count,96
154,edge_count,96
155,edge_count,96
156,edge_count,96
157,edge_count,96
158,edge_count,96
159,edge_count,96
160,edge_count,96
161,edge_count,96
162,edge_count,96
163,edge_count,96
164,edge_count,96
165,edge_count,96
166,edge_count,96
167,edge_count,96
168,edge_count,96
169,edge_count,96
170,edge_count,96
171,edge_count,96
172,edge_count,96
173,edge_count,96
174,edge_count,96
175,edge_count,96
176,edge_count,96
177,edge_count,96
178,edge_count,96
179,edge_count,96
180,edge_count,96
181,edge_count,96
182,edge_count,96
183,edge_count,96
184,edge_count,96
185,edge_count,96
186,edge_count,96
187,edge_count,96
188,edge_count,96
189,edge_count,96
190,edge_count,96
191,edge_count,96
192,edge_count,96
193,edge_count,96
194,edge_count,96
195,edge_count,96
196,edge_count,96
197,edge_count,96
198,edge_count,96
199,edge_count,96
200,edge_count,96
201,edge_count,96
202,edge_count,96
203,edge_count,96
204,edge_count,96
205,edge_count,96
206,edge_count,96
207,edge_count,96
208,edge_count,96
209,edge_count,96
210,edge_count,96
211,edge_count,96
212,edge_count,96
213,edge_count,96
214,edge_count,96
215,edge_count,96
216,edge_count,96
217,edge_count,96
218,edge_count,96
219,edge_count,96
220,edge_count,96
221,edge_count,96
222,edge_count,96
223,edge_count,96
224,edge_count,96
225,edge_count,96
226,edge_count,96
227,edge_count,96
228,edge_count,96
229,edge_count,96
230,edge_count,96
231,edge_count,96
232,edge_count,96
233,edge_count,96
234,edge_count,96
235,edge_count,96
236,edge_count,96
237,edge_count,96
238,edge_count,96
239,edge_count,96
240,edge_count,96
241,edge_count,96
242,edge_count,96
243,edge_count,96
244,edge_count,96
245,edge_count,96
246,edge_count,96
247,edge_count,96
248,edge_count,96
249,edge_count,96
250,edge_count,96
251,edge_count,96
252,edge_count,96
253,edge_count,96
254,edge_count,96
255,edge_count,96
256,edge_count,96
257,edge_count,96
258,edge_count,96
259,edge_count,96
260,edge_count,96
261,edge_count,96
262,edge_count,96
263,edge_count,96
264,edge_count,96
265,edge_count,96
266,edge_count,96
267,edge_count,96
268,edge_count,96
269,edge_count,96
270,edge_count,96
271,edge_count,96
272,edge_count,96
273,edge_count,96
274,edge_count,96
275,edge_count,96
276,edge_count,96
277,edge_count,96
278,edge_count,96
279,edge_count,96
280,edge_count,96
281,edge_count,96
282,edge_count,96
283,edge_count,96
284,edge_count,96
285,edge_count,96
286,edge_count,96
287,edge_count,96
288,edge_count,96
289,edge_count,96
290,edge_count,96
291,edge_count,96
292,edge_count,96
293,edge_count,96
294,edge_count,96
295,edge_count,96
296,edge_count,96
297,edge_count,96
298,edge_count,96
299,edge_count,96
300,edge_count,96
301,edge_count,96
302,edge_count,96
303,edge_count,96
304,edge_count,96
305,edge_count,96
306,edge_count,96
307,edge_count,96
308,edge_count,96
309,edge_count,96
310,edge_count,96
311,edge_count,96
312,edge_count,96
313,edge_count,96
314,edge_count,96
315,edge_count,96
316,edge_count,96
317,edge_count,96
318,edge_count,96
319,edge_count,96
320,edge_count,96
321,edge_count,96
322,edge_count,96
323,edge_count,96
324,edge_count,96
325,edge_count,96
326,edge_count,96
327,edge_count,96
328,edge_count,96
329,edge_count,96
330,edge_count,96
331,edge_count,96
332,edge_count,96
333,edge_count,96
334,edge_count,96
335,edge_count,96
336,edge_count,96
337,edge_count,96
338,edge_count,96
339,edge_count,96
340,edge_count,96
341,edge_count,96
342,edge_count,96
343,edge_count,96
344,edge_count,96
345,edge_count,96
346,edge_count,96
347,edge_count,96
348,edge_count,96
349,edge_count,96
350,edge_count,96
351,edge_count,96
352,edge_count,96
353,edge_count,96
354,edge_count,96
355,edge_count,96
356,edge_count,96
357,edge_count,96
358,edge_count,96
359,edge_count,96
360,edge_count,96
361,edge_count,96
362,edge_count,96
363,edge_count,96
364,edge_count,96
365,edge_count,96
366,edge_count,96
367,edge_count,96
368,edge_count,96
369,edge_count,96
370,edge_count,96
371,edge_count,96
372,edge_count,96
373,edge_count,96
374,edge_count,96
375,edge_count,96
376,edge_count,96
377,edge_count,96
378,edge_count,96
379,edge_count,96
380,edge_count,96
381,edge_count,96
382,edge_count,96
383,edge_count,96
384,edge_count,96
385,edge_count,96
386,edge_count,96
387,edge_count,96
388,edge_count,96
389,edge_count,96
390,edge_count,96
391,edge_count,96
392,edge_count,96
393,edge_count,96
394,edge_count,96
395,edge_count,96
396,edge_count,96
397,edge_count,96
398,edge_count,96
399,edge_count,96
400,edge_count,96
401,edge_count,96
402,edge_count,96
403,edge_count,96
404,edge_count,96
405,edge_count,96
406,edge_count,96
407,edge_count,96
408,edge_count,96
409,edge_count,96
410,edge_count,96
411,edge_count,96
412,edge_count,96
413,edge_count,96
414,edge_count,96
415,edge_count,96
416,edge_count,96
417,edge_count,96
418,edge_count,96
419,edge_count,96
420,edge_count,96
421,edge_count,96
422,edge_count,96
423,edge_count,96
424,edge_count,96
425,edge_count,96
426,edge_count,96
427,edge_count,96
428,edge_count,96
429,edge_count,96
430,edge_count,96
431,edge_count,96
432,edge_count,96
433,edge_count,96
434,edge_count,96
435,edge_count,96
436,edge_count,96
437,edge_count,96
438,edge_count,96
439,edge_count,96
440,edge_count,96
441,edge_count,96
442,edge_count,96
443,edge_count,96
444,edge_count,96
445,edge_count,96
446,edge_count,96
447,edge_count,96
448,edge_count,96
449,edge_count,96
450,edge_count,96
451,edge_count,96
452,edge_count,96
453,edge_count,96
454,edge_count,96
455,edge_count,96
456,edge_count,96
457,edge_count,96
458,edge_count,96
459,edge_count,96
460,edge_count,96
461,edge_count,96
462,edge_count,96
463,edge_count,96
464,edge_count,96
465,edge_count,96
466,edge_count,96
467,edge_count,96
468,edge_count,96
469,edge_count,96
470,edge_count,96
471,edge_count,96
472,edge_count,96
473,edge_count,96
474,edge_count,96
475,edge_count,96
476,edge_count,96
477,edge_count,96
478,edge_count,96
479,edge_count,96
480,edge_count,96
481,edge_count,96
482,edge_count,96
483,edge_count,96
484,edge_count,96
485,edge_count,96
486,edge_count,96
487,edge_count,96
488,edge_count,96
489,edge_count,96
490,edge_count,96
491,edge_count,96
492,edge_count,96
493,edge_count,96
494,edge_count,96
495,edge_count,96
496,edge_count,96
497,edge_count,96
498,edge_count,96
499,edge_count,96
500,edge_count,96
501,edge_count,96
502,edge_count,96
503,edge_count,96
504,edge_count,96
505,edge_count,96
506,edge_count,96
507,edge_count,96
508,edge_count,96
509,edge_count,96
510,edge_count,96
511,edge_count,96
512,edge_count,96
513,edge_count,96
514,edge_count,96
515,edge_count,96
516,edge_count,96
517,edge_count,96
518,edge_count,96
519,edge_count,96
520,edge_count,96
521,edge_count,96
522,edge_count,96
523,edge_count,96
524,edge_count,96
525,edge_count,96
526,edge_count,96
527,edge_count,96
528,edge_count,96
529,edge_count,96
530,edge_count,96
531,edge_count,96
532,edge_count,96
533,edge_count,96
534,edge_count,96
535,edge_count,96
536,edge_count,96
537,edge_count,96
538,edge_count,96
539,edge_count,96
540,edge_count,96
541,edge_count,96
542,edge_count,96
543,edge_count,96
544,edge_count,96
545,edge_count,96
546,edge_count,96
547,edge_count,96
548,edge_count,96
549,edge_count,96
550,edge_count,96
551,edge_count,96
552,edge_count,96
553,edge_count,96
554,edge_count,96
555,edge_count,96
556,edge_count,96
557,edge_count,96
558,edge_count,96
559,edge_count,96
560,edge_count,96
561,edge_count,96
562,edge_count,96
563,edge_count,96
564,edge_count,96
565,edge_count,96
566,edge_count,96
567,edge_count,96
568,edge_count,96
569,edge_count,96
570,edge_count,96
571,edge_count,96
572,edge_count,96
573,edge_count,96
574,edge_count,96
575,edge_count,96
576,edge_count,96
577,edge_count,96
578,edge_count,96
579,edge_count,96
580,edge_count,96
581,edge_count,96
582,edge_count,96
583,edge_count,96
584,edge_count,96
585,edge_count,96
586,edge_count,96
587,edge_count,96
588,edge_count,96
589,edge_count,96
590,edge_count,96
591,edge_count,96
592,edge_count,96
593,edge_count,96
594,edge_count,96
595,edge_count,96
596,edge_count,96
597,edge_count,96
598,edge_count,96
599,edge_count,96
600,edge_count,96
601,edge_count,96
602,edge_count,96
603,edge_count,96
604,edge_count,96
605,edge_count,96
606,edge_count,96
607,edge_count,96
608,edge_count,96
609,edge_count,96
610,edge_count,96
611,edge_count,96
612,edge_count,96
613,edge_count,96
614,edge_count,96
615,edge_count,96
616,edge_count,96
617,edge_count,96
618,edge_count,96
619,edge_count,96
620,edge_count,96
621,edge_count,96
622,edge_count,96
623,edge_count,96
624,edge_count,96
625,edge_count,96
626,edge_count,96
627,edge_count,96
628,edge_count,96
629,edge_count,96
630,edge_count,96
631,edge_count,96
632,edge_count,96
633,edge_count,96
634,edge_count,96
635,edge_count,96
636,edge_count,96
637,edge_count,96
638,edge_count,96
639,edge_count,96
640,edge_count,96
641,edge_count,96
642,edge_count,96
643,edge_count,96
644,edge_count,96
645,edge_count,96
646,edge_count,96
647,edge_count,96
648,edge_count,96
649,edge_count,96
650,edge_count,96
651,edge_count,96
652,edge_count,96
653,edge_count,96
654,edge_count,96
655,edge_count,96
656,edge_count,96
657,edge_count,96
658,edge_count,96
659,edge_count,96
660,edge_count,96
661,edge_count,96
662,edge_count,96
663,edge_count,96
664,edge_count,96
665,edge_count,96
666,edge_count,96
667,edge_count,96
668,edge_count,96
669,edge_count,96
670,edge_count,96
671,edge_count,96
672,edge_count,96
673,edge_count,96
674,edge_count,96
675,edge_count,96
676,edge_count,96
677,edge_count,96
678,edge_count,96
679,edge_count,96
680,edge_count,96
681,edge_count,96
682,edge_count,96
683,edge_count,96
684,edge_count,96
685,edge_count,96
686,edge_count,96
687,edge_count,96
688,edge_count,96
689,edge_count,96
690,edge_count,96
691,edge_count,96
692,edge_count,96
693,edge_count,96
694,edge_count,96
695,edge_count,96
696,edge_count,96
697,edge_count,96
698,edge_count,96
699,edge_count,96
700,edge_count,96
701,edge_count,96
702,edge_count,96
703,edge_count,96
704,edge_count,96
705,edge_count,96
706,edge_count,96
707,edge_count,96
708,edge_count,96
709,edge_count,96
710,edge_count,96
711,edge_count,96
712,edge_count,96
713,edge_count,96
714,edge_count,96
715,edge_count,96
716,edge_count,96
717,edge_count,96
718,edge_count,96
719,edge_count,96
720,edge_count,96
721,edge_count,96
722,edge_count,96
723,edge_count,96
724,edge_count,96
725,edge_count,96
726,edge_count,96
727,edge_count,96
728,edge_count,96
729,edge_count,96
730,edge_count,96
731,edge_count,96
732,edge_count,96
733,edge_count,96
734,edge_count,96
735,edge_count,96
736,edge_count,96
737,edge_count,96
738,edge_count,96
739,edge_count,96
740,edge_count,96
741,edge_count,96
742,edge_count,96
743,edge_count,96
744,edge_count,96
745,edge_count,96
746,edge_count,96
747,edge_count,96
748,edge_count,96
749,edge_count,96
750,edge_count,96
751,edge_count,96
752,edge_count,96
753,edge_count,96
754,edge_count,96
755,edge_count,96
756,edge_count,96
757,edge_count,96
758,edge_count,96
759,edge_count,96
760,edge_count,96
761,edge_count,96
762,edge_count,96
763,edge_count,96
764,edge_count,96
765,edge_count,96
766,edge_count,96
767,edge_count,96
768,edge_count,96
769,edge_count,96
770,edge_count,96
771,edge_count,96
772,edge_count,96
773,edge_count,96
774,edge_count,96
775,edge_count,96
776,edge_count,96
777,edge_count,96
778,edge_count,96
779,edge_count,96
780,edge_count,96
781,edge_count,96
782,edge_count,96
783,edge_count,96
784,edge_count,96
785,edge_count,96
786,edge_count,96
787,edge_count,96
788,edge_count,96
789,edge_count,96
790,edge_count,96
791,edge_count,96
792,edge_count,96
793,edge_count,96
794,edge_count,96
795,edge_count,96
796,edge_count,96
797,edge_count,96
798,edge_count,96
799,edge_count,96
800,edge_count,96
801,edge_count,96
802,edge_count,96
803,edge_count,96
804,edge_count,96
805,edge_count,96
806,edge_count,96
807,edge_count,96
808,edge_count,96
809,edge_count,96
810,edge_count,96
811,edge_count,96
812,edge_count,96
813,edge_count,96
814,edge_count,96
815,edge_count,96
816,edge_count,96
817,edge_count,96
818,edge_count,96
819,edge_count,96
820,edge_count,96
821,edge_count,96
822,edge_count,96
823,edge_count,96
824,edge_count,96
825,edge_count,96
826,edge_count,96
827,edge_count,96
828,edge_count,96
829,edge_count,96
830,edge_count,96
831,edge_count,96
832,edge_count,96
833,edge_count,96
834,edge_count,96
835,edge_count,96
836,edge_count,96
837,edge_count,96
838,edge_count,96
839,edge_count,96
840,edge_count,96
841,edge_count,96
842,edge_count,96
843,edge_count,96
844,edge_count,96
845,edge_count,96
846,edge_count,96
847,edge_count,96
848,edge_count,96
849,edge_count,96
850,edge_count,96
851,edge_count,96
852,edge_count,96
853,edge_count,96
854,edge_count,96
855,edge_count,96
856,edge_count,96
857,edge_count,96
858,edge_count,96
859,edge_count,96
860,edge_count,96
861,edge_count,96
862,edge_count,96
863,edge_count,96
864,edge_count,96
865,edge_count,96
866,edge_count,96
867,edge_count,96
868,edge_count,96
869,edge_count,96
870,edge_count,96
871,edge_count,96
872,edge_count,96
873,edge_count,96
874,edge_count,96
875,edge_count,96
876,edge_count,96
877,edge_count,96
878,edge_count,96
879,edge_count,96
880,edge_count,96
881,edge_count,96
882,edge_count,96
883,edge_count,96
884,edge_count,96
885,edge_count,96
886,edge_count,96
887,edge_count,96
888,edge_count,96
889,edge_count,96
890,edge_count,96
891,edge_count,96
892,edge_count,96
893,edge_count,96
894,edge_count,96
895,edge_count,96
896,edge_count,96
897,edge_count,96
898,edge_count,96
899,edge_count,96
900,edge_count,96
901,edge_count,96
902,edge_count,96
903,edge_count,96
904,edge_count,96
905,edge_count,96
906,edge_count,96
907,edge_count,96
908,edge_count,96
909,edge_count,96
910,edge_count,96
911,edge_count,96
912,edge_count,96
913,edge_count,96
914,edge_count,96
915,edge_count,96
916,edge_count,96
917,edge_count,96
918,edge_count,96
919,edge_count,96
920,edge_count,96
921,edge_count,96
922,edge_count,96
923,edge_count,96
924,edge_count,96
925,edge_count,96
926,edge_count,96
927,edge_count,96
928,edge_count,96
929,edge_count,96
930,edge_count,96
931,edge_count,96
932,edge_count,96
933,edge_count,96
934,edge_count,96
935,edge_count,96
936,edge_count,96
937,edge_count,96
938,edge_count,96
939,edge_count,96
940,edge_count,96
941,edge_count,96
942,edge_count,96
943,edge_count,96
944,edge_count,96
945,edge_count,96
946,edge_count,96
947,edge_count,96
948,edge_count,96
949,edge_count,96
950,edge_count,96
951,edge_count,96
952,edge_count,96
953,edge_count,96
954,edge_count,96
955,edge_count,96
956,edge_count,96
957,edge_count,96
958,edge_count,96
959,edge_count,96
960,edge_count,96
961,edge_count,96
962,edge_count,96
963,edge_count,96
964,edge_count,96
965,edge_count,96
966,edge_count,96
967,edge_count,96
968,edge_count,96
969,edge_count,96
970,edge_count,96
971,edge_count,96
972,edge_count,96
973,edge_count,96
974,edge_count,96
975,edge_count,96
976,edge_count,96
977,edge_count,96
978,edge_count,96
979,edge_count,96
980,edge_count,96
981,edge_count,96
982,edge_count,96
983,edge_count,96
984,edge_count,96
985,edge_count,96
986,edge_count,96
987,edge_count,96
988,edge_count,96
989,edge_count,96
990,edge_count,96
991,edge_count,96
992,edge_count,96
993,edge_count,96
994,edge_count,96
995,edge_count,96
996,edge_count,96
997,edge_count,96
998,edge_count,96
999,edge_count,96
1000,edge_count,96
1001,edge_count,96
1002,edge_count,96
1003,edge_count,96
1004,edge_count,96
1005,edge_count,96
1006,edge_count,96
1007,edge_count,96
1008,edge_count,96
1009,edge_count,96
1010,edge_count,96
1011,edge_count,96
1012,edge_count,96
1013,edge_count,96
1014,edge_count,96
1015,edge_count,96
1016,edge_count,96
1017,edge_count,96
1018,edge_count,96
1019,edge_count,96
1020,edge_count,96
1021,edge_count,96
1022,edge_count,96
1023,edge_count,96
1024,edge_count,96
1025,edge_count,96
1026,edge_count,96
1027,edge_count,96
1028,edge_count,96
1029,edge_count,96
1030,edge_count,96
1031,edge_count,96
1032,edge_count,96
1033,edge_count,96
1034,edge_count,96
1035,edge_count,96
1036,edge_count,96
1037,edge_count,96
1038,edge_count,96
1039,edge_count,96
1040,edge_count,96
1041,edge_count,96
1042,edge_count,96
1043,edge_count,96
1044,edge_count,96
1045,edge_count,96
1046,edge_count,96
1047,edge_count,96
1048,edge_count,96
1049,edge_count,96
1050,edge_count,96
1051,edge_count,96
1052,edge_count,96
1053,edge_count,96
1054,edge_count,96
1055,edge_count,96
1056,edge_count,96
1057,edge_count,96
1058,edge_count,96
1059,edge_count,96
1060,edge_count,96
1061,edge_count,96
1062,edge_count,96
1063,edge_count,96
1064,edge_count,96
1065,edge_count,96
1066,edge_count,96
1067,edge_count,96
1068,edge_count,96
1069,edge_count,96
1070,edge_count,96
1071,edge_count,96
1072,edge_count,96
1073,edge_count,96
1074,edge_count,96
1075,edge_count,96
1076,edge_count,96
1077,edge_count,96
1078,edge_count,96
1079,edge_count,96
1080,edge_count,96
1081,edge_count,96
1082,edge_count,96
1083,edge_count,96
1084,edge_count,96
1085,edge_count,96
1086,edge_count,96
1087,edge_count,96
1088,edge_count,96
1089,edge_count,96
1090,edge_count,96
1091,edge_count,96
1092,edge_count,96
1093,edge_count,96
1094,edge_count,96
1095,edge_count,96
1096,edge_count,96
1097,edge_count,96
1098,edge_count,96
1099,edge_count,96
1100,edge_count,96
1101,edge_count,96
1102,edge_count,96
1103,edge_count,96
1104,edge_count,96
1105,edge_count,96
1106,edge_count,96
1107,edge_count,96
1108,edge_count,96
1109,edge_count,96
1110,edge_count,96
1111,edge_count,96
1112,edge_count,96
1113,edge_count,96
1114,edge_count,96
1115,edge_count,96
1116,edge_count,96
1117,edge_count,96
1118,edge_count,96
1119,edge_count,96
1120,edge_count,96
1121,edge_count,96
1122,edge_count,96
1123,edge_count,96
1124,edge_count,96
1125,edge_count,96
1126,edge_count,96
1127,edge_count,96
1128,edge_count,96
1129,edge_count,96
1130,edge_count,96
1131,edge_count,96
1132,edge_count,96
1133,edge_count,96
1134,edge_count,96
1135,edge_count,96
1136,edge_count,96
1137,edge_count,96
1138,edge_count,96
1139,edge_count,96
1140,edge_count,96
1141,edge_count,96
1142,edge_count,96
1143,edge_count,96
1144,edge_count,96
1145,edge_count,96
1146,edge_count,96
1147,edge_count,96
1148,edge_count,96
1149,edge_count,96
1150,edge_count,96
1151,edge_count,96
1152,edge_count,96
1153,edge_count,96
1154,edge_count,96
1155,edge_count,96
1156,edge_count,96
1157,edge_count,96
1158,edge_count,96
1159,edge_count,96
1160,edge_count,96
1161,edge_count,96
1162,edge_count,96
1163,edge_count,96
1164,edge_count,96
1165,edge_count,96
1166,edge_count,96
1167,edge_count,96
1168,edge_count,96
1169,edge_count,96
1170,edge_count,96
1171,edge_count,96
1172,edge_count,96
1173,edge_count,96
1174,edge_count,96
1175,edge_count,96
1176,edge_count,96
1177,edge_count,96
1178,edge_count,96
1179,edge_count,96
1180,edge_count,96
1181,edge_count,96
1182,edge_count,96
1183,edge_count,96
1184,edge_count,96
1185,edge_count,96
1186,edge_count,96
1187,edge_count,96
1188,edge_count,96
1189,edge_count,96
1190,edge_count,96
1191,edge_count,96
1192,edge_count,96
1193,edge_count,96
1194,edge_count,96
1195,edge_count,96
1196,edge_count,96
1197,edge_count,96
1198,edge_count,96
1199,edge_count,96
1200,edge_count,96
1201,edge_count,96
1202,edge_count,96
1203,edge_count,96
1204,edge_count,96
1205,edge_count,96
1206,edge_count,96
1207,edge_count,96
1208,edge_count,96
1209,edge_count,96
1210,edge_count,96
1211,edge_count,96
1212,edge_count,96
1213,edge_count,96
1214,edge_count,96
1215,edge_count,96
1216,edge_count,96
1217,edge_count,96
1218,edge_count,96
1219,edge_count,96
1220,edge_count,96
1221,edge_count,96
1222,edge_count,96
1223,edge_count,96
1224,edge_count,96
1225,edge_count,96
1226,edge_count,96
1227,edge_count,96
1228,edge_count,96
1229,edge_count,96
1230,edge_count,96
1231,edge_count,96
1232,edge_count,96
1233,edge_count,96
1234,edge_count,96
1235,edge_count,96
1236,edge_count,96
1237,edge_count,96
1238,edge_count,96
1239,edge_count,96
1240,edge_count,96
1241,edge_count,96
1242,edge_count,96
1243,edge_count,96
1244,edge_count,96
1245,edge_count,96
1246,edge_count,96
1247,edge_count,96
1248,edge_count,96
1249,edge_count,96
1250,edge_count,96
1251,edge_count,96
1252,edge_count,96
1253,edge_count,96
1254,edge_count,96
1255,edge_count,96
1256,edge_count,96
1257,edge_count,96
1258,edge_count,96
1259,edge_count,96
1260,edge_count,96
1261,edge_count,96
1262,edge_count,96
1263,edge_count,96
1264,edge_count,96
1265,edge_count,96
1266,edge_count,96
1267,edge_count,96
1268,edge_count,96
1269,edge_count,96
1270,edge_count,96
1271,edge_count,96
1272,edge_count,96
1273,edge_count,96
1274,edge_count,96
1275,edge_count,96
1276,edge_count,96
1277,edge_count,96
1278,edge_count,96
1279,edge_count,96
1280,edge_count,96
1281,edge_count,96
1282,edge_count,96
1283,edge_count,96
1284,edge_count,96
1285,edge_count,96
1286,edge_count,96
1287,edge_count,96
1288,edge_count,96
1289,edge_count,96
1290,edge_count,96
1291,edge_count,96
1292,edge_count,96
1293,edge_count,96
1294,edge_count,96
1295,edge_count,96
1296,edge_count,96
1297,edge_count,96
1298,edge_count,96
1299,edge_count,96
1300,edge_count,96
1301,edge_count,96
1302,edge_count,96
1303,edge_count,96
1304,edge_count,96
1305,edge_count,96
1306,edge_count,96
1307,edge_count,96
1308,edge_count,96
1309,edge_count,96
1310,edge_count,96
1311,edge_count,96
1312,edge_count,96
1313,edge_count,96
1314,edge_count,96
1315,edge_count,96
1316,edge_count,96
1317,edge_count,96
1318,edge_count,96
1319,edge_count,96
1320,edge_count,96
1321,edge_count,96
1322,edge_count,96
1323,edge_count,96
1324,edge_count,96
1325,edge_count,96
1326,edge_count,96
1327,edge_count,96
1328,edge_count,96
1329,edge_count,96
1330,edge_count,96
1331,edge_count,96
1332,edge_count,96
1333,edge_count,96
1334,edge_count,96
1335,edge_count,96
1336,edge_count,96
1337,edge_count,96
1338,edge_count,96
1339,edge_count,96
1340,edge_count,96
1341,edge_count,96
1342,edge_count,96
1343,edge_count,96
1344,edge_count,96
1345,edge_count,96
1346,edge_count,96
1347,edge_count,96
1348,edge_count,96
1349,edge_count,96
1350,edge_count,96
1351,edge_count,96
1352,edge_count,96
1353,edge_count,96
1354,edge_count,96
1355,edge_count,96
1356,edge_count,96
1357,edge_count,96
1358,edge_count,96
1359,edge_count,96
1360,edge_count,96
1361,edge_count,96
1362,edge_count,96
1363,edge_count,96
1364,edge_count,96
1365,edge_count,96
1366,edge_count,96
1367,edge_count,96
1368,edge_count,96
1369,edge_count,96
1370,edge_count,96
1371,edge_count,96
1372,edge_count,96
1373,edge_count,96
1374,edge_count,96
1375,edge_count,96
1376,edge_count,96
1377,edge_count,96
1378,edge_count,96
1379,edge_count,96
1380,edge_count,96
1381,edge_count,96
1382,edge_count,96
1383,edge_count,96
1384,edge_count,96
1385,edge_count,96
1386,edge_count,96
1387,edge_count,96
1388,edge_count,96
1389,edge_count,96
1390,edge_count,96
1391,edge_count,96
1392,edge_count,96
1393,edge_count,96
1394,edge_count,96
1395,edge_count,96
1396,edge_count,96
1397,edge_count,96
1398,edge_count,96
1399,edge_count,96
1400,edge_count,96
1401,edge_count,96
1402,edge_count,96
1403,edge_count,96
1404,edge_count,96
1405,edge_count,96
1406,edge_count,96
1407,edge_count,96
1408,edge_count,96
1409,edge_count,96
1410,edge_count,96
1411,edge_count,96
1412,edge_count,96
1413,edge_count,96
1414,edge_count,96
1415,edge_count,96
1416,edge_count,96
1417,edge_count,96
1418,edge_count,96
1419,edge_count,96
1420,edge_count,96
1421,edge_count,96
1422,edge_count,96
1423,edge_count,96
1424,edge_count,96
1425,edge_count,96
1426,edge_count,96
1427,edge_count,96
1428,edge_count,96
1429,edge_count,96
1430,edge_count,96
1431,edge_count,96
1432,edge_count,96
1433,edge_count,96
1434,edge_count,96
1435,edge_count,96
1436,edge_count,96
1437,edge_count,96
1438,edge_count,96
1439,edge_count,96
1440,edge_count,96
1441,edge_count,96
1442,edge_count,96
1443,edge_count,96
1444,edge_count,96
1445,edge_count,96
1446,edge_count,96
1447,edge_count,96
1448,edge_count,96
1449,edge_count,96
1450,edge_count,96
1451,edge_count,96
1452,edge_count,96
1453,edge_count,96
1454,edge_count,96
1455,edge_count,96
1456,edge_count,96
1457,edge_count,96
1458,edge_count,96
1459,edge_count,96
1460,edge_count,96
1461,edge_count,96
1462,edge_count,96
1463,edge_count,96
1464,edge_count,96
1465,edge_count,96
1466,edge_count,96
1467,edge_count,96
1468,edge_count,96
1469,edge_count,96
1470,edge_count,96
1471,edge_count,96
1472,edge_count,96
1473,edge_count,96
1474,edge_count,96
1475,edge_count,96
1476,edge_count,96
1477,edge_count,96
1478,edge_count,96
1479,edge_count,96
1480,edge_count,96
1481,edge_count,96
1482,edge_count,96
1483,edge_count,96
1484,edge_count,96
1485,edge_count,96
1486,edge_count,96
1487,edge_count,96
1488,edge_count,96
1489,edge_count,96
1490,edge_count,96
1491,edge_count,96
1492,edge_count,96
1493,edge_count,96
1494,edge_count,96
1495,edge_count,96
1496,edge_count,96
1497,edge_count,96
1498,edge_count,96
1499,edge_count,96
1500,edge_count,96
1501,edge_count,96
1502,edge_count,96
1503,edge_count,96
1504,edge_count,96
1505,edge_count,96
1506,edge_count,96
1507,edge_count,96
1508,edge_count,96
1509,edge_count,96
1510,edge_count,96
1511,edge_count,96
1512,edge_count,96
1513,edge_count,96
1514,edge_count,96
1515,edge_count,96
1516,edge_count,96
1517,edge_count,96
1518,edge_count,96
1519,edge_count,96
1520,edge_count,96
1521,edge_count,96
1522,edge_count,96
1523,edge_count,96
1524,edge_count,96
1525,edge_count,96
1526,edge_count,96
1527,edge_count,96
1528,edge_count,96
1529,edge_count,96
1530,edge_count,96
1531,edge_count,96
1532,edge_count,96
1533,edge_count,96
1534,edge_count,96
1535,edge_count,96
1536,edge_count,96
1537,edge_count,96
1538,edge_count,96
1539,edge_count,96
1540,edge_count,96
1541,edge_count,96
1542,edge_count,96
1543,edge_count,96
1544,edge_count,96
1545,edge_count,96
1546,edge_count,96
1547,edge_count,96
1548,edge_count,96
1549,edge_count,96
1550,edge_count,96
1551,edge_count,96
1552,edge_count,96
1553,edge_count,96
1554,edge_count,96
1555,edge_count,96
1556,edge_count,96
1557,edge_count,96
1558,edge_count,96
1559,edge_count,96
1560,edge_count,96
1561,edge_count,96
1562,edge_count,96
1563,edge_count,96
1564,edge_count,96
1565,edge_count,96
1566,edge_count,96
1567,edge_count,96
1568,edge_count,96
1569,edge_count,96
1570,edge_count,96
1571,edge_count,96
1572,edge_count,96
1573,edge_count,96
1574,edge_count,96
1575,edge_count,96
1576,edge_count,96
1577,edge_count,96
1578,edge_count,96
1579,edge_count,96
1580,edge_count,96
1581,edge_count,96
1582,edge_count,96
1583,edge_count,96
1584,edge_count,96
1585,edge_count,96
1586,edge_count,96
1587,edge_count,96
1588,edge_count,96
1589,edge_count,96
1590,edge_count,96
1591,edge_count,96
1592,edge_count,96
1593,edge_count,96
1594,edge_count,96
1595,edge_count,96
1596,edge_count,96
1597,edge_count,96
1598,edge_count,96
1599,edge_count,96
1600,edge_count,96
1601,edge_count,96
1602,edge_count,96
1603,edge_count,96
1604,edge_count,96
1605,edge_count,96
1606,edge_count,96
1607,edge_count,96
1608,edge_count,96
1609,edge_count,96
1610,edge_count,96
1611,edge_count,96
1612,edge_count,96
1613,edge_count,96
1614,edge_count,96
1615,edge_count,96
1616,edge_count,96
1617,edge_count,96
1618,edge_count,96
1619,edge_count,96
1620,edge_count,96
1621,edge_count,96
1622,edge_count,96
1623,edge_count,96
1624,edge_count,96
1625,edge_count,96
1626,edge_count,96
1627,edge_count,96
1628,edge_count,96
1629,edge_count,96
1630,edge_count,96
1631,edge_count,96
1632,edge_count,96
1633,edge_count,96
1634,edge_count,96
1635,edge_count,96
1636,edge_count,96
1637,edge_count,96
1638,edge_count,96
1639,edge_count,96
1640,edge_count,96
1641,edge_count,96
1642,edge_count,96
1643,edge_count,96
1644,edge_count,96
1645,edge_count,96
1646,edge_count,96
1647,edge_count,96
1648,edge_count,96
1649,edge_count,96
1650,edge_count,96
1651,edge_count,96
1652,edge_count,96
1653,edge_count,96
1654,edge_count,96
1655,edge_count,96
1656,edge_count,96
1657,edge_count,96
1658,edge_count,96
1659,edge_count,96
1660,edge_count,96
1661,edge_count,96
1662,edge_count,96
1663,edge_count,96
1664,edge_count,96
1665,edge_count,96
1666,edge_count,96
1667,edge_count,96
1668,edge_count,96
1669,edge_count,96
1670,edge_count,96
1671,edge_count,96
1672,edge_count,96
1673,edge_count,96
1674,edge_count,96
1675,edge_count,96
1676,edge_count,96
1677,edge_count,96
1678,edge_count,96
1679,edge_count,96
1680,edge_count,96
1681,edge_count,96
1682,edge_count,96
1683,edge_count,96
1684,edge_count,96
1685,edge_count,96
1686,edge_count,96
1687,edge_count,96
1688,edge_count,96
1689,edge_count,96
1690,edge_count,96
1691,edge_count,96
1692,edge_count,96
1693,edge_count,96
1694,edge_count,96
1695,edge_count,96
1696,edge_count,96
1697,edge_count,96
1698,edge_count,96
1699,edge_count,96
1700,edge_count,96
1701,edge_count,96
1702,edge_count,96
1703,edge_count,96
1704,edge_count,96
1705,edge_count,96
1706,edge_count,96
1707,edge_count,96
1708,edge_count,96
1709,edge_count,96
1710,edge_count,96
1711,edge_count,96
1712,edge_count,96
1713,edge_count,96
1714,edge_count,96
1715,edge_count,96
1716,edge_count,96
1717,edge_count,96
1718,edge_count,96
1719,edge_count,96
1720,edge_count,96
1721,edge_count,96
1722,edge_count,96
1723,edge_count,96
1724,edge_count,96
1725,edge_count,96
1726,edge_count,96
1727,edge_count,96
1728,edge_count,96
1729,edge_count,96
1730,edge_count,96
1731,edge_count,96
1732,edge_count,96
1733,edge_count,96
1734,edge_count,96
1735,edge_count,96
1736,edge_count,96
1737,edge_count,96
1738,edge_count,96
1739,edge_count,96
1740,edge_count,96
1741,edge_count,96
1742,edge_count,96
1743,edge_count,96
1744,edge_count,96
1745,edge_count,96
1746,edge_count,96
1747,edge_count,96
1748,edge_count,96
1749,edge_count,96
1750,edge_count,96
1751,edge_count,96
1752,edge_count,96
1753,edge_count,96
1754,edge_count,96
1755,edge_count,96
1756,edge_count,96
1757,edge_count,96
1758,edge_count,96
1759,edge_count,96
1760,edge_count,96
1761,edge_count,96
1762,edge_count,96
1763,edge_count,96
1764,edge_count,96
1765,edge_count,96
1766,edge_count,96
1767,edge_count,96
1768,edge_count,96
1769,edge_count,96
1770,edge_count,96
1771,edge_count,96
1772,edge_count,96
1773,edge_count,96
1774,edge_count,96
1775,edge_count,96
1776,edge_count,96
1777,edge_count,96
1778,edge_count,96
1779,edge_count,96
1780,edge_count,96
1781,edge_count,96
1782,edge_count,96
1783,edge_count,96
1784,edge_count,96
1785,edge_count,96
1786,edge_count,96
1787,edge_count,96
1788,edge_count,96
1789,edge_count,96
1790,edge_count,96
1791,edge_count,96
1792,edge_count,96
1793,edge_count,96
1794,edge_count,96
1795,edge_count,96
1796,edge_count,96
1797,edge_count,96
1798,edge_count,96
1799,edge_count,96
1800,edge_count,96
1801,edge_count,96
1802,edge_count,96
1803,edge_count,96
1804,edge_count,96
1805,edge_count,96
1806,edge_count,96
1807,edge_count,96
1808,edge_count,96
1809,edge_count,96
1810,edge_count,96
1811,edge_count,96
1812,edge_count,96
1813,edge_count,96
1814,edge_count,96
1815,edge_count,96
1816,edge_count,96
1817,edge_count,96
1818,edge_count,96
1819,edge_count,96
1820,edge_count,96
1821,edge_count,96
1822,edge_count,96
1823,edge_count,96
1824,edge_count,96
1825,edge_count,96
1826,edge_count,96
1827,edge_count,96
1828,edge_count,96
1829,edge_count,96
1830,edge_count,96
1831,edge_count,96
1832,edge_count,96
1833,edge_count,96
1834,edge_count,96
1835,edge_count,96
1836,edge_count,96
1837,edge_count,96
1838,edge_count,96
1839,edge_count,96
1840,edge_count,96
1841,edge_count,96
1842,edge_count,96
1843,edge_count,96
1844,edge_count,96
1845,edge_count,96
1846,edge_count,96
1847,edge_count,96
1848,edge_count,96
1849,edge_count,96
1850,edge_count,96
1851,edge_count,96
1852,edge_count,96
1853,edge_count,96
1854,edge_count,96
1855,edge_count,96
1856,edge_count,96
1857,edge_count,96
1858,edge_count,96
1859,edge_count,96
1860,edge_count,96
1861,edge_count,96
1862,edge_count,96
1863,edge_count,96
1864,edge_count,96
1865,edge_count,96
1866,edge_count,96
1867,edge_count,96
1868,edge_count,96
1869,edge_count,96
1870,edge_count,96
1871,edge_count,96
1872,edge_count,96
1873,edge_count,96
1874,edge_count,96
1875,edge_count,96
1876,edge_count,96
1877,edge_count,96
1878,edge_count,96
1879,edge_count,96
1880,edge_count,96
1881,edge_count,96
1882,edge_count,96
1883,edge_count,96
1884,edge_count,96
1885,edge_count,96
1886,edge_count,96
1887,edge_count,96
1888,edge_count,96
1889,edge_count,96
1890,edge_count,96
1891,edge_count,96
1892,edge_count,96
1893,edge_count,96
1894,edge_count,96
1895,edge_count,96
1896,edge_count,96
1897,edge_count,96
1898,edge_count,96
1899,edge_count,96
1900,edge_count,96
1901,edge_count,96
1902,edge_count,96
1903,edge_count,96
1904,edge_count,96
1905,edge_count,96
1906,edge_count,96
1907,edge_count,96
1908,edge_count,96
1909,edge_count,96
1910,edge_count,96
1911,edge_count,96
1912,edge_count,96
1913,edge_count,96
1914,edge_count,96
1915,edge_count,96
1916,edge_count,96
1917,edge_count,96
1918,edge_count,96
1919,edge_count,96
1920,edge_count,96
1921,edge_count,96
1922,edge_count,96
1923,edge_count,96
1924,edge_count,96
1925,edge_count,96
1926,edge_count,96
1927,edge_count,96
1928,edge_count,96
1929,edge_count,96
1930,edge_count,96
1931,edge_count,96
1932,edge_count,96
1933,edge_count,96
1934,edge_count,96
1935,edge_count,96
1936,edge_count,96
1937,edge_count,96
1938,edge_count,96
1939,edge_count,96
1940,edge_count,96
1941,edge_count,96
1942,edge_count,96
1943,edge_count,96
1944,edge_count,96
1945,edge_count,96
1946,edge_count,96
1947,edge_count,96
1948,edge_count,96
1949,edge_count,96
1950,edge_count,96
1951,edge_count,96
1952,edge_count,96
1953,edge_count,96
1954,edge_count,96
1955,edge_count,96
1956,edge_count,96
1957,edge_count,96
1958,edge_count,96
1959,edge_count,96
1960,edge_count,96
1961,edge_count,96
1962,edge_count,96
1963,edge_count,96
1964,edge_count,96
1965,edge_count,96
1966,edge_count,96
1967,edge_count,96
1968,edge_count,96
1969,edge_count,96
1970,edge_count,96
1971,edge_count,96
1972,edge_count,96
1973,edge_count,96
1974,edge_count,96
1975,edge_count,96
1976,edge_count,96
1977,edge_count,96
1978,edge_count,96
1979,edge_count,96
1980,edge_count,96
1981,edge_count,96
1982,edge_count,96
1983,edge_count,96
1984,edge_count,96
1985,edge_count,96
1986,edge_count,96
1987,edge_count,96
1988,edge_count,96
1989,edge_count,96
1990,edge_count,96
1991,edge_count,96
1992,edge_count,96
1993,edge_count,96
1994,edge_count,96
1995,edge_count,96
1996,edge_count,96
1997,edge_count,96
1998,edge_count,96
1999,edge_count,96
0,component_count,1
1,component_count,1
2,component_count,1
3,component_count,1
4,component_count,1
5,component_count,1
6,component_count,1
7,component_count,1
8,component_count,1
9,component_count,1
10,component_count,1
11,component_count,1
12,component_count,1
13,component_count,1
14,component_count,1
15,component_count,1
16,component_count,1
17,component_count,1
18,component_count,1
19,component_count,1
20,component_count,1
21,component_count,1
22,component_count,1
23,component_count,1
24,component_count,1
25,component_count,1
26,component_count,1
27,component_count,1
28,component_count,1
29,component_count,1
30,component_count,1
31,component_count,1
32,component_count,1
33,component_count,1
34,component_count,1
35,component_count,1
36,component_count,1
37,component_count,1
38,component_count,1
39,component_count,1
40,component_count,1
41,component_count,1
42,component_count,1
43,component_count,1
44,component_count,1
45,component_count,1
46,component_count,1
47,component_count,1
48,component_count,1
49,component_count,1
50,component_count,1
51,component_count,1
52,component_count,1
53,component_count,1
54,component_count,1
55,component_count,1
56,component_count,1
57,component_count,1
58,component_count,1
59,component_count,1
60,component_count,1
61,component_count,1
62,component_count,1
63,component_count,1
64,component_count,1
65,component_count,1
66,component_count,1
67,component_count,1
68,component_count,1
69,component_count,1
70,component_count,1
71,component_count,1
72,component_count,1
73,component_count,1
74,component_count,1
75,component_count,1
76,component_count,1
77,component_count,1
78,component_count,1
79,component_count,1
80,component_count,1
81,component_count,1
82,component_count,1
83,component_count,1
84,component_count,1
85,component_count,1
86,component_count,1
87,component_count,1
88,component_count,1
89,component_count,1
90,component_count,1
91,component_count,1
92,component_count,1
93,component_count,1
94,component_count,1
95,component_count,1
96,component_count,1
97,component_count,1
98,component_count,1
99,component_count,1
100,component_count,1
101,component_count,1
102,component_count,1
103,component_count,1
104,component_count,1
105,component_count,1
106,component_count,1
107,component_count,1
108,component_count,1
109,component_count,1
110,component_count,1
111,component_count,1
112,component_count,1
113,component_count,1
114,component_count,1
115,component_count,1
116,component_count,1
117,component_count,1
118,component_count,1
119,component_count,1
120,component_count,1
121,component_count,1
122,component_count,1
123,component_count,1
124,component_count,1
125,component_count,1
126,component_count,1
127,component_count,1
128,component_count,1
129,component_count,1
130,component_count,1
131,component_count,1
132,component_count,1
133,component_count,1
134,component_count,1
135,component_count,1
136,component_count,1
137,component_count,1
138,component_count,1
139,component_count,1
140,component_count,1
141,component_count,1
142,component_count,1
143,component_count,1
144,component_count,1
145,component_count,1
146,component_count,1
147,component_count,1
148,component_count,1
149,component_count,1
150,component_count,1
151,component_count,1
152,component_count,1
153,component_count,1
154,component_count,1
155,component_count,1
156,component_count,1
157,component_count,1
158,component_count,1
159,component_count,1
160,component_count,1
161,component_count,1
162,component_count,1
163,component_count,1
164,component_count,1
165,component_count,1
166,component_count,1
167,component_count,1
168,component_count,1
169,component_count,1
170,component_count,1
171,component_count,1
172,component_count,1
173,component_count,1
174,component_count,1
175,component_count,1
176,component_count,1
177,component_count,1
178,component_count,1
179,component_count,1
180,component_count,1
181,component_count,1
182,component_count,1
183,component_count,1
184,component_count,1
185,component_count,1
186,component_count,1
187,component_count,1
188,component_count,1
189,component_count,1
190,component_count,1
191,component_count,1
192,component_count,1
193,component_count,1
194,component_count,1
195,component_count,1
196,component_count,1
197,component_count,1
198,component_count,1
199,component_count,1
200,component_count,1
201,component_count,1
202,component_count,1
203,component_count,1
204,component_count,1
205,component_count,1
206,component_count,1
207,component_count,1
208,component_count,1
209,component_count,1
210,component_count,1
211,component_count,1
212,component_count,1
213,component_count,1
214,component_count,1
215,component_count,1
216,component_count,1
217,component_count,1
218,component_count,1
219,component_count,1
220,component_count,1
221,component_count,1
222,component_count,1
223,component_count,1
224,component_count,1
225,component_count,1
226,component_count,1
227,component_count,1
228,component_count,1
229,component_count,1
230,component_count,1
231,component_count,1
232,component_count,1
233,component_count,1
234,component_count,1
235,component_count,1
236,component_count,1
237,component_count,1
238,component_count,1
239,component_count,1
240,component_count,1
241,component_count,1
242,component_count,1
243,component_count,1
244,component_count,1
245,component_count,1
246,component_count,1
247,component_count,1
248,component_count,1
249,component_count,1
250,component_count,1
251,component_count,1
252,component_count,1
253,component_count,1
254,component_count,1
255,component_count,1
256,component_count,1
257,component_count,1
258,component_count,1
259,component_count,1
260,component_count,1
261,component_count,1
262,component_count,1
263,component_count,1
264,component_count,1
265,component_count,1
266,component_count,1
267,component_count,1
268,component_count,1
269,component_count,1
270,component_count,1
271,component_count,1
272,component_count,1
273,component_count,1
274,component_count,1
275,component_count,1
276,component_count,1
277,component_count,1
278,component_count,1
279,component_count,1
280,component_count,1
281,component_count,1
282,component_count,1
283,component_count,1
284,component_count,1
285,component_count,1
286,component_count,1
287,component_count,1
288,component_count,1
289,component_count,1
290,component_count,1
291,component_count,1
292,component_count,1
293,component_count,1
294,component_count,1
295,component_count,1
296,component_count,1
297,component_count,1
298,component_count,1
299,component_count,1
300,component_count,1
301,component_count,1
302,component_count,1
303,component_count,1
304,component_count,1
305,component_count,1
306,component_count,1
307,component_count,1
308,component_count,1
309,component_count,1
310,component_count,1
311,component_count,1
312,component_count,1
313,component_count,1
314,component_count,1
315,component_count,1
316,component_count,1
317,component_count,1
318,component_count,1
319,component_count,1
320,component_count,1
321,component_count,1
322,component_count,1
323,component_count,1
324,component_count,1
325,component_count,1
326,component_count,1
327,component_count,1
328,component_count,1
329,component_count,1
330,component_count,1
331,component_count,1
332,component_count,1
333,component_count,1
334,component_count,1
335,component_count,1
336,component_count,1
337,component_count,1
338,component_count,1
339,component_count,1
340,component_count,1
341,component_count,1
342,component_count,1
343,component_count,1
344,component_count,1
345,component_count,1
346,component_count,1
347,component_count,1
348,component_count,1
349,component_count,1
350,component_count,1
351,component_count,1
352,component_count,1
353,component_count,1
354,component_count,1
355,component_count,1
356,component_count,1
357,component_count,1
358,component_count,1
359,component_count,1
360,component_count,1
361,component_count,1
362,component_count,1
363,component_count,1
364,component_count,1
365,component_count,1
366,component_count,1
367,component_count,1
368,component_count,1
369,component_count,1
370,component_count,1
371,component_count,1
372,component_count,1
373,component_count,1
374,component_count,1
375,component_count,1
376,component_count,1
377,component_count,1
378,component_count,1
379,component_count,1
380,component_count,1
381,component_count,1
382,component_count,1
383,component_count,1
384,component_count,1
385,component_count,1
386,component_count,1
387,component_count,1
388,component_count,1
389,component_count,1
390,component_count,1
391,component_count,1
392,component_count,1
393,component_count,1
394,component_count,1
395,component_count,1
396,component_count,1
397,component_count,1
398,component_count,1
399,component_count,1
400,component_count,1
401,component_count,1
402,component_count,1
403,component_count,1
404,component_count,1
405,component_count,1
406,component_count,1
407,component_count,1
408,component_count,1
409,component_count,1
410,component_count,1
411,component_count,1
412,component_count,1
413,component_count,1
414,component_count,1
415,component_count,1
416,component_count,1
417,component_count,1
418,component_count,1
419,component_count,1
420,component_count,1
421,component_count,1
422,component_count,1
423,component_count,1
424,component_count,1
425,component_count,1
426,component_count,1
427,component_count,1
428,component_count,1
429,component_count,1
430,component_count,1
431,component_count,1
432,component_count,1
433,component_count,1
434,component_count,1
435,component_count,1
436,component_count,1
437,component_count,1
438,component_count,1
439,component_count,1
440,component_count,1
441,component_count,1
442,component_count,1
443,component_count,1
444,component_count,1
445,component_count,1
446,component_count,1
447,component_count,1
448,component_count,1
449,component_count,1
450,component_count,1
451,component_count,1
452,component_count,1
453,component_count,1
454,component_count,1
455,component_count,1
456,component_count,1
457,component_count,1
458,component_count,1
459,component_count,1
460,component_count,1
461,component_count,1
462,component_count,1
463,component_count,1
464,component_count,1
465,component_count,1
466,component_count,1
467,component_count,1
468,component_count,1
469,component_count,1
470,component_count,1
471,component_count,1
472,component_count,1
473,component_count,1
474,component_count,1
475,component_count,1
476,component_count,1
477,component_count,1
478,component_count,1
479,component_count,1
480,component_count,1
481,component_count,1
482,component_count,1
483,component_count,1
484,component_count,1
485,component_count,1
486,component_count,1
487,component_count,1
488,component_count,1
489,component_count,1
490,component_count,1
491,component_count,1
492,component_count,1
493,component_count,1
494,component_count,1
495,component_count,1
496,component_count,1
497,component_count,1
498,component_count,1
499,component_count,1
500,component_count,1
501,component_count,1
502,component_count,1
503,component_count,1
504,component_count,1
505,component_count,1
506,component_count,1
507,component_count,1
508,component_count,1
509,component_count,1
510,component_count,1
511,component_count,1
512,component_count,1
513,component_count,1
514,component_count,1
515,component_count,1
516,component_count,1
517,component_count,1
518,component_count,1
519,component_count,1
520,component_count,1
521,component_count,1
522,component_count,1
523,component_count,1
524,component_count,1
525,component_count,1
526,component_count,1
527,component_count,1
528,component_count,1
529,component_count,1
530,component_count,1
531,component_count,1
532,component_count,1
533,component_count,1
534,component_count,1
535,component_count,1
536,component_count,1
537,component_count,1
538,component_count,1
539,component_count,1
540,component_count,1
541,component_count,1
542,component_count,1
543,component_count,1
544,component_count,1
545,component_count,1
546,component_count,1
547,component_count,1
548,component_count,1
549,component_count,1
550,component_count,1
551,component_count,1
552,component_count,1
553,component_count,1
554,component_count,1
555,component_count,1
556,component_count,1
557,component_count,1
558,component_count,1
559,component_count,1
560,component_count,1
561,component_count,1
562,component_count,1
563,component_count,1
564,component_count,1
565,component_count,1
566,component_count,1
567,component_count,1
568,component_count,1
569,component_count,1
570,component_count,1
571,component_count,1
572,component_count,1
573,component_count,1
574,component_count,1
575,component_count,1
576,component_count,1
577,component_count,1
578,component_count,1
579,component_count,1
580,component_count,1
581,component_count,1
582,component_count,1
583,component_count,1
584,component_count,1
585,component_count,1
586,component_count,1
587,component_count,1
588,component_count,1
589,component_count,1
590,component_count,1
591,component_count,1
592,component_count,1
593,component_count,1
594,component_count,1
595,component_count,1
596,component_count,1
597,component_count,1
598,component_count,1
599,component_count,1
600,component_count,1
601,component_count,1
602,component_count,1
603,component_count,1
604,component_count,1
605,component_count,1
606,component_count,1
607,component_count,1
608,component_count,1
609,component_count,1
610,component_count,1
611,component_count,1
612,component_count,1
613,component_count,1
614,component_count,1
615,component_count,1
616,component_count,1
617,component_count,1
618,component_count,1
619,component_count,1
620,component_count,1
621,component_count,1
622,component_count,1
623,component_count,1
624,component_count,1
625,component_count,1
626,component_count,1
627,component_count,1
628,component_count,1
629,component_count,1
630,component_count,1
631,component_count,1
632,component_count,1
633,component_count,1
634,component_count,1
635,component_count,1
636,component_count,1
637,component_count,1
638,component_count,1
639,component_count,1
640,component_count,1
641,component_count,1
642,component_count,1
643,component_count,1
644,component_count,1
645,component_count,1
646,component_count,1
647,component_count,1
648,component_count,1
649,component_count,1
650,component_count,1
651,component_count,1
652,component_count,1
653,component_count,1
654,component_count,1
655,component_count,1
656,component_count,1
657,component_count,1
658,component_count,1
659,component_count,1
660,component_count,1
661,component_count,1
662,component_count,1
663,component_count,1
664,component_count,1
665,component_count,1
666,component_count,1
667,component_count,1
668,component_count,1
669,component_count,1
670,component_count,1
671,component_count,1
672,component_count,1
673,component_count,1
674,component_count,1
675,component_count,1
676,component_count,1
677,component_count,1
678,component_count,1
679,component_count,1
680,component_count,1
681,component_count,1
682,component_count,1
683,component_count,1
684,component_count,1
685,component_count,1
686,component_count,1
687,component_count,1
688,component_count,1
689,component_count,1
690,component_count,1
691,component_count,1
692,component_count,1
693,component_count,1
694,component_count,1
695,component_count,1
696,component_count,1
697,component_count,1
698,component_count,1
699,component_count,1
700,component_count,1
701,component_count,1
702,component_count,1
703,component_count,1
704,component_count,1
705,component_count,1
706,component_count,1
707,component_count,1
708,component_count,1
709,component_count,1
710,component_count,1
711,component_count,1
712,component_count,1
713,component_count,1
714,component_count,1
715,component_count,1
716,component_count,1
717,component_count,1
718,component_count,1
719,component_count,1
720,component_count,1
721,component_count,1
722,component_count,1
723,component_count,1
724,component_count,1
725,component_count,1
726,component_count,1
727,component_count,1
728,component_count,1
729,component_count,1
730,component_count,1
731,component_count,1
732,component_count,1
733,component_count,1
734,component_count,1
735,component_count,1
736,component_count,1
737,component_count,1
738,component_count,1
739,component_count,1
740,component_count,1
741,component_count,1
742,component_count,1
743,component_count,1
744,component_count,1
745,component_count,1
746,component_count,1
747,component_count,1
748,component_count,1
749,component_count,1
750,component_count,1
751,component_count,1
752,component_count,1
753,component_count,1
754,component_count,1
755,component_count,1
756,component_count,1
757,component_count,1
758,component_count,1
759,component_count,1
760,component_count,1
761,component_count,1
762,component_count,1
763,component_count,1
764,component_count,1
765,component_count,1
766,component_count,1
767,component_count,1
768,component_count,1
769,component_count,1
770,component_count,1
771,component_count,1
772,component_count,1
773,component_count,1
774,component_count,1
775,component_count,1
776,component_count,1
777,component_count,1
778,component_count,1
779,component_count,1
780,component_count,1
781,component_count,1
782,component_count,1
783,component_count,1
784,component_count,1
785,component_count,1
786,component_count,1
787,component_count,1
788,component_count,1
789,component_count,1
790,component_count,1
791,component_count,1
792,component_count,1
793,component_count,1
794,component_count,1
795,component_count,1
796,component_count,1
797,component_count,1
798,component_count,1
799,component_count,1
800,component_count,1
801,component_count,1
802,component_count,1
803,component_count,1
804,component_count,1
805,component_count,1
806,component_count,1
807,component_count,1
808,component_count,1
809,component_count,1
810,component_count,1
811,component_count,1
812,component_count,1
813,component_count,1
814,component_count,1
815,component_count,1
816,component_count,1
817,component_count,1
818,component_count,1
819,component_count,1
820,component_count,1
821,component_count,1
822,component_count,1
823,component_count,1
824,component_count,1
825,component_count,1
826,component_count,1
827,component_count,1
828,component_count,1
829,component_count,1
830,component_count,1
831,component_count,1
832,component_count,1
833,component_count,1
834,component_count,1
835,component_count,1
836,component_count,1
837,component_count,1
838,component_count,1
839,component_count,1
840,component_count,1
841,component_count,1
842,component_count,1
843,component_count,1
844,component_count,1
845,component_count,1
846,component_count,1
847,component_count,1
848,component_count,1
849,component_count,1
850,component_count,1
851,component_count,1
852,component_count,1
853,component_count,1
854,component_count,1
855,component_count,1
856,component_count,1
857,component_count,1
858,component_count,1
859,component_count,1
860,component_count,1
861,component_count,1
862,component_count,1
863,component_count,1
864,component_count,1
865,component_count,1
866,component_count,1
867,component_count,1
868,component_count,1
869,component_count,1
870,component_count,1
871,component_count,1
872,component_count,1
873,component_count,1
874,component_count,1
875,component_count,1
876,component_count,1
877,component_count,1
878,component_count,1
879,component_count,1
880,component_count,1
881,component_count,1
882,component_count,1
883,component_count,1
884,component_count,1
885,component_count,1
886,component_count,1
887,component_count,1
888,component_count,1
889,component_count,1
890,component_count,1
891,component_count,1
892,component_count,1
893,component_count,1
894,component_count,1
895,component_count,1
896,component_count,1
897,component_count,1
898,component_count,1
899,component_count,1
900,component_count,1
901,component_count,1
902,component_count,1
903,component_count,1
904,component_count,1
905,component_count,1
906,component_count,1
907,component_count,1
908,component_count,1
909,component_count,1
910,component_count,1
911,component_count,1
912,component_count,1
913,component_count,1
914,component_count,1
915,component_count,1
916,component_count,1
917,component_count,1
918,component_count,1
919,component_count,1
920,component_count,1
921,component_count,1
922,component_count,1
923,component_count,1
924,component_count,1
925,component_count,1
926,component_count,1
927,component_count,1
928,component_count,1
929,component_count,1
930,component_count,1
931,component_count,1
932,component_count,1
933,component_count,1
934,component_count,1
935,component_count,1
936,component_count,1
937,component_count,1
938,component_count,1
939,component_count,1
940,component_count,1
941,component_count,1
942,component_count,1
943,component_count,1
944,component_count,1
945,component_count,1
946,component_count,1
947,component_count,1
948,component_count,1
949,component_count,1
950,component_count,1
951,component_count,1
952,component_count,1
953,component_count,1
954,component_count,1
955,component_count,1
956,component_count,1
957,component_count,1
958,component_count,1
959,component_count,1
960,component_count,1
961,component_count,1
962,component_count,1
963,component_count,1
964,component_count,1
965,component_count,1
966,component_count,1
967,component_count,1
968,component_count,1
969,component_count,1
970,component_count,1
971,component_count,1
972,component_count,1
973,component_count,1
974,component_count,1
975,component_count,1
976,component_count,1
977,component_count,1
978,component_count,1
979,component_count,1
980,component_count,1
981,component_count,1
982,component_count,1
983,component_count,1
984,component_count,1
985,component_count,1
986,component_count,1
987,component_count,1
988,component_count,1
989,component_count,1
990,component_count,1
991,component_count,1
992,component_count,1
993,component_count,1
994,component_count,1
995,component_count,1
996,component_count,1
997,component_count,1
998,component_count,1
999,component_count,1
1000,component_count,1
1001,component_count,1
1002,component_count,1
1003,component_count,1
1004,component_count,1
1005,component_count,1
1006,component_count,1
1007,component_count,1
1008,component_count,1
1009,component_count,1
1010,component_count,1
1011,component_count,1
1012,component_count,1
1013,component_count,1
1014,component_count,1
1015,component_count,1
1016,component_count,1
1017,component_count,1
1018,component_count,1
1019,component_count,1
1020,component_count,1
1021,component_count,1
1022,component_count,1
1023,component_count,1
1024,component_count,1
1025,component_count,1
1026,component_count,1
1027,component_count,1
1028,component_count,1
1029,component_count,1
1030,component_count,1
1031,component_count,1
1032,component_count,1
1033,component_count,1
1034,component_count,1
1035,component_count,1
1036,component_count,1
1037,component_count,1
1038,component_count,1
1039,component_count,1
1040,component_count,1
1041,component_count,1
1042,component_count,1
1043,component_count,1
1044,component_count,1
1045,component_count,1
1046,component_count,1
1047,component_count,1
1048,component_count,1
1049,component_count,1
1050,component_count,1
1051,component_count,1
1052,component_count,1
1053,component_count,1
1054,component_count,1
1055,component_count,1
1056,component_count,1
1057,component_count,1
1058,component_count,1
1059,component_count,1
1060,component_count,1
1061,component_count,1
1062,component_count,1
1063,component_count,1
1064,component_count,1
1065,component_count,1
1066,component_count,1
1067,component_count,1
1068,component_count,1
1069,component_count,1
1070,component_count,1
1071,component_count,1
1072,component_count,1
1073,component_count,1
1074,component_count,1
1075,component_count,1
1076,component_count,1
1077,component_count,1
1078,component_count,1
1079,component_count,1
1080,component_count,1
1081,component_count,1
1082,component_count,1
1083,component_count,1
1084,component_count,1
1085,component_count,1
1086,component_count,1
1087,component_count,1
1088,component_count,1
1089,component_count,1
1090,component_count,1
1091,component_count,1
1092,component_count,1
1093,component_count,1
1094,component_count,1
1095,component_count,1
1096,component_count,1
1097,component_count,1
1098,component_count,1
1099,component_count,1
1100,component_count,1
1101,component_count,1
1102,component_count,1
1103,component_count,1
1104,component_count,1
1105,component_count,1
1106,component_count,1
1107,component_count,1
1108,component_count,1
1109,component_count,1
1110,component_count,1
1111,component_count,1
1112,component_count,1
1113,component_count,1
1114,component_count,1
1115,component_count,1
1116,component_count,1
1117,component_count,1
1118,component_count,1
1119,component_count,1
1120,component_count,1
1121,component_count,1
1122,component_count,1
1123,component_count,1
1124,component_count,1
1125,component_count,1
1126,component_count,1
1127,component_count,1
1128,component_count,1
1129,component_count,1
1130,component_count,1
1131,component_count,1
1132,component_count,1
1133,component_count,1
1134,component_count,1
1135,component_count,1
1136,component_count,1
1137,component_count,1
1138,component_count,1
1139,component_count,1
1140,component_count,1
1141,component_count,1
1142,component_count,1
1143,component_count,1
1144,component_count,1
1145,component_count,1
1146,component_count,1
1147,component_count,1
1148,component_count,1
1149,component_count,1
1150,component_count,1
1151,component_count,1
1152,component_count,1
1153,component_count,1
1154,component_count,1
1155,component_count,1
1156,component_count,1
1157,component_count,1
1158,component_count,1
1159,component_count,1
1160,component_count,1
1161,component_count,1
1162,component_count,1
1163,component_count,1
1164,component_count,1
1165,component_count,1
1166,component_count,1
1167,component_count,1
1168,component_count,1
1169,component_count,1
1170,component_count,1
1171,component_count,1
1172,component_count,1
1173,component_count,1
1174,component_count,1
1175,component_count,1
1176,component_count,1
1177,component_count,1
1178,component_count,1
1179,component_count,1
1180,component_count,1
1181,component_count,1
1182,component_count,1
1183,component_count,1
1184,component_count,1
1185,component_count,1
1186,component_count,1
1187,component_count,1
1188,component_count,1
1189,component_count,1
1190,component_count,1
1191,component_count,1
1192,component_count,1
1193,component_count,1
1194,component_count,1
1195,component_count,1
1196,component_count,1
1197,component_count,1
1198,component_count,1
1199,component_count,1
1200,component_count,1
1201,component_count,1
1202,component_count,1
1203,component_count,1
1204,component_count,1
1205,component_count,1
1206,component_count,1
1207,component_count,1
1208,component_count,1
1209,component_count,1
1210,component_count,1
1211,component_count,1
1212,component_count,1
1213,component_count,1
1214,component_count,1
1215,component_count,1
1216,component_count,1
1217,component_count,1
1218,component_count,1
1219,component_count,1
1220,component_count,1
1221,component_count,1
1222,component_count,1
1223,component_count,1
1224,component_count,1
1225,component_count,1
1226,component_count,1
1227,component_count,1
1228,component_count,1
1229,component_count,1
1230,component_count,1
1231,component_count,1
1232,component_count,1
1233,component_count,1
1234,component_count,1
1235,component_count,1
1236,component_count,1
1237,component_count,1
1238,component_count,1
1239,component_count,1
1240,component_count,1
1241,component_count,1
1242,component_count,1
1243,component_count,1
1244,component_count,1
1245,component_count,1
1246,component_count,1
1247,component_count,1
1248,component_count,1
1249,component_count,1
1250,component_count,1
1251,component_count,1
1252,component_count,1
1253,component_count,1
1254,component_count,1
1255,component_count,1
1256,component_count,1
1257,component_count,1
1258,component_count,1
1259,component_count,1
1260,component_count,1
1261,component_count,1
1262,component_count,1
1263,component_count,1
1264,component_count,1
1265,component_count,1
1266,component_count,1
1267,component_count,1
1268,component_count,1
1269,component_count,1
1270,component_count,1
1271,component_count,1
1272,component_count,1
1273,component_count,1
1274,component_count,1
1275,component_count,1
1276,component_count,1
1277,component_count,1
1278,component_count,1
1279,component_count,1
1280,component_count,1
1281,component_count,1
1282,component_count,1
1283,component_count,1
1284,component_count,1
1285,component_count,1
1286,component_count,1
1287,component_count,1
1288,component_count,1
1289,component_count,1
1290,component_count,1
1291,component_count,1
1292,component_count,1
1293,component_count,1
1294,component_count,1
1295,component_count,1
1296,component_count,1
1297,component_count,1
1298,component_count,1
1299,component_count,1
1300,component_count,1
1301,component_count,1
1302,component_count,1
1303,component_count,1
1304,component_count,1
1305,component_count,1
1306,component_count,1
1307,component_count,1
1308,component_count,1
1309,component_count,1
1310,component_count,1
1311,component_count,1
1312,component_count,1
1313,component_count,1
1314,component_count,1
1315,component_count,1
1316,component_count,1
1317,component_count,1
1318,component_count,1
1319,component_count,1
1320,component_count,1
1321,component_count,1
1322,component_count,1
1323,component_count,1
1324,component_count,1
1325,component_count,1
1326,component_count,1
1327,component_count,1
1328,component_count,1
1329,component_count,1
1330,component_count,1
1331,component_count,1
1332,component_count,1
1333,component_count,1
1334,component_count,1
1335,component_count,1
1336,component_count,1
1337,component_count,1
1338,component_count,1
1339,component_count,1
1340,component_count,1
1341,component_count,1
1342,component_count,1
1343,component_count,1
1344,component_count,1
1345,component_count,1
1346,component_count,1
1347,component_count,1
1348,component_count,1
1349,component_count,1
1350,component_count,1
1351,component_count,1
1352,component_count,1
1353,component_count,1
1354,component_count,1
1355,component_count,1
1356,component_count,1
1357,component_count,1
1358,component_count,1
1359,component_count,1
1360,component_count,1
1361,component_count,1
1362,component_count,1
1363,component_count,1
1364,component_count,1
1365,component_count,1
1366,component_count,1
1367,component_count,1
1368,component_count,1
1369,component_count,1
1370,component_count,1
1371,component_count,1
1372,component_count,1
1373,component_count,1
1374,component_count,1
1375,component_count,1
1376,component_count,1
1377,component_count,1
1378,component_count,1
1379,component_count,1
1380,component_count,1
1381,component_count,1
1382,component_count,1
1383,component_count,1
1384,component_count,1
1385,component_count,1
1386,component_count,1
1387,component_count,1
1388,component_count,1
1389,component_count,1
1390,component_count,1
1391,component_count,1
1392,component_count,1
1393,component_count,1
1394,component_count,1
1395,component_count,1
1396,component_count,1
1397,component_count,1
1398,component_count,1
1399,component_count,1
1400,component_count,1
1401,component_count,1
1402,component_count,1
1403,component_count,1
1404,component_count,1
1405,component_count,1
1406,component_count,1
1407,component_count,1
1408,component_count,1
1409,component_count,1
1410,component_count,1
1411,component_count,1
1412,component_count,1
1413,component_count,1
1414,component_count,1
1415,component_count,1
1416,component_count,1
1417,component_count,1
1418,component_count,1
1419,component_count,1
1420,component_count,1
1421,component_count,1
1422,component_count,1
1423,component_count,1
1424,component_count,1
1425,component_count,1
1426,component_count,1
1427,component_count,1
1428,component_count,1
1429,component_count,1
1430,component_count,1
1431,component_count,1
1432,component_count,1
1433,component_count,1
1434,component_count,1
1435,component_count,1
1436,component_count,1
1437,component_count,1
1438,component_count,1
1439,component_count,1
1440,component_count,1
1441,component_count,1
1442,component_count,1
1443,component_count,1
1444,component_count,1
1445,component_count,1
1446,component_count,1
1447,component_count,1
1448,component_count,1
1449,component_count,1
1450,component_count,1
1451,component_count,1
1452,component_count,1
1453,component_count,1
1454,component_count,1
1455,component_count,1
1456,component_count,1
1457,component_count,1
1458,component_count,1
1459,component_count,1
1460,component_count,1
1461,component_count,1
1462,component_count,1
1463,component_count,1
1464,component_count,1
1465,component_count,1
1466,component_count,1
1467,component_count,1
1468,component_count,1
1469,component_count,1
1470,component_count,1
1471,component_count,1
1472,component_count,1
1473,component_count,1
1474,component_count,1
1475,component_count,1
1476,component_count,1
1477,component_count,1
1478,component_count,1
1479,component_count,1
1480,component_count,1
1481,component_count,1
1482,component_count,1
1483,component_count,1
1484,component_count,1
1485,component_count,1
1486,component_count,1
1487,component_count,1
1488,component_count,1
1489,component_count,1
1490,component_count,1
1491,component_count,1
1492,component_count,1
1493,component_count,1
1494,component_count,1
1495,component_count,1
1496,component_count,1
1497,component_count,1
1498,component_count,1
1499,component_count,1
1500,component_count,1
1501,component_count,1
1502,component_count,1
1503,component_count,1
1504,component_count,1
1505,component_count,1
1506,component_count,1
1507,component_count,1
1508,component_count,1
1509,component_count,1
1510,component_count,1
1511,component_count,1
1512,component_count,1
1513,component_count,1
1514,component_count,1
1515,component_count,1
1516,component_count,1
1517,component_count,1
1518,component_count,1
1519,component_count,1
1520,component_count,1
1521,component_count,1
1522,component_count,1
1523,component_count,1
1524,component_count,1
1525,component_count,1
1526,component_count,1
1527,component_count,1
1528,component_count,1
1529,component_count,1
1530,component_count,1
1531,component_count,1
1532,component_count,1
1533,component_count,1
1534,component_count,1
1535,component_count,1
1536,component_count,1
1537,component_count,1
1538,component_count,1
1539,component_count,1
1540,component_count,1
1541,component_count,1
1542,component_count,1
1543,component_count,1
1544,component_count,1
1545,component_count,1
1546,component_count,1
1547,component_count,1
1548,component_count,1
1549,component_count,1
1550,component_count,1
1551,component_count,1
1552,component_count,1
1553,component_count,1
1554,component_count,1
1555,component_count,1
1556,component_count,1
1557,component_count,1
1558,component_count,1
1559,component_count,1
1560,component_count,1
1561,component_count,1
1562,component_count,1
1563,component_count,1
1564,component_count,1
1565,component_count,1
1566,component_count,1
1567,component_count,1
1568,component_count,1
1569,component_count,1
1570,component_count,1
1571,component_count,1
1572,component_count,1
1573,component_count,1
1574,component_count,1
1575,component_count,1
1576,component_count,1
1577,component_count,1
1578,component_count,1
1579,component_count,1
1580,component_count,1
1581,component_count,1
1582,component_count,1
1583,component_count,1
1584,component_count,1
1585,component_count,1
1586,component_count,1
1587,component_count,1
1588,component_count,1
1589,component_count,1
1590,component_count,1
1591,component_count,1
1592,component_count,1
1593,component_count,1
1594,component_count,1
1595,component_count,1
1596,component_count,1
1597,component_count,1
1598,component_count,1
1599,component_count,1
1600,component_count,1
1601,component_count,1
1602,component_count,1
1603,component_count,1
1604,component_count,1
1605,component_count,1
1606,component_count,1
1607,component_count,1
1608,component_count,1
1609,component_count,1
1610,component_count,1
1611,component_count,1
1612,component_count,1
1613,component_count,1
1614,component_count,1
1615,component_count,1
1616,component_count,1
1617,component_count,1
1618,component_count,1
1619,component_count,1
1620,component_count,1
1621,component_count,1
1622,component_count,1
1623,component_count,1
1624,component_count,1
1625,component_count,1
1626,component_count,1
1627,component_count,1
1628,component_count,1
1629,component_count,1
1630,component_count,1
1631,component_count,1
1632,component_count,1
1633,component_count,1
1634,component_count,1
1635,component_count,1
1636,component_count,1
1637,component_count,1
1638,component_count,1
1639,component_count,1
1640,component_count,1
1641,component_count,1
1642,component_count,1
1643,component_count,1
1644,component_count,1
1645,component_count,1
1646,component_count,1
1647,component_count,1
1648,component_count,1
1649,component_count,1
1650,component_count,1
1651,component_count,1
1652,component_count,1
1653,component_count,1
1654,component_count,1
1655,component_count,1
1656,component_count,1
1657,component_count,1
1658,component_count,1
1659,component_count,1
1660,component_count,1
1661,component_count,1
1662,component_count,1
1663,component_count,1
1664,component_count,1
1665,component_count,1
1666,component_count,1
1667,component_count,1
1668,component_count,1
1669,component_count,1
1670,component_count,1
1671,component_count,1
1672,component_count,1
1673,component_count,1
1674,component_count,1
1675,component_count,1
1676,component_count,1
1677,component_count,1
1678,component_count,1
1679,component_count,1
1680,component_count,1
1681,component_count,1
1682,component_count,1
1683,component_count,1
1684,component_count,1
1685,component_count,1
1686,component_count,1
1687,component_count,1
1688,component_count,1
1689,component_count,1
1690,component_count,1
1691,component_count,1
1692,component_count,1
1693,component_count,1
1694,component_count,1
1695,component_count,1
1696,component_count,1
1697,component_count,1
1698,component_count,1
1699,component_count,1
1700,component_count,1
1701,component_count,1
1702,component_count,1
1703,component_count,1
1704,component_count,1
1705,component_count,1
1706,component_count,1
1707,component_count,1
1708,component_count,1
1709,component_count,1
1710,component_count,1
1711,component_count,1
1712,component_count,1
1713,component_count,1
1714,component_count,1
1715,component_count,1
1716,component_count,1
1717,component_count,1
1718,component_count,1
1719,component_count,1
1720,component_count,1
1721,component_count,1
1722,component_count,1
1723,component_count,1
1724,component_count,1
1725,component_count,1
1726,component_count,1
1727,component_count,1
1728,component_count,1
1729,component_count,1
1730,component_count,1
1731,component_count,1
1732,component_count,1
1733,component_count,1
1734,component_count,1
1735,component_count,1
1736,component_count,1
1737,component_count,1
1738,component_count,1
1739,component_count,1
1740,component_count,1
1741,component_count,1
1742,component_count,1
1743,component_count,1
1744,component_count,1
1745,component_count,1
1746,component_count,1
1747,component_count,1
1748,component_count,1
1749,component_count,1
1750,component_count,1
1751,component_count,1
1752,component_count,1
1753,component_count,1
1754,component_count,1
1755,component_count,1
1756,component_count,1
1757,component_count,1
1758,component_count,1
1759,component_count,1
1760,component_count,1
1761,component_count,1
1762,component_count,1
1763,component_count,1
1764,component_count,1
1765,component_count,1
1766,component_count,1
1767,component_count,1
1768,component_count,1
1769,component_count,1
1770,component_count,1
1771,component_count,1
1772,component_count,1
1773,component_count,1
1774,component_count,1
1775,component_count,1
1776,component_count,1
1777,component_count,1
1778,component_count,1
1779,component_count,1
1780,component_count,1
1781,component_count,1
1782,component_count,1
1783,component_count,1
1784,component_count,1
1785,component_count,1
1786,component_count,1
1787,component_count,1
1788,component_count,1
1789,component_count,1
1790,component_count,1
1791,component_count,1
1792,component_count,1
1793,component_count,1
1794,component_count,1
1795,component_count,1
1796,component_count,1
1797,component_count,1
1798,component_count,1
1799,component_count,1
1800,component_count,1
1801,component_count,1
1802,component_count,1
1803,component_count,1
1804,component_count,1
1805,component_count,1
1806,component_count,1
1807,component_count,1
1808,component_count,1
1809,component_count,1
1810,component_count,1
1811,component_count,1
1812,component_count,1
1813,component_count,1
1814,component_count,1
1815,component_count,1
1816,component_count,1
1817,component_count,1
1818,component_count,1
1819,component_count,1
1820,component_count,1
1821,component_count,1
1822,component_count,1
1823,component_count,1
1824,component_count,1
1825,component_count,1
1826,component_count,1
1827,component_count,1
1828,component_count,1
1829,component_count,1
1830,component_count,1
1831,component_count,1
1832,component_count,1
1833,component_count,1
1834,component_count,1
1835,component_count,1
1836,component_count,1
1837,component_count,1
1838,component_count,1
1839,component_count,1
1840,component_count,1
1841,component_count,1
1842,component_count,1
1843,component_count,1
1844,component_count,1
1845,component_count,1
1846,component_count,1
1847,component_count,1
1848,component_count,1
1849,component_count,1
1850,component_count,1
1851,component_count,1
1852,component_count,1
1853,component_count,1
1854,component_count,1
1855,component_count,1
1856,component_count,1
1857,component_count,1
1858,component_count,1
1859,component_count,1
1860,component_count,1
1861,component_count,1
1862,component_count,1
1863,component_count,1
1864,component_count,1
1865,component_count,1
1866,component_count,1
1867,component_count,1
1868,component_count,1
1869,component_count,1
1870,component_count,1
1871,component_count,1
1872,component_count,1
1873,component_count,1
1874,component_count,1
1875,component_count,1
1876,component_count,1
1877,component_count,1
1878,component_count,1
1879,component_count,1
1880,component_count,1
1881,component_count,1
1882,component_count,1
1883,component_count,1
1884,component_count,1
1885,component_count,1
1886,component_count,1
1887,component_count,1
1888,component_count,1
1889,component_count,1
1890,component_count,1
1891,component_count,1
1892,component_count,1
1893,component_count,1
1894,component_count,1
1895,component_count,1
1896,component_count,1
1897,component_count,1
1898,component_count,1
1899,component_count,1
1900,component_count,1
1901,component_count,1
1902,component_count,1
1903,component_count,1
1904,component_count,1
1905,component_count,1
1906,component_count,1
1907,component_count,1
1908,component_count,1
1909,component_count,1
1910,component_count,1
1911,component_count,1
1912,component_count,1
1913,component_count,1
1914,component_count,1
1915,component_count,1
1916,component_count,1
1917,component_count,1
1918,component_count,1
1919,component_count,1
1920,component_count,1
1921,component_count,1
1922,component_count,1
1923,component_count,1
1924,component_count,1
1925,component_count,1
1926,component_count,1
1927,component_count,1
1928,component_count,1
1929,component_count,1
1930,component_count,1
1931,component_count,1
1932,component_count,1
1933,component_count,1
1934,component_count,1
1935,component_count,1
1936,component_count,1
1937,component_count,1
1938,component_count,1
1939,component_count,1
1940,component_count,1
1941,component_count,1
1942,component_count,1
1943,component_count,1
1944,component_count,1
1945,component_count,1
1946,component_count,1
1947,component_count,1
1948,component_count,1
1949,component_count,1
1950,component_count,1
1951,component_count,1
1952,component_count,1
1953,component_count,1
1954,component_count,1
1955,component_count,1
1956,component_count,1
1957,component_count,1
1958,component_count,1
1959,component_count,1
1960,component_count,1
1961,component_count,1
1962,component_count,1
1963,component_count,1
1964,component_count,1
1965,component_count,1
1966,component_count,1
1967,component_count,1
1968,component_count,1
1969,component_count,1
1970,component_count,1
1971,component_count,1
1972,component_count,1
1973,component_count,1
1974,component_count,1
1975,component_count,1
1976,component_count,1
1977,component_count,1
1978,component_count,1
1979,component_count,1
1980,component_count,1
1981,component_count,1
1982,component_count,1
1983,component_count,1
1984,component_count,1
1985,component_count,1
1986,component_count,1
1987,component_count,1
1988,component_count,1
1989,component_count,1
1990,component_count,1
1991,component_count,1
1992,component_count,1
1993,component_count,1
1994,component_count,1
1995,component_count,1
1996,component_count,1
1997,component_count,1
1998,component_count,1
1999,component_count,1
0,isolated_vertex_count,0
1,isolated_vertex_count,0
2,isolated_vertex_count,0
3,isolated_vertex_count,0
4,isolated_vertex_count,0
5,isolated_vertex_count,0
6,isolated_vertex_count,0
7,isolated_vertex_count,0
8,isolated_vertex_count,0
9,isolated_vertex_count,0
10,isolated_vertex_count,0
11,isolated_vertex_count,0
12,isolated_vertex_count,0
13,isolated_vertex_count,0
14,isolated_vertex_count,0
15,isolated_vertex_count,0
16,isolated_vertex_count,0
17,isolated_vertex_count,0
18,isolated_vertex_count,0
19,isolated_vertex_count,0
20,isolated_vertex_count,0
21,isolated_vertex_count,0
22,isolated_vertex_count,0
23,isolated_vertex_count,0
24,isolated_vertex_count,0
25,isolated_vertex_count,0
26,isolated_vertex_count,0
27,isolated_vertex_count,0
28,isolated_vertex_count,0
29,isolated_vertex_count,0
30,isolated_vertex_count,0
31,isolated_vertex_count,0
32,isolated_vertex_count,0
33,isolated_vertex_count,0
34,isolated_vertex_count,0
35,isolated_vertex_count,0
36,isolated_vertex_count,0
37,isolated_vertex_count,0
38,isolated_vertex_count,0
39,isolated_vertex_count,0
40,isolated_vertex_count,0
41,isolated_vertex_count,0
42,isolated_vertex_count,0
43,isolated_vertex_count,0
44,isolated_vertex_count,0
45,isolated_vertex_count,0
46,isolated_vertex_count,0
47,isolated_vertex_count,0
48,isolated_vertex_count,0
49,isolated_vertex_count,0
50,isolated_vertex_count,0
51,isolated_vertex_count,0
52,isolated_vertex_count,0
53,isolated_vertex_count,0
54,isolated_vertex_count,0
55,isolated_vertex_count,0
56,isolated_vertex_count,0
57,isolated_vertex_count,0
58,isolated_vertex_count,0
59,isolated_vertex_count,0
60,isolated_vertex_count,0
61,isolated_vertex_count,0
62,isolated_vertex_count,0
63,isolated_vertex_count,0
64,isolated_vertex_count,0
65,isolated_vertex_count,0
66,isolated_vertex_count,0
67,isolated_vertex_count,0
68,isolated_vertex_count,0
69,isolated_vertex_count,0
70,isolated_vertex_count,0
71,isolated_vertex_count,0
72,isolated_vertex_count,0
73,isolated_vertex_count,0
74,isolated_vertex_count,0
75,isolated_vertex_count,0
76,isolated_vertex_count,0
77,isolated_vertex_count,0
78,isolated_vertex_count,0
79,isolated_vertex_count,0
80,isolated_vertex_count,0
81,isolated_vertex_count,0
82,isolated_vertex_count,0
83,isolated_vertex_count,0
84,isolated_vertex_count,0
85,isolated_vertex_count,0
86,isolated_vertex_count,0
87,isolated_vertex_count,0
88,isolated_vertex_count,0
89,isolated_vertex_count,0
90,isolated_vertex_count,0
91,isolated_vertex_count,0
92,isolated_vertex_count,0
93,isolated_vertex_count,0
94,isolated_vertex_count,0
95,isolated_vertex_count,0
96,isolated_vertex_count,0
97,isolated_vertex_count,0
98,isolated_vertex_count,0
99,isolated_vertex_count,0
100,isolated_vertex_count,0
101,isolated_vertex_count,0
102,isolated_vertex_count,0
103,isolated_vertex_count,0
104,isolated_vertex_count,0
105,isolated_vertex_count,0
106,isolated_vertex_count,0
107,isolated_vertex_count,0
108,isolated_vertex_count,0
109,isolated_vertex_count,0
110,isolated_vertex_count,0
111,isolated_vertex_count,0
112,isolated_vertex_count,0
113,isolated_vertex_count,0
114,isolated_vertex_count,0
115,isolated_vertex_count,0
116,isolated_vertex_count,0
117,isolated_vertex_count,0
118,isolated_vertex_count,0
119,isolated_vertex_count,0
120,isolated_vertex_count,0
121,isolated_vertex_count,0
122,isolated_vertex_count,0
123,isolated_vertex_count,0
124,isolated_vertex_count,0
125,isolated_vertex_count,0
126,isolated_vertex_count,0
127,isolated_vertex_count,0
128,isolated_vertex_count,0
129,isolated_vertex_count,0
130,isolated_vertex_count,0
131,isolated_vertex_count,0
132,isolated_vertex_count,0
133,isolated_vertex_count,0
134,isolated_vertex_count,0
135,isolated_vertex_count,0
136,isolated_vertex_count,0
137,isolated_vertex_count,0
138,isolated_vertex_count,0
139,isolated_vertex_count,0
140,isolated_vertex_count,0
141,isolated_vertex_count,0
142,isolated_vertex_count,0
143,isolated_vertex_count,0
144,isolated_vertex_count,0
145,isolated_vertex_count,0
146,isolated_vertex_count,0
147,isolated_vertex_count,0
148,isolated_vertex_count,0
149,isolated_vertex_count,0
150,isolated_vertex_count,0
151,isolated_vertex_count,0
152,isolated_vertex_count,0
153,isolated_vertex_count,0
154,isolated_vertex_count,0
155,isolated_vertex_count,0
156,isolated_vertex_count,0
157,isolated_vertex_count,0
158,isolated_vertex_count,0
159,isolated_vertex_count,0
160,isolated_vertex_count,0
161,isolated_vertex_count,0
162,isolated_vertex_count,0
163,isolated_vertex_count,0
164,isolated_vertex_count,0
165,isolated_vertex_count,0
166,isolated_vertex_count,0
167,isolated_vertex_count,0
168,isolated_vertex_count,0
169,isolated_vertex_count,0
170,isolated_vertex_count,0
171,isolated_vertex_count,0
172,isolated_vertex_count,0
173,isolated_vertex_count,0
174,isolated_vertex_count,0
175,isolated_vertex_count,0
176,isolated_vertex_count,0
177,isolated_vertex_count,0
178,isolated_vertex_count,0
179,isolated_vertex_count,0
180,isolated_vertex_count,0
181,isolated_vertex_count,0
182,isolated_vertex_count,0
183,isolated_vertex_count,0
184,isolated_vertex_count,0
185,isolated_vertex_count,0
186,isolated_vertex_count,0
187,isolated_vertex_count,0
188,isolated_vertex_count,0
189,isolated_vertex_count,0
190,isolated_vertex_count,0
191,isolated_vertex_count,0
192,isolated_vertex_count,0
193,isolated_vertex_count,0
194,isolated_vertex_count,0
195,isolated_vertex_count,0
196,isolated_vertex_count,0
197,isolated_vertex_count,0
198,isolated_vertex_count,0
199,isolated_vertex_count,0
200,isolated_vertex_count,0
201,isolated_vertex_count,0
202,isolated_vertex_count,0
203,isolated_vertex_count,0
204,isolated_vertex_count,0
205,isolated_vertex_count,0
206,isolated_vertex_count,0
207,isolated_vertex_count,0
208,isolated_vertex_count,0
209,isolated_vertex_count,0
210,isolated_vertex_count,0
211,isolated_vertex_count,0
212,isolated_vertex_count,0
213,isolated_vertex_count,0
214,isolated_vertex_count,0
215,isolated_vertex_count,0
216,isolated_vertex_count,0
217,isolated_vertex_count,0
218,isolated_vertex_count,0
219,isolated_vertex_count,0
220,isolated_vertex_count,0
221,isolated_vertex_count,0
222,isolated_vertex_count,0
223,isolated_vertex_count,0
224,isolated_vertex_count,0
225,isolated_vertex_count,0
226,isolated_vertex_count,0
227,isolated_vertex_count,0
228,isolated_vertex_count,0
229,isolated_vertex_count,0
230,isolated_vertex_count,0
231,isolated_vertex_count,0
232,isolated_vertex_count,0
233,isolated_vertex_count,0
234,isolated_vertex_count,0
235,isolated_vertex_count,0
236,isolated_vertex_count,0
237,isolated_vertex_count,0
238,isolated_vertex_count,0
239,isolated_vertex_count,0
240,isolated_vertex_count,0
241,isolated_vertex_count,0
242,isolated_vertex_count,0
243,isolated_vertex_count,0
244,isolated_vertex_count,0
245,isolated_vertex_count,0
246,isolated_vertex_count,0
247,isolated_vertex_count,0
248,isolated_vertex_count,0
249,isolated_vertex_count,0
250,isolated_vertex_count,0
251,isolated_vertex_count,0
252,isolated_vertex_count,0
253,isolated_vertex_count,0
254,isolated_vertex_count,0
255,isolated_vertex_count,0
256,isolated_vertex_count,0
257,isolated_vertex_count,0
258,isolated_vertex_count,0
259,isolated_vertex_count,0
260,isolated_vertex_count,0
261,isolated_vertex_count,0
262,isolated_vertex_count,0
263,isolated_vertex_count,0
264,isolated_vertex_count,0
265,isolated_vertex_count,0
266,isolated_vertex_count,0
267,isolated_vertex_count,0
268,isolated_vertex_count,0
269,isolated_vertex_count,0
270,isolated_vertex_count,0
271,isolated_vertex_count,0
272,isolated_vertex_count,0
273,isolated_vertex_count,0
274,isolated_vertex_count,0
275,isolated_vertex_count,0
276,isolated_vertex_count,0
277,isolated_vertex_count,0
278,isolated_vertex_count,0
279,isolated_vertex_count,0
280,isolated_vertex_count,0
281,isolated_vertex_count,0
282,isolated_vertex_count,0
283,isolated_vertex_count,0
284,isolated_vertex_count,0
285,isolated_vertex_count,0
286,isolated_vertex_count,0
287,isolated_vertex_count,0
288,isolated_vertex_count,0
289,isolated_vertex_count,0
290,isolated_vertex_count,0
291,isolated_vertex_count,0
292,isolated_vertex_count,0
293,isolated_vertex_count,0
294,isolated_vertex_count,0
295,isolated_vertex_count,0
296,isolated_vertex_count,0
297,isolated_vertex_count,0
298,isolated_vertex_count,0
299,isolated_vertex_count,0
300,isolated_vertex_count,0
301,isolated_vertex_count,0
302,isolated_vertex_count,0
303,isolated_vertex_count,0
304,isolated_vertex_count,0
305,isolated_vertex_count,0
306,isolated_vertex_count,0
307,isolated_vertex_count,0
308,isolated_vertex_count,0
309,isolated_vertex_count,0
310,isolated_vertex_count,0
311,isolated_vertex_count,0
312,isolated_vertex_count,0
313,isolated_vertex_count,0
314,isolated_vertex_count,0
315,isolated_vertex_count,0
316,isolated_vertex_count,0
317,isolated_vertex_count,0
318,isolated_vertex_count,0
319,isolated_vertex_count,0
320,isolated_vertex_count,0
321,isolated_vertex_count,0
322,isolated_vertex_count,0
323,isolated_vertex_count,0
324,isolated_vertex_count,0
325,isolated_vertex_count,0
326,isolated_vertex_count,0
327,isolated_vertex_count,0
328,isolated_vertex_count,0
329,isolated_vertex_count,0
330,isolated_vertex_count,0
331,isolated_vertex_count,0
332,isolated_vertex_count,0
333,isolated_vertex_count,0
334,isolated_vertex_count,0
335,isolated_vertex_count,0
336,isolated_vertex_count,0
337,isolated_vertex_count,0
338,isolated_vertex_count,0
339,isolated_vertex_count,0
340,isolated_vertex_count,0
341,isolated_vertex_count,0
342,isolated_vertex_count,0
343,isolated_vertex_count,0
344,isolated_vertex_count,0
345,isolated_vertex_count,0
346,isolated_vertex_count,0
347,isolated_vertex_count,0
348,isolated_vertex_count,0
349,isolated_vertex_count,0
350,isolated_vertex_count,0
351,isolated_vertex_count,0
352,isolated_vertex_count,0
353,isolated_vertex_count,0
354,isolated_vertex_count,0
355,isolated_vertex_count,0
356,isolated_vertex_count,0
357,isolated_vertex_count,0
358,isolated_vertex_count,0
359,isolated_vertex_count,0
360,isolated_vertex_count,0
361,isolated_vertex_count,0
362,isolated_vertex_count,0
363,isolated_vertex_count,0
364,isolated_vertex_count,0
365,isolated_vertex_count,0
366,isolated_vertex_count,0
367,isolated_vertex_count,0
368,isolated_vertex_count,0
369,isolated_vertex_count,0
370,isolated_vertex_count,0
371,isolated_vertex_count,0
372,isolated_vertex_count,0
373,isolated_vertex_count,0
374,isolated_vertex_count,0
375,isolated_vertex_count,0
376,isolated_vertex_count,0
377,isolated_vertex_count,0
378,isolated_vertex_count,0
379,isolated_vertex_count,0
380,isolated_vertex_count,0
381,isolated_vertex_count,0
382,isolated_vertex_count,0
383,isolated_vertex_count,0
384,isolated_vertex_count,0
385,isolated_vertex_count,0
386,isolated_vertex_count,0
387,isolated_vertex_count,0
388,isolated_vertex_count,0
389,isolated_vertex_count,0
390,isolated_vertex_count,0
391,isolated_vertex_count,0
392,isolated_vertex_count,0
393,isolated_vertex_count,0
394,isolated_vertex_count,0
395,isolated_vertex_count,0
396,isolated_vertex_count,0
397,isolated_vertex_count,0
398,isolated_vertex_count,0
399,isolated_vertex_count,0
400,isolated_vertex_count,0
401,isolated_vertex_count,0
402,isolated_vertex_count,0
403,isolated_vertex_count,0
404,isolated_vertex_count,0
405,isolated_vertex_count,0
406,isolated_vertex_count,0
407,isolated_vertex_count,0
408,isolated_vertex_count,0
409,isolated_vertex_count,0
410,isolated_vertex_count,0
411,isolated_vertex_count,0
412,isolated_vertex_count,0
413,isolated_vertex_count,0
414,isolated_vertex_count,0
415,isolated_vertex_count,0
416,isolated_vertex_count,0
417,isolated_vertex_count,0
418,isolated_vertex_count,0
419,isolated_vertex_count,0
420,isolated_vertex_count,0
421,isolated_vertex_count,0
422,isolated_vertex_count,0
423,isolated_vertex_count,0
424,isolated_vertex_count,0
425,isolated_vertex_count,0
426,isolated_vertex_count,0
427,isolated_vertex_count,0
428,isolated_vertex_count,0
429,isolated_vertex_count,0
430,isolated_vertex_count,0
431,isolated_vertex_count,0
432,isolated_vertex_count,0
433,isolated_vertex_count,0
434,isolated_vertex_count,0
435,isolated_vertex_count,0
436,isolated_vertex_count,0
437,isolated_vertex_count,0
438,isolated_vertex_count,0
439,isolated_vertex_count,0
440,isolated_vertex_count,0
441,isolated_vertex_count,0
442,isolated_vertex_count,0
443,isolated_vertex_count,0
444,isolated_vertex_count,0
445,isolated_vertex_count,0
446,isolated_vertex_count,0
447,isolated_vertex_count,0
448,isolated_vertex_count,0
449,isolated_vertex_count,0
450,isolated_vertex_count,0
451,isolated_vertex_count,0
452,isolated_vertex_count,0
453,isolated_vertex_count,0
454,isolated_vertex_count,0
455,isolated_vertex_count,0
456,isolated_vertex_count,0
457,isolated_vertex_count,0
458,isolated_vertex_count,0
459,isolated_vertex_count,0
460,isolated_vertex_count,0
461,isolated_vertex_count,0
462,isolated_vertex_count,0
463,isolated_vertex_count,0
464,isolated_vertex_count,0
465,isolated_vertex_count,0
466,isolated_vertex_count,0
467,isolated_vertex_count,0
468,isolated_vertex_count,0
469,isolated_vertex_count,0
470,isolated_vertex_count,0
471,isolated_vertex_count,0
472,isolated_vertex_count,0
473,isolated_vertex_count,0
474,isolated_vertex_count,0
475,isolated_vertex_count,0
476,isolated_vertex_count,0
477,isolated_vertex_count,0
478,isolated_vertex_count,0
479,isolated_vertex_count,0
480,isolated_vertex_count,0
481,isolated_vertex_count,0
482,isolated_vertex_count,0
483,isolated_vertex_count,0
484,isolated_vertex_count,0
485,isolated_vertex_count,0
486,isolated_vertex_count,0
487,isolated_vertex_count,0
488,isolated_vertex_count,0
489,isolated_vertex_count,0
490,isolated_vertex_count,0
491,isolated_vertex_count,0
492,isolated_vertex_count,0
493,isolated_vertex_count,0
494,isolated_vertex_count,0
495,isolated_vertex_count,0
496,isolated_vertex_count,0
497,isolated_vertex_count,0
498,isolated_vertex_count,0
499,isolated_vertex_count,0
500,isolated_vertex_count,0
501,isolated_vertex_count,0
502,isolated_vertex_count,0
503,isolated_vertex_count,0
504,isolated_vertex_count,0
505,isolated_vertex_count,0
506,isolated_vertex_count,0
507,isolated_vertex_count,0
508,isolated_vertex_count,0
509,isolated_vertex_count,0
510,isolated_vertex_count,0
511,isolated_vertex_count,0
512,isolated_vertex_count,0
513,isolated_vertex_count,0
514,isolated_vertex_count,0
515,isolated_vertex_count,0
516,isolated_vertex_count,0
517,isolated_vertex_count,0
518,isolated_vertex_count,0
519,isolated_vertex_count,0
520,isolated_vertex_count,0
521,isolated_vertex_count,0
522,isolated_vertex_count,0
523,isolated_vertex_count,0
524,isolated_vertex_count,0
525,isolated_vertex_count,0
526,isolated_vertex_count,0
527,isolated_vertex_count,0
528,isolated_vertex_count,0
529,isolated_vertex_count,0
530,isolated_vertex_count,0
531,isolated_vertex_count,0
532,isolated_vertex_count,0
533,isolated_vertex_count,0
534,isolated_vertex_count,0
535,isolated_vertex_count,0
536,isolated_vertex_count,0
537,isolated_vertex_count,0
538,isolated_vertex_count,0
539,isolated_vertex_count,0
540,isolated_vertex_count,0
541,isolated_vertex_count,0
542,isolated_vertex_count,0
543,isolated_vertex_count,0
544,isolated_vertex_count,0
545,isolated_vertex_count,0
546,isolated_vertex_count,0
547,isolated_vertex_count,0
548,isolated_vertex_count,0
549,isolated_vertex_count,0
550,isolated_vertex_count,0
551,isolated_vertex_count,0
552,isolated_vertex_count,0
553,isolated_vertex_count,0
554,isolated_vertex_count,0
555,isolated_vertex_count,0
556,isolated_vertex_count,0
557,isolated_vertex_count,0
558,isolated_vertex_count,0
559,isolated_vertex_count,0
560,isolated_vertex_count,0
561,isolated_vertex_count,0
562,isolated_vertex_count,0
563,isolated_vertex_count,0
564,isolated_vertex_count,0
565,isolated_vertex_count,0
566,isolated_vertex_count,0
567,isolated_vertex_count,0
568,isolated_vertex_count,0
569,isolated_vertex_count,0
570,isolated_vertex_count,0
571,isolated_vertex_count,0
572,isolated_vertex_count,0
573,isolated_vertex_count,0
574,isolated_vertex_count,0
575,isolated_vertex_count,0
576,isolated_vertex_count,0
577,isolated_vertex_count,0
578,isolated_vertex_count,0
579,isolated_vertex_count,0
580,isolated_vertex_count,0
581,isolated_vertex_count,0
582,isolated_vertex_count,0
583,isolated_vertex_count,0
584,isolated_vertex_count,0
585,isolated_vertex_count,0
586,isolated_vertex_count,0
587,isolated_vertex_count,0
588,isolated_vertex_count,0
589,isolated_vertex_count,0
590,isolated_vertex_count,0
591,isolated_vertex_count,0
592,isolated_vertex_count,0
593,isolated_vertex_count,0
594,isolated_vertex_count,0
595,isolated_vertex_count,0
596,isolated_vertex_count,0
597,isolated_vertex_count,0
598,isolated_vertex_count,0
599,isolated_vertex_count,0
600,isolated_vertex_count,0
601,isolated_vertex_count,0
602,isolated_vertex_count,0
603,isolated_vertex_count,0
604,isolated_vertex_count,0
605,isolated_vertex_count,0
606,isolated_vertex_count,0
607,isolated_vertex_count,0
608,isolated_vertex_count,0
609,isolated_vertex_count,0
610,isolated_vertex_count,0
611,isolated_vertex_count,0
612,isolated_vertex_count,0
613,isolated_vertex_count,0
614,isolated_vertex_count,0
615,isolated_vertex_count,0
616,isolated_vertex_count,0
617,isolated_vertex_count,0
618,isolated_vertex_count,0
619,isolated_vertex_count,0
620,isolated_vertex_count,0
621,isolated_vertex_count,0
622,isolated_vertex_count,0
623,isolated_vertex_count,0
624,isolated_vertex_count,0
625,isolated_vertex_count,0
626,isolated_vertex_count,0
627,isolated_vertex_count,0
628,isolated_vertex_count,0
629,isolated_vertex_count,0
630,isolated_vertex_count,0
631,isolated_vertex_count,0
632,isolated_vertex_count,0
633,isolated_vertex_count,0
634,isolated_vertex_count,0
635,isolated_vertex_count,0
636,isolated_vertex_count,0
637,isolated_vertex_count,0
638,isolated_vertex_count,0
639,isolated_vertex_count,0
640,isolated_vertex_count,0
641,isolated_vertex_count,0
642,isolated_vertex_count,0
643,isolated_vertex_count,0
644,isolated_vertex_count,0
645,isolated_vertex_count,0
646,isolated_vertex_count,0
647,isolated_vertex_count,0
648,isolated_vertex_count,0
649,isolated_vertex_count,0
650,isolated_vertex_count,0
651,isolated_vertex_count,0
652,isolated_vertex_count,0
653,isolated_vertex_count,0
654,isolated_vertex_count,0
655,isolated_vertex_count,0
656,isolated_vertex_count,0
657,isolated_vertex_count,0
658,isolated_vertex_count,0
659,isolated_vertex_count,0
660,isolated_vertex_count,0
661,isolated_vertex_count,0
662,isolated_vertex_count,0
663,isolated_vertex_count,0
664,isolated_vertex_count,0
665,isolated_vertex_count,0
666,isolated_vertex_count,0
667,isolated_vertex_count,0
668,isolated_vertex_count,0
669,isolated_vertex_count,0
670,isolated_vertex_count,0
671,isolated_vertex_count,0
672,isolated_vertex_count,0
673,isolated_vertex_count,0
674,isolated_vertex_count,0
675,isolated_vertex_count,0
676,isolated_vertex_count,0
677,isolated_vertex_count,0
678,isolated_vertex_count,0
679,isolated_vertex_count,0
680,isolated_vertex_count,0
681,isolated_vertex_count,0
682,isolated_vertex_count,0
683,isolated_vertex_count,0
684,isolated_vertex_count,0
685,isolated_vertex_count,0
686,isolated_vertex_count,0
687,isolated_vertex_count,0
688,isolated_vertex_count,0
689,isolated_vertex_count,0
690,isolated_vertex_count,0
691,isolated_vertex_count,0
692,isolated_vertex_count,0
693,isolated_vertex_count,0
694,isolated_vertex_count,0
695,isolated_vertex_count,0
696,isolated_vertex_count,0
697,isolated_vertex_count,0
698,isolated_vertex_count,0
699,isolated_vertex_count,0
700,isolated_vertex_count,0
701,isolated_vertex_count,0
702,isolated_vertex_count,0
703,isolated_vertex_count,0
704,isolated_vertex_count,0
705,isolated_vertex_count,0
706,isolated_vertex_count,0
707,isolated_vertex_count,0
708,isolated_vertex_count,0
709,isolated_vertex_count,0
710,isolated_vertex_count,0
711,isolated_vertex_count,0
712,isolated_vertex_count,0
713,isolated_vertex_count,0
714,isolated_vertex_count,0
715,isolated_vertex_count,0
716,isolated_vertex_count,0
717,isolated_vertex_count,0
718,isolated_vertex_count,0
719,isolated_vertex_count,0
720,isolated_vertex_count,0
721,isolated_vertex_count,0
722,isolated_vertex_count,0
723,isolated_vertex_count,0
724,isolated_vertex_count,0
725,isolated_vertex_count,0
726,isolated_vertex_count,0
727,isolated_vertex_count,0
728,isolated_vertex_count,0
729,isolated_vertex_count,0
730,isolated_vertex_count,0
731,isolated_vertex_count,0
732,isolated_vertex_count,0
733,isolated_vertex_count,0
734,isolated_vertex_count,0
735,isolated_vertex_count,0
736,isolated_vertex_count,0
737,isolated_vertex_count,0
738,isolated_vertex_count,0
739,isolated_vertex_count,0
740,isolated_vertex_count,0
741,isolated_vertex_count,0
742,isolated_vertex_count,0
743,isolated_vertex_count,0
744,isolated_vertex_count,0
745,isolated_vertex_count,0
746,isolated_vertex_count,0
747,isolated_vertex_count,0
748,isolated_vertex_count,0
749,isolated_vertex_count,0
750,isolated_vertex_count,0
751,isolated_vertex_count,0
752,isolated_vertex_count,0
753,isolated_vertex_count,0
754,isolated_vertex_count,0
755,isolated_vertex_count,0
756,isolated_vertex_count,0
757,isolated_vertex_count,0
758,isolated_vertex_count,0
759,isolated_vertex_count,0
760,isolated_vertex_count,0
761,isolated_vertex_count,0
762,isolated_vertex_count,0
763,isolated_vertex_count,0
764,isolated_vertex_count,0
765,isolated_vertex_count,0
766,isolated_vertex_count,0
767,isolated_vertex_count,0
768,isolated_vertex_count,0
769,isolated_vertex_count,0
770,isolated_vertex_count,0
771,isolated_vertex_count,0
772,isolated_vertex_count,0
773,isolated_vertex_count,0
774,isolated_vertex_count,0
775,isolated_vertex_count,0
776,isolated_vertex_count,0
777,isolated_vertex_count,0
778,isolated_vertex_count,0
779,isolated_vertex_count,0
780,isolated_vertex_count,0
781,isolated_vertex_count,0
782,isolated_vertex_count,0
783,isolated_vertex_count,0
784,isolated_vertex_count,0
785,isolated_vertex_count,0
786,isolated_vertex_count,0
787,isolated_vertex_count,0
788,isolated_vertex_count,0
789,isolated_vertex_count,0
790,isolated_vertex_count,0
791,isolated_vertex_count,0
792,isolated_vertex_count,0
793,isolated_vertex_count,0
794,isolated_vertex_count,0
795,isolated_vertex_count,0
796,isolated_vertex_count,0
797,isolated_vertex_count,0
798,isolated_vertex_count,0
799,isolated_vertex_count,0
800,isolated_vertex_count,0
801,isolated_vertex_count,0
802,isolated_vertex_count,0
803,isolated_vertex_count,0
804,isolated_vertex_count,0
805,isolated_vertex_count,0
806,isolated_vertex_count,0
807,isolated_vertex_count,0
808,isolated_vertex_count,0
809,isolated_vertex_count,0
810,isolated_vertex_count,0
811,isolated_vertex_count,0
812,isolated_vertex_count,0
813,isolated_vertex_count,0
814,isolated_vertex_count,0
815,isolated_vertex_count,0
816,isolated_vertex_count,0
817,isolated_vertex_count,0
818,isolated_vertex_count,0
819,isolated_vertex_count,0
820,isolated_vertex_count,0
821,isolated_vertex_count,0
822,isolated_vertex_count,0
823,isolated_vertex_count,0
824,isolated_vertex_count,0
825,isolated_vertex_count,0
826,isolated_vertex_count,0
827,isolated_vertex_count,0
828,isolated_vertex_count,0
829,isolated_vertex_count,0
830,isolated_vertex_count,0
831,isolated_vertex_count,0
832,isolated_vertex_count,0
833,isolated_vertex_count,0
834,isolated_vertex_count,0
835,isolated_vertex_count,0
836,isolated_vertex_count,0
837,isolated_vertex_count,0
838,isolated_vertex_count,0
839,isolated_vertex_count,0
840,isolated_vertex_count,0
841,isolated_vertex_count,0
842,isolated_vertex_count,0
843,isolated_vertex_count,0
844,isolated_vertex_count,0
845,isolated_vertex_count,0
846,isolated_vertex_count,0
847,isolated_vertex_count,0
848,isolated_vertex_count,0
849,isolated_vertex_count,0
850,isolated_vertex_count,0
851,isolated_vertex_count,0
852,isolated_vertex_count,0
853,isolated_vertex_count,0
854,isolated_vertex_count,0
855,isolated_vertex_count,0
856,isolated_vertex_count,0
857,isolated_vertex_count,0
858,isolated_vertex_count,0
859,isolated_vertex_count,0
860,isolated_vertex_count,0
861,isolated_vertex_count,0
862,isolated_vertex_count,0
863,isolated_vertex_count,0
864,isolated_vertex_count,0
865,isolated_vertex_count,0
866,isolated_vertex_count,0
867,isolated_vertex_count,0
868,isolated_vertex_count,0
869,isolated_vertex_count,0
870,isolated_vertex_count,0
871,isolated_vertex_count,0
872,isolated_vertex_count,0
873,isolated_vertex_count,0
874,isolated_vertex_count,0
875,isolated_vertex_count,0
876,isolated_vertex_count,0
877,isolated_vertex_count,0
878,isolated_vertex_count,0
879,isolated_vertex_count,0
880,isolated_vertex_count,0
881,isolated_vertex_count,0
882,isolated_vertex_count,0
883,isolated_vertex_count,0
884,isolated_vertex_count,0
885,isolated_vertex_count,0
886,isolated_vertex_count,0
887,isolated_vertex_count,0
888,isolated_vertex_count,0
889,isolated_vertex_count,0
890,isolated_vertex_count,0
891,isolated_vertex_count,0
892,isolated_vertex_count,0
893,isolated_vertex_count,0
894,isolated_vertex_count,0
895,isolated_vertex_count,0
896,isolated_vertex_count,0
897,isolated_vertex_count,0
898,isolated_vertex_count,0
899,isolated_vertex_count,0
900,isolated_vertex_count,0
901,isolated_vertex_count,0
902,isolated_vertex_count,0
903,isolated_vertex_count,0
904,isolated_vertex_count,0
905,isolated_vertex_count,0
906,isolated_vertex_count,0
907,isolated_vertex_count,0
908,isolated_vertex_count,0
909,isolated_vertex_count,0
910,isolated_vertex_count,0
911,isolated_vertex_count,0
912,isolated_vertex_count,0
913,isolated_vertex_count,0
914,isolated_vertex_count,0
915,isolated_vertex_count,0
916,isolated_vertex_count,0
917,isolated_vertex_count,0
918,isolated_vertex_count,0
919,isolated_vertex_count,0
920,isolated_vertex_count,0
921,isolated_vertex_count,0
922,isolated_vertex_count,0
923,isolated_vertex_count,0
924,isolated_vertex_count,0
925,isolated_vertex_count,0
926,isolated_vertex_count,0
927,isolated_vertex_count,0
928,isolated_vertex_count,0
929,isolated_vertex_count,0
930,isolated_vertex_count,0
931,isolated_vertex_count,0
932,isolated_vertex_count,0
933,isolated_vertex_count,0
934,isolated_vertex_count,0
935,isolated_vertex_count,0
936,isolated_vertex_count,0
937,isolated_vertex_count,0
938,isolated_vertex_count,0
939,isolated_vertex_count,0
940,isolated_vertex_count,0
941,isolated_vertex_count,0
942,isolated_vertex_count,0
943,isolated_vertex_count,0
944,isolated_vertex_count,0
945,isolated_vertex_count,0
946,isolated_vertex_count,0
947,isolated_vertex_count,0
948,isolated_vertex_count,0
949,isolated_vertex_count,0
950,isolated_vertex_count,0
951,isolated_vertex_count,0
952,isolated_vertex_count,0
953,isolated_vertex_count,0
954,isolated_vertex_count,0
955,isolated_vertex_count,0
956,isolated_vertex_count,0
957,isolated_vertex_count,0
958,isolated_vertex_count,0
959,isolated_vertex_count,0
960,isolated_vertex_count,0
961,isolated_vertex_count,0
962,isolated_vertex_count,0
963,isolated_vertex_count,0
964,isolated_vertex_count,0
965,isolated_vertex_count,0
966,isolated_vertex_count,0
967,isolated_vertex_count,0
968,isolated_vertex_count,0
969,isolated_vertex_count,0
970,isolated_vertex_count,0
971,isolated_vertex_count,0
972,isolated_vertex_count,0
973,isolated_vertex_count,0
974,isolated_vertex_count,0
975,isolated_vertex_count,0
976,isolated_vertex_count,0
977,isolated_vertex_count,0
978,isolated_vertex_count,0
979,isolated_vertex_count,0
980,isolated_vertex_count,0
981,isolated_vertex_count,0
982,isolated_vertex_count,0
983,isolated_vertex_count,0
984,isolated_vertex_count,0
985,isolated_vertex_count,0
986,isolated_vertex_count,0
987,isolated_vertex_count,0
988,isolated_vertex_count,0
989,isolated_vertex_count,0
990,isolated_vertex_count,0
991,isolated_vertex_count,0
992,isolated_vertex_count,0
993,isolated_vertex_count,0
994,isolated_vertex_count,0
995,isolated_vertex_count,0
996,isolated_vertex_count,0
997,isolated_vertex_count,0
998,isolated_vertex_count,0
999,isolated_vertex_count,0
1000,isolated_vertex_count,0
1001,isolated_vertex_count,0
1002,isolated_vertex_count,0
1003,isolated_vertex_count,0
1004,isolated_vertex_count,0
1005,isolated_vertex_count,0
1006,isolated_vertex_count,0
1007,isolated_vertex_count,0
1008,isolated_vertex_count,0
1009,isolated_vertex_count,0
1010,isolated_vertex_count,0
1011,isolated_vertex_count,0
1012,isolated_vertex_count,0
1013,isolated_vertex_count,0
1014,isolated_vertex_count,0
1015,isolated_vertex_count,0
1016,isolated_vertex_count,0
1017,isolated_vertex_count,0
1018,isolated_vertex_count,0
1019,isolated_vertex_count,0
1020,isolated_vertex_count,0
1021,isolated_vertex_count,0
1022,isolated_vertex_count,0
1023,isolated_vertex_count,0
1024,isolated_vertex_count,0
1025,isolated_vertex_count,0
1026,isolated_vertex_count,0
1027,isolated_vertex_count,0
1028,isolated_vertex_count,0
1029,isolated_vertex_count,0
1030,isolated_vertex_count,0
1031,isolated_vertex_count,0
1032,isolated_vertex_count,0
1033,isolated_vertex_count,0
1034,isolated_vertex_count,0
1035,isolated_vertex_count,0
1036,isolated_vertex_count,0
1037,isolated_vertex_count,0
1038,isolated_vertex_count,0
1039,isolated_vertex_count,0
1040,isolated_vertex_count,0
1041,isolated_vertex_count,0
1042,isolated_vertex_count,0
1043,isolated_vertex_count,0
1044,isolated_vertex_count,0
1045,isolated_vertex_count,0
1046,isolated_vertex_count,0
1047,isolated_vertex_count,0
1048,isolated_vertex_count,0
1049,isolated_vertex_count,0
1050,isolated_vertex_count,0
1051,isolated_vertex_count,0
1052,isolated_vertex_count,0
1053,isolated_vertex_count,0
1054,isolated_vertex_count,0
1055,isolated_vertex_count,0
1056,isolated_vertex_count,0
1057,isolated_vertex_count,0
1058,isolated_vertex_count,0
1059,isolated_vertex_count,0
1060,isolated_vertex_count,0
1061,isolated_vertex_count,0
1062,isolated_vertex_count,0
1063,isolated_vertex_count,0
1064,isolated_vertex_count,0
1065,isolated_vertex_count,0
1066,isolated_vertex_count,0
1067,isolated_vertex_count,0
1068,isolated_vertex_count,0
1069,isolated_vertex_count,0
1070,isolated_vertex_count,0
1071,isolated_vertex_count,0
1072,isolated_vertex_count,0
1073,isolated_vertex_count,0
1074,isolated_vertex_count,0
1075,isolated_vertex_count,0
1076,isolated_vertex_count,0
1077,isolated_vertex_count,0
1078,isolated_vertex_count,0
1079,isolated_vertex_count,0
1080,isolated_vertex_count,0
1081,isolated_vertex_count,0
1082,isolated_vertex_count,0
1083,isolated_vertex_count,0
1084,isolated_vertex_count,0
1085,isolated_vertex_count,0
1086,isolated_vertex_count,0
1087,isolated_vertex_count,0
1088,isolated_vertex_count,0
1089,isolated_vertex_count,0
1090,isolated_vertex_count,0
1091,isolated_vertex_count,0
1092,isolated_vertex_count,0
1093,isolated_vertex_count,0
1094,isolated_vertex_count,0
1095,isolated_vertex_count,0
1096,isolated_vertex_count,0
1097,isolated_vertex_count,0
1098,isolated_vertex_count,0
1099,isolated_vertex_count,0
1100,isolated_vertex_count,0
1101,isolated_vertex_count,0
1102,isolated_vertex_count,0
1103,isolated_vertex_count,0
1104,isolated_vertex_count,0
1105,isolated_vertex_count,0
1106,isolated_vertex_count,0
1107,isolated_vertex_count,0
1108,isolated_vertex_count,0
1109,isolated_vertex_count,0
1110,isolated_vertex_count,0
1111,isolated_vertex_count,0
1112,isolated_vertex_count,0
1113,isolated_vertex_count,0
1114,isolated_vertex_count,0
1115,isolated_vertex_count,0
1116,isolated_vertex_count,0
1117,isolated_vertex_count,0
1118,isolated_vertex_count,0
1119,isolated_vertex_count,0
1120,isolated_vertex_count,0
1121,isolated_vertex_count,0
1122,isolated_vertex_count,0
1123,isolated_vertex_count,0
1124,isolated_vertex_count,0
1125,isolated_vertex_count,0
1126,isolated_vertex_count,0
1127,isolated_vertex_count,0
1128,isolated_vertex_count,0
1129,isolated_vertex_count,0
1130,isolated_vertex_count,0
1131,isolated_vertex_count,0
1132,isolated_vertex_count,0
1133,isolated_vertex_count,0
1134,isolated_vertex_count,0
1135,isolated_vertex_count,0
1136,isolated_vertex_count,0
1137,isolated_vertex_count,0
1138,isolated_vertex_count,0
1139,isolated_vertex_count,0
1140,isolated_vertex_count,0
1141,isolated_vertex_count,0
1142,isolated_vertex_count,0
1143,isolated_vertex_count,0
1144,isolated_vertex_count,0
1145,isolated_vertex_count,0
1146,isolated_vertex_count,0
1147,isolated_vertex_count,0
1148,isolated_vertex_count,0
1149,isolated_vertex_count,0
1150,isolated_vertex_count,0
1151,isolated_vertex_count,0
1152,isolated_vertex_count,0
1153,isolated_vertex_count,0
1154,isolated_vertex_count,0
1155,isolated_vertex_count,0
1156,isolated_vertex_count,0
1157,isolated_vertex_count,0
1158,isolated_vertex_count,0
1159,isolated_vertex_count,0
1160,isolated_vertex_count,0
1161,isolated_vertex_count,0
1162,isolated_vertex_count,0
1163,isolated_vertex_count,0
1164,isolated_vertex_count,0
1165,isolated_vertex_count,0
1166,isolated_vertex_count,0
1167,isolated_vertex_count,0
1168,isolated_vertex_count,0
1169,isolated_vertex_count,0
1170,isolated_vertex_count,0
1171,isolated_vertex_count,0
1172,isolated_vertex_count,0
1173,isolated_vertex_count,0
1174,isolated_vertex_count,0
1175,isolated_vertex_count,0
1176,isolated_vertex_count,0
1177,isolated_vertex_count,0
1178,isolated_vertex_count,0
1179,isolated_vertex_count,0
1180,isolated_vertex_count,0
1181,isolated_vertex_count,0
1182,isolated_vertex_count,0
1183,isolated_vertex_count,0
1184,isolated_vertex_count,0
1185,isolated_vertex_count,0
1186,isolated_vertex_count,0
1187,isolated_vertex_count,0
1188,isolated_vertex_count,0
1189,isolated_vertex_count,0
1190,isolated_vertex_count,0
1191,isolated_vertex_count,0
1192,isolated_vertex_count,0
1193,isolated_vertex_count,0
1194,isolated_vertex_count,0
1195,isolated_vertex_count,0
1196,isolated_vertex_count,0
1197,isolated_vertex_count,0
1198,isolated_vertex_count,0
1199,isolated_vertex_count,0
1200,isolated_vertex_count,0
1201,isolated_vertex_count,0
1202,isolated_vertex_count,0
1203,isolated_vertex_count,0
1204,isolated_vertex_count,0
1205,isolated_vertex_count,0
1206,isolated_vertex_count,0
1207,isolated_vertex_count,0
1208,isolated_vertex_count,0
1209,isolated_vertex_count,0
1210,isolated_vertex_count,0
1211,isolated_vertex_count,0
1212,isolated_vertex_count,0
1213,isolated_vertex_count,0
1214,isolated_vertex_count,0
1215,isolated_vertex_count,0
1216,isolated_vertex_count,0
1217,isolated_vertex_count,0
1218,isolated_vertex_count,0
1219,isolated_vertex_count,0
1220,isolated_vertex_count,0
1221,isolated_vertex_count,0
1222,isolated_vertex_count,0
1223,isolated_vertex_count,0
1224,isolated_vertex_count,0
1225,isolated_vertex_count,0
1226,isolated_vertex_count,0
1227,isolated_vertex_count,0
1228,isolated_vertex_count,0
1229,isolated_vertex_count,0
1230,isolated_vertex_count,0
1231,isolated_vertex_count,0
1232,isolated_vertex_count,0
1233,isolated_vertex_count,0
1234,isolated_vertex_count,0
1235,isolated_vertex_count,0
1236,isolated_vertex_count,0
1237,isolated_vertex_count,0
1238,isolated_vertex_count,0
1239,isolated_vertex_count,0
1240,isolated_vertex_count,0
1241,isolated_vertex_count,0
1242,isolated_vertex_count,0
1243,isolated_vertex_count,0
1244,isolated_vertex_count,0
1245,isolated_vertex_count,0
1246,isolated_vertex_count,0
1247,isolated_vertex_count,0
1248,isolated_vertex_count,0
1249,isolated_vertex_count,0
1250,isolated_vertex_count,0
1251,isolated_vertex_count,0
1252,isolated_vertex_count,0
1253,isolated_vertex_count,0
1254,isolated_vertex_count,0
1255,isolated_vertex_count,0
1256,isolated_vertex_count,0
1257,isolated_vertex_count,0
1258,isolated_vertex_count,0
1259,isolated_vertex_count,0
1260,isolated_vertex_count,0
1261,isolated_vertex_count,0
1262,isolated_vertex_count,0
1263,isolated_vertex_count,0
1264,isolated_vertex_count,0
1265,isolated_vertex_count,0
1266,isolated_vertex_count,0
1267,isolated_vertex_count,0
1268,isolated_vertex_count,0
1269,isolated_vertex_count,0
1270,isolated_vertex_count,0
1271,isolated_vertex_count,0
1272,isolated_vertex_count,0
1273,isolated_vertex_count,0
1274,isolated_vertex_count,0
1275,isolated_vertex_count,0
1276,isolated_vertex_count,0
1277,isolated_vertex_count,0
1278,isolated_vertex_count,0
1279,isolated_vertex_count,0
1280,isolated_vertex_count,0
1281,isolated_vertex_count,0
1282,isolated_vertex_count,0
1283,isolated_vertex_count,0
1284,isolated_vertex_count,0
1285,isolated_vertex_count,0
1286,isolated_vertex_count,0
1287,isolated_vertex_count,0
1288,isolated_vertex_count,0
1289,isolated_vertex_count,0
1290,isolated_vertex_count,0
1291,isolated_vertex_count,0
1292,isolated_vertex_count,0
1293,isolated_vertex_count,0
1294,isolated_vertex_count,0
1295,isolated_vertex_count,0
1296,isolated_vertex_count,0
1297,isolated_vertex_count,0
1298,isolated_vertex_count,0
1299,isolated_vertex_count,0
1300,isolated_vertex_count,0
1301,isolated_vertex_count,0
1302,isolated_vertex_count,0
1303,isolated_vertex_count,0
1304,isolated_vertex_count,0
1305,isolated_vertex_count,0
1306,isolated_vertex_count,0
1307,isolated_vertex_count,0
1308,isolated_vertex_count,0
1309,isolated_vertex_count,0
1310,isolated_vertex_count,0
1311,isolated_vertex_count,0
1312,isolated_vertex_count,0
1313,isolated_vertex_count,0
1314,isolated_vertex_count,0
1315,isolated_vertex_count,0
1316,isolated_vertex_count,0
1317,isolated_vertex_count,0
1318,isolated_vertex_count,0
1319,isolated_vertex_count,0
1320,isolated_vertex_count,0
1321,isolated_vertex_count,0
1322,isolated_vertex_count,0
1323,isolated_vertex_count,0
1324,isolated_vertex_count,0
1325,isolated_vertex_count,0
1326,isolated_vertex_count,0
1327,isolated_vertex_count,0
1328,isolated_vertex_count,0
1329,isolated_vertex_count,0
1330,isolated_vertex_count,0
1331,isolated_vertex_count,0
1332,isolated_vertex_count,0
1333,isolated_vertex_count,0
1334,isolated_vertex_count,0
1335,isolated_vertex_count,0
1336,isolated_vertex_count,0
1337,isolated_vertex_count,0
1338,isolated_vertex_count,0
1339,isolated_vertex_count,0
1340,isolated_vertex_count,0
1341,isolated_vertex_count,0
1342,isolated_vertex_count,0
1343,isolated_vertex_count,0
1344,isolated_vertex_count,0
1345,isolated_vertex_count,0
1346,isolated_vertex_count,0
1347,isolated_vertex_count,0
1348,isolated_vertex_count,0
1349,isolated_vertex_count,0
1350,isolated_vertex_count,0
1351,isolated_vertex_count,0
1352,isolated_vertex_count,0
1353,isolated_vertex_count,0
1354,isolated_vertex_count,0
1355,isolated_vertex_count,0
1356,isolated_vertex_count,0
1357,isolated_vertex_count,0
1358,isolated_vertex_count,0
1359,isolated_vertex_count,0
1360,isolated_vertex_count,0
1361,isolated_vertex_count,0
1362,isolated_vertex_count,0
1363,isolated_vertex_count,0
1364,isolated_vertex_count,0
1365,isolated_vertex_count,0
1366,isolated_vertex_count,0
1367,isolated_vertex_count,0
1368,isolated_vertex_count,0
1369,isolated_vertex_count,0
1370,isolated_vertex_count,0
1371,isolated_vertex_count,0
1372,isolated_vertex_count,0
1373,isolated_vertex_count,0
1374,isolated_vertex_count,0
1375,isolated_vertex_count,0
1376,isolated_vertex_count,0
1377,isolated_vertex_count,0
1378,isolated_vertex_count,0
1379,isolated_vertex_count,0
1380,isolated_vertex_count,0
1381,isolated_vertex_count,0
1382,isolated_vertex_count,0
1383,isolated_vertex_count,0
1384,isolated_vertex_count,0
1385,isolated_vertex_count,0
1386,isolated_vertex_count,0
1387,isolated_vertex_count,0
1388,isolated_vertex_count,0
1389,isolated_vertex_count,0
1390,isolated_vertex_count,0
1391,isolated_vertex_count,0
1392,isolated_vertex_count,0
1393,isolated_vertex_count,0
1394,isolated_vertex_count,0
1395,isolated_vertex_count,0
1396,isolated_vertex_count,0
1397,isolated_vertex_count,0
1398,isolated_vertex_count,0
1399,isolated_vertex_count,0
1400,isolated_vertex_count,0
1401,isolated_vertex_count,0
1402,isolated_vertex_count,0
1403,isolated_vertex_count,0
1404,isolated_vertex_count,0
1405,isolated_vertex_count,0
1406,isolated_vertex_count,0
1407,isolated_vertex_count,0
1408,isolated_vertex_count,0
1409,isolated_vertex_count,0
1410,isolated_vertex_count,0
1411,isolated_vertex_count,0
1412,isolated_vertex_count,0
1413,isolated_vertex_count,0
1414,isolated_vertex_count,0
1415,isolated_vertex_count,0
1416,isolated_vertex_count,0
1417,isolated_vertex_count,0
1418,isolated_vertex_count,0
1419,isolated_vertex_count,0
1420,isolated_vertex_count,0
1421,isolated_vertex_count,0
1422,isolated_vertex_count,0
1423,isolated_vertex_count,0
1424,isolated_vertex_count,0
1425,isolated_vertex_count,0
1426,isolated_vertex_count,0
1427,isolated_vertex_count,0
1428,isolated_vertex_count,0
1429,isolated_vertex_count,0
1430,isolated_vertex_count,0
1431,isolated_vertex_count,0
1432,isolated_vertex_count,0
1433,isolated_vertex_count,0
1434,isolated_vertex_count,0
1435,isolated_vertex_count,0
1436,isolated_vertex_count,0
1437,isolated_vertex_count,0
1438,isolated_vertex_count,0
1439,isolated_vertex_count,0
1440,isolated_vertex_count,0
1441,isolated_vertex_count,0
1442,isolated_vertex_count,0
1443,isolated_vertex_count,0
1444,isolated_vertex_count,0
1445,isolated_vertex_count,0
1446,isolated_vertex_count,0
1447,isolated_vertex_count,0
1448,isolated_vertex_count,0
1449,isolated_vertex_count,0
1450,isolated_vertex_count,0
1451,isolated_vertex_count,0
1452,isolated_vertex_count,0
1453,isolated_vertex_count,0
1454,isolated_vertex_count,0
1455,isolated_vertex_count,0
1456,isolated_vertex_count,0
1457,isolated_vertex_count,0
1458,isolated_vertex_count,0
1459,isolated_vertex_count,0
1460,isolated_vertex_count,0
1461,isolated_vertex_count,0
1462,isolated_vertex_count,0
1463,isolated_vertex_count,0
1464,isolated_vertex_count,0
1465,isolated_vertex_count,0
1466,isolated_vertex_count,0
1467,isolated_vertex_count,0
1468,isolated_vertex_count,0
1469,isolated_vertex_count,0
1470,isolated_vertex_count,0
1471,isolated_vertex_count,0
1472,isolated_vertex_count,0
1473,isolated_vertex_count,0
1474,isolated_vertex_count,0
1475,isolated_vertex_count,0
1476,isolated_vertex_count,0
1477,isolated_vertex_count,0
1478,isolated_vertex_count,0
1479,isolated_vertex_count,0
1480,isolated_vertex_count,0
1481,isolated_vertex_count,0
1482,isolated_vertex_count,0
1483,isolated_vertex_count,0
1484,isolated_vertex_count,0
1485,isolated_vertex_count,0
1486,isolated_vertex_count,0
1487,isolated_vertex_count,0
1488,isolated_vertex_count,0
1489,isolated_vertex_count,0
1490,isolated_vertex_count,0
1491,isolated_vertex_count,0
1492,isolated_vertex_count,0
1493,isolated_vertex_count,0
1494,isolated_vertex_count,0
1495,isolated_vertex_count,0
1496,isolated_vertex_count,0
1497,isolated_vertex_count,0
1498,isolated_vertex_count,0
1499,isolated_vertex_count,0
1500,isolated_vertex_count,0
1501,isolated_vertex_count,0
1502,isolated_vertex_count,0
1503,isolated_vertex_count,0
1504,isolated_vertex_count,0
1505,isolated_vertex_count,0
1506,isolated_vertex_count,0
1507,isolated_vertex_count,0
1508,isolated_vertex_count,0
1509,isolated_vertex_count,0
1510,isolated_vertex_count,0
1511,isolated_vertex_count,0
1512,isolated_vertex_count,0
1513,isolated_vertex_count,0
1514,isolated_vertex_count,0
1515,isolated_vertex_count,0
1516,isolated_vertex_count,0
1517,isolated_vertex_count,0
1518,isolated_vertex_count,0
1519,isolated_vertex_count,0
1520,isolated_vertex_count,0
1521,isolated_vertex_count,0
1522,isolated_vertex_count,0
1523,isolated_vertex_count,0
1524,isolated_vertex_count,0
1525,isolated_vertex_count,0
1526,isolated_vertex_count,0
1527,isolated_vertex_count,0
1528,isolated_vertex_count,0
1529,isolated_vertex_count,0
1530,isolated_vertex_count,0
1531,isolated_vertex_count,0
1532,isolated_vertex_count,0
1533,isolated_vertex_count,0
1534,isolated_vertex_count,0
1535,isolated_vertex_count,0
1536,isolated_vertex_count,0
1537,isolated_vertex_count,0
1538,isolated_vertex_count,0
1539,isolated_vertex_count,0
1540,isolated_vertex_count,0
1541,isolated_vertex_count,0
1542,isolated_vertex_count,0
1543,isolated_vertex_count,0
1544,isolated_vertex_count,0
1545,isolated_vertex_count,0
1546,isolated_vertex_count,0
1547,isolated_vertex_count,0
1548,isolated_vertex_count,0
1549,isolated_vertex_count,0
1550,isolated_vertex_count,0
1551,isolated_vertex_count,0
1552,isolated_vertex_count,0
1553,isolated_vertex_count,0
1554,isolated_vertex_count,0
1555,isolated_vertex_count,0
1556,isolated_vertex_count,0
1557,isolated_vertex_count,0
1558,isolated_vertex_count,0
1559,isolated_vertex_count,0
1560,isolated_vertex_count,0
1561,isolated_vertex_count,0
1562,isolated_vertex_count,0
1563,isolated_vertex_count,0
1564,isolated_vertex_count,0
1565,isolated_vertex_count,0
1566,isolated_vertex_count,0
1567,isolated_vertex_count,0
1568,isolated_vertex_count,0
1569,isolated_vertex_count,0
1570,isolated_vertex_count,0
1571,isolated_vertex_count,0
1572,isolated_vertex_count,0
1573,isolated_vertex_count,0
1574,isolated_vertex_count,0
1575,isolated_vertex_count,0
1576,isolated_vertex_count,0
1577,isolated_vertex_count,0
1578,isolated_vertex_count,0
1579,isolated_vertex_count,0
1580,isolated_vertex_count,0
1581,isolated_vertex_count,0
1582,isolated_vertex_count,0
1583,isolated_vertex_count,0
1584,isolated_vertex_count,0
1585,isolated_vertex_count,0
1586,isolated_vertex_count,0
1587,isolated_vertex_count,0
1588,isolated_vertex_count,0
1589,isolated_vertex_count,0
1590,isolated_vertex_count,0
1591,isolated_vertex_count,0
1592,isolated_vertex_count,0
1593,isolated_vertex_count,0
1594,isolated_vertex_count,0
1595,isolated_vertex_count,0
1596,isolated_vertex_count,0
1597,isolated_vertex_count,0
1598,isolated_vertex_count,0
1599,isolated_vertex_count,0
1600,isolated_vertex_count,0
1601,isolated_vertex_count,0
1602,isolated_vertex_count,0
1603,isolated_vertex_count,0
1604,isolated_vertex_count,0
1605,isolated_vertex_count,0
1606,isolated_vertex_count,0
1607,isolated_vertex_count,0
1608,isolated_vertex_count,0
1609,isolated_vertex_count,0
1610,isolated_vertex_count,0
1611,isolated_vertex_count,0
1612,isolated_vertex_count,0
1613,isolated_vertex_count,0
1614,isolated_vertex_count,0
1615,isolated_vertex_count,0
1616,isolated_vertex_count,0
1617,isolated_vertex_count,0
1618,isolated_vertex_count,0
1619,isolated_vertex_count,0
1620,isolated_vertex_count,0
1621,isolated_vertex_count,0
1622,isolated_vertex_count,0
1623,isolated_vertex_count,0
1624,isolated_vertex_count,0
1625,isolated_vertex_count,0
1626,isolated_vertex_count,0
1627,isolated_vertex_count,0
1628,isolated_vertex_count,0
1629,isolated_vertex_count,0
1630,isolated_vertex_count,0
1631,isolated_vertex_count,0
1632,isolated_vertex_count,0
1633,isolated_vertex_count,0
1634,isolated_vertex_count,0
1635,isolated_vertex_count,0
1636,isolated_vertex_count,0
1637,isolated_vertex_count,0
1638,isolated_vertex_count,0
1639,isolated_vertex_count,0
1640,isolated_vertex_count,0
1641,isolated_vertex_count,0
1642,isolated_vertex_count,0
1643,isolated_vertex_count,0
1644,isolated_vertex_count,0
1645,isolated_vertex_count,0
1646,isolated_vertex_count,0
1647,isolated_vertex_count,0
1648,isolated_vertex_count,0
1649,isolated_vertex_count,0
1650,isolated_vertex_count,0
1651,isolated_vertex_count,0
1652,isolated_vertex_count,0
1653,isolated_vertex_count,0
1654,isolated_vertex_count,0
1655,isolated_vertex_count,0
1656,isolated_vertex_count,0
1657,isolated_vertex_count,0
1658,isolated_vertex_count,0
1659,isolated_vertex_count,0
1660,isolated_vertex_count,0
1661,isolated_vertex_count,0
1662,isolated_vertex_count,0
1663,isolated_vertex_count,0
1664,isolated_vertex_count,0
1665,isolated_vertex_count,0
1666,isolated_vertex_count,0
1667,isolated_vertex_count,0
1668,isolated_vertex_count,0
1669,isolated_vertex_count,0
1670,isolated_vertex_count,0
1671,isolated_vertex_count,0
1672,isolated_vertex_count,0
1673,isolated_vertex_count,0
1674,isolated_vertex_count,0
1675,isolated_vertex_count,0
1676,isolated_vertex_count,0
1677,isolated_vertex_count,0
1678,isolated_vertex_count,0
1679,isolated_vertex_count,0
1680,isolated_vertex_count,0
1681,isolated_vertex_count,0
1682,isolated_vertex_count,0
1683,isolated_vertex_count,0
1684,isolated_vertex_count,0
1685,isolated_vertex_count,0
1686,isolated_vertex_count,0
1687,isolated_vertex_count,0
1688,isolated_vertex_count,0
1689,isolated_vertex_count,0
1690,isolated_vertex_count,0
1691,isolated_vertex_count,0
1692,isolated_vertex_count,0
1693,isolated_vertex_count,0
1694,isolated_vertex_count,0
1695,isolated_vertex_count,0
1696,isolated_vertex_count,0
1697,isolated_vertex_count,0
1698,isolated_vertex_count,0
1699,isolated_vertex_count,0
1700,isolated_vertex_count,0
1701,isolated_vertex_count,0
1702,isolated_vertex_count,0
1703,isolated_vertex_count,0
1704,isolated_vertex_count,0
1705,isolated_vertex_count,0
1706,isolated_vertex_count,0
1707,isolated_vertex_count,0
1708,isolated_vertex_count,0
1709,isolated_vertex_count,0
1710,isolated_vertex_count,0
1711,isolated_vertex_count,0
1712,isolated_vertex_count,0
1713,isolated_vertex_count,0
1714,isolated_vertex_count,0
1715,isolated_vertex_count,0
1716,isolated_vertex_count,0
1717,isolated_vertex_count,0
1718,isolated_vertex_count,0
1719,isolated_vertex_count,0
1720,isolated_vertex_count,0
1721,isolated_vertex_count,0
1722,isolated_vertex_count,0
1723,isolated_vertex_count,0
1724,isolated_vertex_count,0
1725,isolated_vertex_count,0
1726,isolated_vertex_count,0
1727,isolated_vertex_count,0
1728,isolated_vertex_count,0
1729,isolated_vertex_count,0
1730,isolated_vertex_count,0
1731,isolated_vertex_count,0
1732,isolated_vertex_count,0
1733,isolated_vertex_count,0
1734,isolated_vertex_count,0
1735,isolated_vertex_count,0
1736,isolated_vertex_count,0
1737,isolated_vertex_count,0
1738,isolated_vertex_count,0
1739,isolated_vertex_count,0
1740,isolated_vertex_count,0
1741,isolated_vertex_count,0
1742,isolated_vertex_count,0
1743,isolated_vertex_count,0
1744,isolated_vertex_count,0
1745,isolated_vertex_count,0
1746,isolated_vertex_count,0
1747,isolated_vertex_count,0
1748,isolated_vertex_count,0
1749,isolated_vertex_count,0
1750,isolated_vertex_count,0
1751,isolated_vertex_count,0
1752,isolated_vertex_count,0
1753,isolated_vertex_count,0
1754,isolated_vertex_count,0
1755,isolated_vertex_count,0
1756,isolated_vertex_count,0
1757,isolated_vertex_count,0
1758,isolated_vertex_count,0
1759,isolated_vertex_count,0
1760,isolated_vertex_count,0
1761,isolated_vertex_count,0
1762,isolated_vertex_count,0
1763,isolated_vertex_count,0
1764,isolated_vertex_count,0
1765,isolated_vertex_count,0
1766,isolated_vertex_count,0
1767,isolated_vertex_count,0
1768,isolated_vertex_count,0
1769,isolated_vertex_count,0
1770,isolated_vertex_count,0
1771,isolated_vertex_count,0
1772,isolated_vertex_count,0
1773,isolated_vertex_count,0
1774,isolated_vertex_count,0
1775,isolated_vertex_count,0
1776,isolated_vertex_count,0
1777,isolated_vertex_count,0
1778,isolated_vertex_count,0
1779,isolated_vertex_count,0
1780,isolated_vertex_count,0
1781,isolated_vertex_count,0
1782,isolated_vertex_count,0
1783,isolated_vertex_count,0
1784,isolated_vertex_count,0
1785,isolated_vertex_count,0
1786,isolated_vertex_count,0
1787,isolated_vertex_count,0
1788,isolated_vertex_count,0
1789,isolated_vertex_count,0
1790,isolated_vertex_count,0
1791,isolated_vertex_count,0
1792,isolated_vertex_count,0
1793,isolated_vertex_count,0
1794,isolated_vertex_count,0
1795,isolated_vertex_count,0
1796,isolated_vertex_count,0
1797,isolated_vertex_count,0
1798,isolated_vertex_count,0
1799,isolated_vertex_count,0
1800,isolated_vertex_count,0
1801,isolated_vertex_count,0
1802,isolated_vertex_count,0
1803,isolated_vertex_count,0
1804,isolated_vertex_count,0
1805,isolated_vertex_count,0
1806,isolated_vertex_count,0
1807,isolated_vertex_count,0
1808,isolated_vertex_count,0
1809,isolated_vertex_count,0
1810,isolated_vertex_count,0
1811,isolated_vertex_count,0
1812,isolated_vertex_count,0
1813,isolated_vertex_count,0
1814,isolated_vertex_count,0
1815,isolated_vertex_count,0
1816,isolated_vertex_count,0
1817,isolated_vertex_count,0
1818,isolated_vertex_count,0
1819,isolated_vertex_count,0
1820,isolated_vertex_count,0
1821,isolated_vertex_count,0
1822,isolated_vertex_count,0
1823,isolated_vertex_count,0
1824,isolated_vertex_count,0
1825,isolated_vertex_count,0
1826,isolated_vertex_count,0
1827,isolated_vertex_count,0
1828,isolated_vertex_count,0
1829,isolated_vertex_count,0
1830,isolated_vertex_count,0
1831,isolated_vertex_count,0
1832,isolated_vertex_count,0
1833,isolated_vertex_count,0
1834,isolated_vertex_count,0
1835,isolated_vertex_count,0
1836,isolated_vertex_count,0
1837,isolated_vertex_count,0
1838,isolated_vertex_count,0
1839,isolated_vertex_count,0
1840,isolated_vertex_count,0
1841,isolated_vertex_count,0
1842,isolated_vertex_count,0
1843,isolated_vertex_count,0
1844,isolated_vertex_count,0
1845,isolated_vertex_count,0
1846,isolated_vertex_count,0
1847,isolated_vertex_count,0
1848,isolated_vertex_count,0
1849,isolated_vertex_count,0
1850,isolated_vertex_count,0
1851,isolated_vertex_count,0
1852,isolated_vertex_count,0
1853,isolated_vertex_count,0
1854,isolated_vertex_count,0
1855,isolated_vertex_count,0
1856,isolated_vertex_count,0
1857,isolated_vertex_count,0
1858,isolated_vertex_count,0
1859,isolated_vertex_count,0
1860,isolated_vertex_count,0
1861,isolated_vertex_count,0
1862,isolated_vertex_count,0
1863,isolated_vertex_count,0
1864,isolated_vertex_count,0
1865,isolated_vertex_count,0
1866,isolated_vertex_count,0
1867,isolated_vertex_count,0
1868,isolated_vertex_count,0
1869,isolated_vertex_count,0
1870,isolated_vertex_count,0
1871,isolated_vertex_count,0
1872,isolated_vertex_count,0
1873,isolated_vertex_count,0
1874,isolated_vertex_count,0
1875,isolated_vertex_count,0
1876,isolated_vertex_count,0
1877,isolated_vertex_count,0
1878,isolated_vertex_count,0
1879,isolated_vertex_count,0
1880,isolated_vertex_count,0
1881,isolated_vertex_count,0
1882,isolated_vertex_count,0
1883,isolated_vertex_count,0
1884,isolated_vertex_count,0
1885,isolated_vertex_count,0
1886,isolated_vertex_count,0
1887,isolated_vertex_count,0
1888,isolated_vertex_count,0
1889,isolated_vertex_count,0
1890,isolated_vertex_count,0
1891,isolated_vertex_count,0
1892,isolated_vertex_count,0
1893,isolated_vertex_count,0
1894,isolated_vertex_count,0
1895,isolated_vertex_count,0
1896,isolated_vertex_count,0
1897,isolated_vertex_count,0
1898,isolated_vertex_count,0
1899,isolated_vertex_count,0
1900,isolated_vertex_count,0
1901,isolated_vertex_count,0
1902,isolated_vertex_count,0
1903,isolated_vertex_count,0
1904,isolated_vertex_count,0
1905,isolated_vertex_count,0
1906,isolated_vertex_count,0
1907,isolated_vertex_count,0
1908,isolated_vertex_count,0
1909,isolated_vertex_count,0
1910,isolated_vertex_count,0
1911,isolated_vertex_count,0
1912,isolated_vertex_count,0
1913,isolated_vertex_count,0
1914,isolated_vertex_count,0
1915,isolated_vertex_count,0
1916,isolated_vertex_count,0
1917,isolated_vertex_count,0
1918,isolated_vertex_count,0
1919,isolated_vertex_count,0
1920,isolated_vertex_count,0
1921,isolated_vertex_count,0
1922,isolated_vertex_count,0
1923,isolated_vertex_count,0
1924,isolated_vertex_count,0
1925,isolated_vertex_count,0
1926,isolated_vertex_count,0
1927,isolated_vertex_count,0
1928,isolated_vertex_count,0
1929,isolated_vertex_count,0
1930,isolated_vertex_count,0
1931,isolated_vertex_count,0
1932,isolated_vertex_count,0
1933,isolated_vertex_count,0
1934,isolated_vertex_count,0
1935,isolated_vertex_count,0
1936,isolated_vertex_count,0
1937,isolated_vertex_count,0
1938,isolated_vertex_count,0
1939,isolated_vertex_count,0
1940,isolated_vertex_count,0
1941,isolated_vertex_count,0
1942,isolated_vertex_count,0
1943,isolated_vertex_count,0
1944,isolated_vertex_count,0
1945,isolated_vertex_count,0
1946,isolated_vertex_count,0
1947,isolated_vertex_count,0
1948,isolated_vertex_count,0
1949,isolated_vertex_count,0
1950,isolated_vertex_count,0
1951,isolated_vertex_count,0
1952,isolated_vertex_count,0
1953,isolated_vertex_count,0
1954,isolated_vertex_count,0
1955,isolated_vertex_count,0
1956,isolated_vertex_count,0
1957,isolated_vertex_count,0
1958,isolated_vertex_count,0
1959,isolated_vertex_count,0
1960,isolated_vertex_count,0
1961,isolated_vertex_count,0
1962,isolated_vertex_count,0
1963,isolated_vertex_count,0
1964,isolated_vertex_count,0
1965,isolated_vertex_count,0
1966,isolated_vertex_count,0
1967,isolated_vertex_count,0
1968,isolated_vertex_count,0
1969,isolated_vertex_count,0
1970,isolated_vertex_count,0
1971,isolated_vertex_count,0
1972,isolated_vertex_count,0
1973,isolated_vertex_count,0
1974,isolated_vertex_count,0
1975,isolated_vertex_count,0
1976,isolated_vertex_count,0
1977,isolated_vertex_count,0
1978,isolated_vertex_count,0
1979,isolated_vertex_count,0
1980,isolated_vertex_count,0
1981,isolated_vertex_count,0
1982,isolated_vertex_count,0
1983,isolated_vertex_count,0
1984,isolated_vertex_count,0
1985,isolated_vertex_count,0
1986,isolated_vertex_count,0
1987,isolated_vertex_count,0
1988,isolated_vertex_count,0
1989,isolated_vertex_count,0
1990,isolated_vertex_count,0
1991,isolated_vertex_count,0
1992,isolated_vertex_count,0
1993,isolated_vertex_count,0
1994,isolated_vertex_count,0
1995,isolated_vertex_count,0
1996,isolated_vertex_count,0
1997,isolated_vertex_count,0
1998,isolated_vertex_count,0
1999,isolated_vertex_count,0
0,self_image_edge_count,0
1,self_image_edge_count,0
2,self_image_edge_count,0
3,self_image_edge_count,0
4,self_image_edge_count,0
5,self_image_edge_count,0
6,self_image_edge_count,0
7,self_image_edge_count,0
8,self_image_edge_count,0
9,self_image_edge_count,0
10,self_image_edge_count,0
11,self_image_edge_count,0
12,self_image_edge_count,0
13,self_image_edge_count,0
14,self_image_edge_count,0
15,self_image_edge_count,0
16,self_image_edge_count,0
17,self_image_edge_count,0
18,self_image_edge_count,0
19,self_image_edge_count,0
20,self_image_edge_count,0
21,self_image_edge_count,0
22,self_image_edge_count,0
23,self_image_edge_count,0
24,self_image_edge_count,0
25,self_image_edge_count,0
26,self_image_edge_count,0
27,self_image_edge_count,0
28,self_image_edge_count,0
29,self_image_edge_count,0
30,self_image_edge_count,0
31,self_image_edge_count,0
32,self_image_edge_count,0
33,self_image_edge_count,0
34,self_image_edge_count,0
35,self_image_edge_count,0
36,self_image_edge_count,0
37,self_image_edge_count,0
38,self_image_edge_count,0
39,self_image_edge_count,0
40,self_image_edge_count,0
41,self_image_edge_count,0
42,self_image_edge_count,0
43,self_image_edge_count,0
44,self_image_edge_count,0
45,self_image_edge_count,0
46,self_image_edge_count,0
47,self_image_edge_count,0
48,self_image_edge_count,0
49,self_image_edge_count,0
50,self_image_edge_count,0
51,self_image_edge_count,0
52,self_image_edge_count,0
53,self_image_edge_count,0
54,self_image_edge_count,0
55,self_image_edge_count,0
56,self_image_edge_count,0
57,self_image_edge_count,0
58,self_image_edge_count,0
59,self_image_edge_count,0
60,self_image_edge_count,0
61,self_image_edge_count,0
62,self_image_edge_count,0
63,self_image_edge_count,0
64,self_image_edge_count,0
65,self_image_edge_count,0
66,self_image_edge_count,0
67,self_image_edge_count,0
68,self_image_edge_count,0
69,self_image_edge_count,0
70,self_image_edge_count,0
71,self_image_edge_count,0
72,self_image_edge_count,0
73,self_image_edge_count,0
74,self_image_edge_count,0
75,self_image_edge_count,0
76,self_image_edge_count,0
77,self_image_edge_count,0
78,self_image_edge_count,0
79,self_image_edge_count,0
80,self_image_edge_count,0
81,self_image_edge_count,0
82,self_image_edge_count,0
83,self_image_edge_count,0
84,self_image_edge_count,0
85,self_image_edge_count,0
86,self_image_edge_count,0
87,self_image_edge_count,0
88,self_image_edge_count,0
89,self_image_edge_count,0
90,self_image_edge_count,0
91,self_image_edge_count,0
92,self_image_edge_count,0
93,self_image_edge_count,0
94,self_image_edge_count,0
95,self_image_edge_count,0
96,self_image_edge_count,0
97,self_image_edge_count,0
98,self_image_edge_count,0
99,self_image_edge_count,0
100,self_image_edge_count,0
101,self_image_edge_count,0
102,self_image_edge_count,0
103,self_image_edge_count,0
104,self_image_edge_count,0
105,self_image_edge_count,0
106,self_image_edge_count,0
107,self_image_edge_count,0
108,self_image_edge_count,0
109,self_image_edge_count,0
110,self_image_edge_count,0
111,self_image_edge_count,0
112,self_image_edge_count,0
113,self_image_edge_count,0
114,self_image_edge_count,0
115,self_image_edge_count,0
116,self_image_edge_count,0
117,self_image_edge_count,0
118,self_image_edge_count,0
119,self_image_edge_count,0
120,self_image_edge_count,0
121,self_image_edge_count,0
122,self_image_edge_count,0
123,self_image_edge_count,0
124,self_image_edge_count,0
125,self_image_edge_count,0
126,self_image_edge_count,0
127,self_image_edge_count,0
128,self_image_edge_count,0
129,self_image_edge_count,0
130,self_image_edge_count,0
131,self_image_edge_count,0
132,self_image_edge_count,0
133,self_image_edge_count,0
134,self_image_edge_count,0
135,self_image_edge_count,0
136,self_image_edge_count,0
137,self_image_edge_count,0
138,self_image_edge_count,0
139,self_image_edge_count,0
140,self_image_edge_count,0
141,self_image_edge_count,0
142,self_image_edge_count,0
143,self_image_edge_count,0
144,self_image_edge_count,0
145,self_image_edge_count,0
146,self_image_edge_count,0
147,self_image_edge_count,0
148,self_image_edge_count,0
149,self_image_edge_count,0
150,self_image_edge_count,0
151,self_image_edge_count,0
152,self_image_edge_count,0
153,self_image_edge_count,0
154,self_image_edge_count,0
155,self_image_edge_count,0
156,self_image_edge_count,0
157,self_image_edge_count,0
158,self_image_edge_count,0
159,self_image_edge_count,0
160,self_image_edge_count,0
161,self_image_edge_count,0
162,self_image_edge_count,0
163,self_image_edge_count,0
164,self_image_edge_count,0
165,self_image_edge_count,0
166,self_image_edge_count,0
167,self_image_edge_count,0
168,self_image_edge_count,0
169,self_image_edge_count,0
170,self_image_edge_count,0
171,self_image_edge_count,0
172,self_image_edge_count,0
173,self_image_edge_count,0
174,self_image_edge_count,0
175,self_image_edge_count,0
176,self_image_edge_count,0
177,self_image_edge_count,0
178,self_image_edge_count,0
179,self_image_edge_count,0
180,self_image_edge_count,0
181,self_image_edge_count,0
182,self_image_edge_count,0
183,self_image_edge_count,0
184,self_image_edge_count,0
185,self_image_edge_count,0
186,self_image_edge_count,0
187,self_image_edge_count,0
188,self_image_edge_count,0
189,self_image_edge_count,0
190,self_image_edge_count,0
191,self_image_edge_count,0
192,self_image_edge_count,0
193,self_image_edge_count,0
194,self_image_edge_count,0
195,self_image_edge_count,0
196,self_image_edge_count,0
197,self_image_edge_count,0
198,self_image_edge_count,0
199,self_image_edge_count,0
200,self_image_edge_count,0
201,self_image_edge_count,0
202,self_image_edge_count,0
203,self_image_edge_count,0
204,self_image_edge_count,0
205,self_image_edge_count,0
206,self_image_edge_count,0
207,self_image_edge_count,0
208,self_image_edge_count,0
209,self_image_edge_count,0
210,self_image_edge_count,0
211,self_image_edge_count,0
212,self_image_edge_count,0
213,self_image_edge_count,0
214,self_image_edge_count,0
215,self_image_edge_count,0
216,self_image_edge_count,0
217,self_image_edge_count,0
218,self_image_edge_count,0
219,self_image_edge_count,0
220,self_image_edge_count,0
221,self_image_edge_count,0
222,self_image_edge_count,0
223,self_image_edge_count,0
224,self_image_edge_count,0
225,self_image_edge_count,0
226,self_image_edge_count,0
227,self_image_edge_count,0
228,self_image_edge_count,0
229,self_image_edge_count,0
230,self_image_edge_count,0
231,self_image_edge_count,0
232,self_image_edge_count,0
233,self_image_edge_count,0
234,self_image_edge_count,0
235,self_image_edge_count,0
236,self_image_edge_count,0
237,self_image_edge_count,0
238,self_image_edge_count,0
239,self_image_edge_count,0
240,self_image_edge_count,0
241,self_image_edge_count,0
242,self_image_edge_count,0
243,self_image_edge_count,0
244,self_image_edge_count,0
245,self_image_edge_count,0
246,self_image_edge_count,0
247,self_image_edge_count,0
248,self_image_edge_count,0
249,self_image_edge_count,0
250,self_image_edge_count,0
251,self_image_edge_count,0
252,self_image_edge_count,0
253,self_image_edge_count,0
254,self_image_edge_count,0
255,self_image_edge_count,0
256,self_image_edge_count,0
257,self_image_edge_count,0
258,self_image_edge_count,0
259,self_image_edge_count,0
260,self_image_edge_count,0
261,self_image_edge_count,0
262,self_image_edge_count,0
263,self_image_edge_count,0
264,self_image_edge_count,0
265,self_image_edge_count,0
266,self_image_edge_count,0
267,self_image_edge_count,0
268,self_image_edge_count,0
269,self_image_edge_count,0
270,self_image_edge_count,0
271,self_image_edge_count,0
272,self_image_edge_count,0
273,self_image_edge_count,0
274,self_image_edge_count,0
275,self_image_edge_count,0
276,self_image_edge_count,0
277,self_image_edge_count,0
278,self_image_edge_count,0
279,self_image_edge_count,0
280,self_image_edge_count,0
281,self_image_edge_count,0
282,self_image_edge_count,0
283,self_image_edge_count,0
284,self_image_edge_count,0
285,self_image_edge_count,0
286,self_image_edge_count,0
287,self_image_edge_count,0
288,self_image_edge_count,0
289,self_image_edge_count,0
290,self_image_edge_count,0
291,self_image_edge_count,0
292,self_image_edge_count,0
293,self_image_edge_count,0
294,self_image_edge_count,0
295,self_image_edge_count,0
296,self_image_edge_count,0
297,self_image_edge_count,0
298,self_image_edge_count,0
299,self_image_edge_count,0
300,self_image_edge_count,0
301,self_image_edge_count,0
302,self_image_edge_count,0
303,self_image_edge_count,0
304,self_image_edge_count,0
305,self_image_edge_count,0
306,self_image_edge_count,0
307,self_image_edge_count,0
308,self_image_edge_count,0
309,self_image_edge_count,0
310,self_image_edge_count,0
311,self_image_edge_count,0
312,self_image_edge_count,0
313,self_image_edge_count,0
314,self_image_edge_count,0
315,self_image_edge_count,0
316,self_image_edge_count,0
317,self_image_edge_count,0
318,self_image_edge_count,0
319,self_image_edge_count,0
320,self_image_edge_count,0
321,self_image_edge_count,0
322,self_image_edge_count,0
323,self_image_edge_count,0
324,self_image_edge_count,0
325,self_image_edge_count,0
326,self_image_edge_count,0
327,self_image_edge_count,0
328,self_image_edge_count,0
329,self_image_edge_count,0
330,self_image_edge_count,0
331,self_image_edge_count,0
332,self_image_edge_count,0
333,self_image_edge_count,0
334,self_image_edge_count,0
335,self_image_edge_count,0
336,self_image_edge_count,0
337,self_image_edge_count,0
338,self_image_edge_count,0
339,self_image_edge_count,0
340,self_image_edge_count,0
341,self_image_edge_count,0
342,self_image_edge_count,0
343,self_image_edge_count,0
344,self_image_edge_count,0
345,self_image_edge_count,0
346,self_image_edge_count,0
347,self_image_edge_count,0
348,self_image_edge_count,0
349,self_image_edge_count,0
350,self_image_edge_count,0
351,self_image_edge_count,0
352,self_image_edge_count,0
353,self_image_edge_count,0
354,self_image_edge_count,0
355,self_image_edge_count,0
356,self_image_edge_count,0
357,self_image_edge_count,0
358,self_image_edge_count,0
359,self_image_edge_count,0
360,self_image_edge_count,0
361,self_image_edge_count,0
362,self_image_edge_count,0
363,self_image_edge_count,0
364,self_image_edge_count,0
365,self_image_edge_count,0
366,self_image_edge_count,0
367,self_image_edge_count,0
368,self_image_edge_count,0
369,self_image_edge_count,0
370,self_image_edge_count,0
371,self_image_edge_count,0
372,self_image_edge_count,0
373,self_image_edge_count,0
374,self_image_edge_count,0
375,self_image_edge_count,0
376,self_image_edge_count,0
377,self_image_edge_count,0
378,self_image_edge_count,0
379,self_image_edge_count,0
380,self_image_edge_count,0
381,self_image_edge_count,0
382,self_image_edge_count,0
383,self_image_edge_count,0
384,self_image_edge_count,0
385,self_image_edge_count,0
386,self_image_edge_count,0
387,self_image_edge_count,0
388,self_image_edge_count,0
389,self_image_edge_count,0
390,self_image_edge_count,0
391,self_image_edge_count,0
392,self_image_edge_count,0
393,self_image_edge_count,0
394,self_image_edge_count,0
395,self_image_edge_count,0
396,self_image_edge_count,0
397,self_image_edge_count,0
398,self_image_edge_count,0
399,self_image_edge_count,0
400,self_image_edge_count,0
401,self_image_edge_count,0
402,self_image_edge_count,0
403,self_image_edge_count,0
404,self_image_edge_count,0
405,self_image_edge_count,0
406,self_image_edge_count,0
407,self_image_edge_count,0
408,self_image_edge_count,0
409,self_image_edge_count,0
410,self_image_edge_count,0
411,self_image_edge_count,0
412,self_image_edge_count,0
413,self_image_edge_count,0
414,self_image_edge_count,0
415,self_image_edge_count,0
416,self_image_edge_count,0
417,self_image_edge_count,0
418,self_image_edge_count,0
419,self_image_edge_count,0
420,self_image_edge_count,0
421,self_image_edge_count,0
422,self_image_edge_count,0
423,self_image_edge_count,0
424,self_image_edge_count,0
425,self_image_edge_count,0
426,self_image_edge_count,0
427,self_image_edge_count,0
428,self_image_edge_count,0
429,self_image_edge_count,0
430,self_image_edge_count,0
431,self_image_edge_count,0
432,self_image_edge_count,0
433,self_image_edge_count,0
434,self_image_edge_count,0
435,self_image_edge_count,0
436,self_image_edge_count,0
437,self_image_edge_count,0
438,self_image_edge_count,0
439,self_image_edge_count,0
440,self_image_edge_count,0
441,self_image_edge_count,0
442,self_image_edge_count,0
443,self_image_edge_count,0
444,self_image_edge_count,0
445,self_image_edge_count,0
446,self_image_edge_count,0
447,self_image_edge_count,0
448,self_image_edge_count,0
449,self_image_edge_count,0
450,self_image_edge_count,0
451,self_image_edge_count,0
452,self_image_edge_count,0
453,self_image_edge_count,0
454,self_image_edge_count,0
455,self_image_edge_count,0
456,self_image_edge_count,0
457,self_image_edge_count,0
458,self_image_edge_count,0
459,self_image_edge_count,0
460,self_image_edge_count,0
461,self_image_edge_count,0
462,self_image_edge_count,0
463,self_image_edge_count,0
464,self_image_edge_count,0
465,self_image_edge_count,0
466,self_image_edge_count,0
467,self_image_edge_count,0
468,self_image_edge_count,0
469,self_image_edge_count,0
470,self_image_edge_count,0
471,self_image_edge_count,0
472,self_image_edge_count,0
473,self_image_edge_count,0
474,self_image_edge_count,0
475,self_image_edge_count,0
476,self_image_edge_count,0
477,self_image_edge_count,0
478,self_image_edge_count,0
479,self_image_edge_count,0
480,self_image_edge_count,0
481,self_image_edge_count,0
482,self_image_edge_count,0
483,self_image_edge_count,0
484,self_image_edge_count,0
485,self_image_edge_count,0
486,self_image_edge_count,0
487,self_image_edge_count,0
488,self_image_edge_count,0
489,self_image_edge_count,0
490,self_image_edge_count,0
491,self_image_edge_count,0
492,self_image_edge_count,0
493,self_image_edge_count,0
494,self_image_edge_count,0
495,self_image_edge_count,0
496,self_image_edge_count,0
497,self_image_edge_count,0
498,self_image_edge_count,0
499,self_image_edge_count,0
500,self_image_edge_count,0
501,self_image_edge_count,0
502,self_image_edge_count,0
503,self_image_edge_count,0
504,self_image_edge_count,0
505,self_image_edge_count,0
506,self_image_edge_count,0
507,self_image_edge_count,0
508,self_image_edge_count,0
509,self_image_edge_count,0
510,self_image_edge_count,0
511,self_image_edge_count,0
512,self_image_edge_count,0
513,self_image_edge_count,0
514,self_image_edge_count,0
515,self_image_edge_count,0
516,self_image_edge_count,0
517,self_image_edge_count,0
518,self_image_edge_count,0
519,self_image_edge_count,0
520,self_image_edge_count,0
521,self_image_edge_count,0
522,self_image_edge_count,0
523,self_image_edge_count,0
524,self_image_edge_count,0
525,self_image_edge_count,0
526,self_image_edge_count,0
527,self_image_edge_count,0
528,self_image_edge_count,0
529,self_image_edge_count,0
530,self_image_edge_count,0
531,self_image_edge_count,0
532,self_image_edge_count,0
533,self_image_edge_count,0
534,self_image_edge_count,0
535,self_image_edge_count,0
536,self_image_edge_count,0
537,self_image_edge_count,0
538,self_image_edge_count,0
539,self_image_edge_count,0
540,self_image_edge_count,0
541,self_image_edge_count,0
542,self_image_edge_count,0
543,self_image_edge_count,0
544,self_image_edge_count,0
545,self_image_edge_count,0
546,self_image_edge_count,0
547,self_image_edge_count,0
548,self_image_edge_count,0
549,self_image_edge_count,0
550,self_image_edge_count,0
551,self_image_edge_count,0
552,self_image_edge_count,0
553,self_image_edge_count,0
554,self_image_edge_count,0
555,self_image_edge_count,0
556,self_image_edge_count,0
557,self_image_edge_count,0
558,self_image_edge_count,0
559,self_image_edge_count,0
560,self_image_edge_count,0
561,self_image_edge_count,0
562,self_image_edge_count,0
563,self_image_edge_count,0
564,self_image_edge_count,0
565,self_image_edge_count,0
566,self_image_edge_count,0
567,self_image_edge_count,0
568,self_image_edge_count,0
569,self_image_edge_count,0
570,self_image_edge_count,0
571,self_image_edge_count,0
572,self_image_edge_count,0
573,self_image_edge_count,0
574,self_image_edge_count,0
575,self_image_edge_count,0
576,self_image_edge_count,0
577,self_image_edge_count,0
578,self_image_edge_count,0
579,self_image_edge_count,0
580,self_image_edge_count,0
581,self_image_edge_count,0
582,self_image_edge_count,0
583,self_image_edge_count,0
584,self_image_edge_count,0
585,self_image_edge_count,0
586,self_image_edge_count,0
587,self_image_edge_count,0
588,self_image_edge_count,0
589,self_image_edge_count,0
590,self_image_edge_count,0
591,self_image_edge_count,0
592,self_image_edge_count,0
593,self_image_edge_count,0
594,self_image_edge_count,0
595,self_image_edge_count,0
596,self_image_edge_count,0
597,self_image_edge_count,0
598,self_image_edge_count,0
599,self_image_edge_count,0
600,self_image_edge_count,0
601,self_image_edge_count,0
602,self_image_edge_count,0
603,self_image_edge_count,0
604,self_image_edge_count,0
605,self_image_edge_count,0
606,self_image_edge_count,0
607,self_image_edge_count,0
608,self_image_edge_count,0
609,self_image_edge_count,0
610,self_image_edge_count,0
611,self_image_edge_count,0
612,self_image_edge_count,0
613,self_image_edge_count,0
614,self_image_edge_count,0
615,self_image_edge_count,0
616,self_image_edge_count,0
617,self_image_edge_count,0
618,self_image_edge_count,0
619,self_image_edge_count,0
620,self_image_edge_count,0
621,self_image_edge_count,0
622,self_image_edge_count,0
623,self_image_edge_count,0
624,self_image_edge_count,0
625,self_image_edge_count,0
626,self_image_edge_count,0
627,self_image_edge_count,0
628,self_image_edge_count,0
629,self_image_edge_count,0
630,self_image_edge_count,0
631,self_image_edge_count,0
632,self_image_edge_count,0
633,self_image_edge_count,0
634,self_image_edge_count,0
635,self_image_edge_count,0
636,self_image_edge_count,0
637,self_image_edge_count,0
638,self_image_edge_count,0
639,self_image_edge_count,0
640,self_image_edge_count,0
641,self_image_edge_count,0
642,self_image_edge_count,0
643,self_image_edge_count,0
644,self_image_edge_count,0
645,self_image_edge_count,0
646,self_image_edge_count,0
647,self_image_edge_count,0
648,self_image_edge_count,0
649,self_image_edge_count,0
650,self_image_edge_count,0
651,self_image_edge_count,0
652,self_image_edge_count,0
653,self_image_edge_count,0
654,self_image_edge_count,0
655,self_image_edge_count,0
656,self_image_edge_count,0
657,self_image_edge_count,0
658,self_image_edge_count,0
659,self_image_edge_count,0
660,self_image_edge_count,0
661,self_image_edge_count,0
662,self_image_edge_count,0
663,self_image_edge_count,0
664,self_image_edge_count,0
665,self_image_edge_count,0
666,self_image_edge_count,0
667,self_image_edge_count,0
668,self_image_edge_count,0
669,self_image_edge_count,0
670,self_image_edge_count,0
671,self_image_edge_count,0
672,self_image_edge_count,0
673,self_image_edge_count,0
674,self_image_edge_count,0
675,self_image_edge_count,0
676,self_image_edge_count,0
677,self_image_edge_count,0
678,self_image_edge_count,0
679,self_image_edge_count,0
680,self_image_edge_count,0
681,self_image_edge_count,0
682,self_image_edge_count,0
683,self_image_edge_count,0
684,self_image_edge_count,0
685,self_image_edge_count,0
686,self_image_edge_count,0
687,self_image_edge_count,0
688,self_image_edge_count,0
689,self_image_edge_count,0
690,self_image_edge_count,0
691,self_image_edge_count,0
692,self_image_edge_count,0
693,self_image_edge_count,0
694,self_image_edge_count,0
695,self_image_edge_count,0
696,self_image_edge_count,0
697,self_image_edge_count,0
698,self_image_edge_count,0
699,self_image_edge_count,0
700,self_image_edge_count,0
701,self_image_edge_count,0
702,self_image_edge_count,0
703,self_image_edge_count,0
704,self_image_edge_count,0
705,self_image_edge_count,0
706,self_image_edge_count,0
707,self_image_edge_count,0
708,self_image_edge_count,0
709,self_image_edge_count,0
710,self_image_edge_count,0
711,self_image_edge_count,0
712,self_image_edge_count,0
713,self_image_edge_count,0
714,self_image_edge_count,0
715,self_image_edge_count,0
716,self_image_edge_count,0
717,self_image_edge_count,0
718,self_image_edge_count,0
719,self_image_edge_count,0
720,self_image_edge_count,0
721,self_image_edge_count,0
722,self_image_edge_count,0
723,self_image_edge_count,0
724,self_image_edge_count,0
725,self_image_edge_count,0
726,self_image_edge_count,0
727,self_image_edge_count,0
728,self_image_edge_count,0
729,self_image_edge_count,0
730,self_image_edge_count,0
731,self_image_edge_count,0
732,self_image_edge_count,0
733,self_image_edge_count,0
734,self_image_edge_count,0
735,self_image_edge_count,0
736,self_image_edge_count,0
737,self_image_edge_count,0
738,self_image_edge_count,0
739,self_image_edge_count,0
740,self_image_edge_count,0
741,self_image_edge_count,0
742,self_image_edge_count,0
743,self_image_edge_count,0
744,self_image_edge_count,0
745,self_image_edge_count,0
746,self_image_edge_count,0
747,self_image_edge_count,0
748,self_image_edge_count,0
749,self_image_edge_count,0
750,self_image_edge_count,0
751,self_image_edge_count,0
752,self_image_edge_count,0
753,self_image_edge_count,0
754,self_image_edge_count,0
755,self_image_edge_count,0
756,self_image_edge_count,0
757,self_image_edge_count,0
758,self_image_edge_count,0
759,self_image_edge_count,0
760,self_image_edge_count,0
761,self_image_edge_count,0
762,self_image_edge_count,0
763,self_image_edge_count,0
764,self_image_edge_count,0
765,self_image_edge_count,0
766,self_image_edge_count,0
767,self_image_edge_count,0
768,self_image_edge_count,0
769,self_image_edge_count,0
770,self_image_edge_count,0
771,self_image_edge_count,0
772,self_image_edge_count,0
773,self_image_edge_count,0
774,self_image_edge_count,0
775,self_image_edge_count,0
776,self_image_edge_count,0
777,self_image_edge_count,0
778,self_image_edge_count,0
779,self_image_edge_count,0
780,self_image_edge_count,0
781,self_image_edge_count,0
782,self_image_edge_count,0
783,self_image_edge_count,0
784,self_image_edge_count,0
785,self_image_edge_count,0
786,self_image_edge_count,0
787,self_image_edge_count,0
788,self_image_edge_count,0
789,self_image_edge_count,0
790,self_image_edge_count,0
791,self_image_edge_count,0
792,self_image_edge_count,0
793,self_image_edge_count,0
794,self_image_edge_count,0
795,self_image_edge_count,0
796,self_image_edge_count,0
797,self_image_edge_count,0
798,self_image_edge_count,0
799,self_image_edge_count,0
800,self_image_edge_count,0
801,self_image_edge_count,0
802,self_image_edge_count,0
803,self_image_edge_count,0
804,self_image_edge_count,0
805,self_image_edge_count,0
806,self_image_edge_count,0
807,self_image_edge_count,0
808,self_image_edge_count,0
809,self_image_edge_count,0
810,self_image_edge_count,0
811,self_image_edge_count,0
812,self_image_edge_count,0
813,self_image_edge_count,0
814,self_image_edge_count,0
815,self_image_edge_count,0
816,self_image_edge_count,0
817,self_image_edge_count,0
818,self_image_edge_count,0
819,self_image_edge_count,0
820,self_image_edge_count,0
821,self_image_edge_count,0
822,self_image_edge_count,0
823,self_image_edge_count,0
824,self_image_edge_count,0
825,self_image_edge_count,0
826,self_image_edge_count,0
827,self_image_edge_count,0
828,self_image_edge_count,0
829,self_image_edge_count,0
830,self_image_edge_count,0
831,self_image_edge_count,0
832,self_image_edge_count,0
833,self_image_edge_count,0
834,self_image_edge_count,0
835,self_image_edge_count,0
836,self_image_edge_count,0
837,self_image_edge_count,0
838,self_image_edge_count,0
839,self_image_edge_count,0
840,self_image_edge_count,0
841,self_image_edge_count,0
842,self_image_edge_count,0
843,self_image_edge_count,0
844,self_image_edge_count,0
845,self_image_edge_count,0
846,self_image_edge_count,0
847,self_image_edge_count,0
848,self_image_edge_count,0
849,self_image_edge_count,0
850,self_image_edge_count,0
851,self_image_edge_count,0
852,self_image_edge_count,0
853,self_image_edge_count,0
854,self_image_edge_count,0
855,self_image_edge_count,0
856,self_image_edge_count,0
857,self_image_edge_count,0
858,self_image_edge_count,0
859,self_image_edge_count,0
860,self_image_edge_count,0
861,self_image_edge_count,0
862,self_image_edge_count,0
863,self_image_edge_count,0
864,self_image_edge_count,0
865,self_image_edge_count,0
866,self_image_edge_count,0
867,self_image_edge_count,0
868,self_image_edge_count,0
869,self_image_edge_count,0
870,self_image_edge_count,0
871,self_image_edge_count,0
872,self_image_edge_count,0
873,self_image_edge_count,0
874,self_image_edge_count,0
875,self_image_edge_count,0
876,self_image_edge_count,0
877,self_image_edge_count,0
878,self_image_edge_count,0
879,self_image_edge_count,0
880,self_image_edge_count,0
881,self_image_edge_count,0
882,self_image_edge_count,0
883,self_image_edge_count,0
884,self_image_edge_count,0
885,self_image_edge_count,0
886,self_image_edge_count,0
887,self_image_edge_count,0
888,self_image_edge_count,0
889,self_image_edge_count,0
890,self_image_edge_count,0
891,self_image_edge_count,0
892,self_image_edge_count,0
893,self_image_edge_count,0
894,self_image_edge_count,0
895,self_image_edge_count,0
896,self_image_edge_count,0
897,self_image_edge_count,0
898,self_image_edge_count,0
899,self_image_edge_count,0
900,self_image_edge_count,0
901,self_image_edge_count,0
902,self_image_edge_count,0
903,self_image_edge_count,0
904,self_image_edge_count,0
905,self_image_edge_count,0
906,self_image_edge_count,0
907,self_image_edge_count,0
908,self_image_edge_count,0
909,self_image_edge_count,0
910,self_image_edge_count,0
911,self_image_edge_count,0
912,self_image_edge_count,0
913,self_image_edge_count,0
914,self_image_edge_count,0
915,self_image_edge_count,0
916,self_image_edge_count,0
917,self_image_edge_count,0
918,self_image_edge_count,0
919,self_image_edge_count,0
920,self_image_edge_count,0
921,self_image_edge_count,0
922,self_image_edge_count,0
923,self_image_edge_count,0
924,self_image_edge_count,0
925,self_image_edge_count,0
926,self_image_edge_count,0
927,self_image_edge_count,0
928,self_image_edge_count,0
929,self_image_edge_count,0
930,self_image_edge_count,0
931,self_image_edge_count,0
932,self_image_edge_count,0
933,self_image_edge_count,0
934,self_image_edge_count,0
935,self_image_edge_count,0
936,self_image_edge_count,0
937,self_image_edge_count,0
938,self_image_edge_count,0
939,self_image_edge_count,0
940,self_image_edge_count,0
941,self_image_edge_count,0
942,self_image_edge_count,0
943,self_image_edge_count,0
944,self_image_edge_count,0
945,self_image_edge_count,0
946,self_image_edge_count,0
947,self_image_edge_count,0
948,self_image_edge_count,0
949,self_image_edge_count,0
950,self_image_edge_count,0
951,self_image_edge_count,0
952,self_image_edge_count,0
953,self_image_edge_count,0
954,self_image_edge_count,0
955,self_image_edge_count,0
956,self_image_edge_count,0
957,self_image_edge_count,0
958,self_image_edge_count,0
959,self_image_edge_count,0
960,self_image_edge_count,0
961,self_image_edge_count,0
962,self_image_edge_count,0
963,self_image_edge_count,0
964,self_image_edge_count,0
965,self_image_edge_count,0
966,self_image_edge_count,0
967,self_image_edge_count,0
968,self_image_edge_count,0
969,self_image_edge_count,0
970,self_image_edge_count,0
971,self_image_edge_count,0
972,self_image_edge_count,0
973,self_image_edge_count,0
974,self_image_edge_count,0
975,self_image_edge_count,0
976,self_image_edge_count,0
977,self_image_edge_count,0
978,self_image_edge_count,0
979,self_image_edge_count,0
980,self_image_edge_count,0
981,self_image_edge_count,0
982,self_image_edge_count,0
983,self_image_edge_count,0
984,self_image_edge_count,0
985,self_image_edge_count,0
986,self_image_edge_count,0
987,self_image_edge_count,0
988,self_image_edge_count,0
989,self_image_edge_count,0
990,self_image_edge_count,0
991,self_image_edge_count,0
992,self_image_edge_count,0
993,self_image_edge_count,0
994,self_image_edge_count,0
995,self_image_edge_count,0
996,self_image_edge_count,0
997,self_image_edge_count,0
998,self_image_edge_count,0
999,self_image_edge_count,0
1000,self_image_edge_count,0
1001,self_image_edge_count,0
1002,self_image_edge_count,0
1003,self_image_edge_count,0
1004,self_image_edge_count,0
1005,self_image_edge_count,0
1006,self_image_edge_count,0
1007,self_image_edge_count,0
1008,self_image_edge_count,0
1009,self_image_edge_count,0
1010,self_image_edge_count,0
1011,self_image_edge_count,0
1012,self_image_edge_count,0
1013,self_image_edge_count,0
1014,self_image_edge_count,0
1015,self_image_edge_count,0
1016,self_image_edge_count,0
1017,self_image_edge_count,0
1018,self_image_edge_count,0
1019,self_image_edge_count,0
1020,self_image_edge_count,0
1021,self_image_edge_count,0
1022,self_image_edge_count,0
1023,self_image_edge_count,0
1024,self_image_edge_count,0
1025,self_image_edge_count,0
1026,self_image_edge_count,0
1027,self_image_edge_count,0
1028,self_image_edge_count,0
1029,self_image_edge_count,0
1030,self_image_edge_count,0
1031,self_image_edge_count,0
1032,self_image_edge_count,0
1033,self_image_edge_count,0
1034,self_image_edge_count,0
1035,self_image_edge_count,0
1036,self_image_edge_count,0
1037,self_image_edge_count,0
1038,self_image_edge_count,0
1039,self_image_edge_count,0
1040,self_image_edge_count,0
1041,self_image_edge_count,0
1042,self_image_edge_count,0
1043,self_image_edge_count,0
1044,self_image_edge_count,0
1045,self_image_edge_count,0
1046,self_image_edge_count,0
1047,self_image_edge_count,0
1048,self_image_edge_count,0
1049,self_image_edge_count,0
1050,self_image_edge_count,0
1051,self_image_edge_count,0
1052,self_image_edge_count,0
1053,self_image_edge_count,0
1054,self_image_edge_count,0
1055,self_image_edge_count,0
1056,self_image_edge_count,0
1057,self_image_edge_count,0
1058,self_image_edge_count,0
1059,self_image_edge_count,0
1060,self_image_edge_count,0
1061,self_image_edge_count,0
1062,self_image_edge_count,0
1063,self_image_edge_count,0
1064,self_image_edge_count,0
1065,self_image_edge_count,0
1066,self_image_edge_count,0
1067,self_image_edge_count,0
1068,self_image_edge_count,0
1069,self_image_edge_count,0
1070,self_image_edge_count,0
1071,self_image_edge_count,0
1072,self_image_edge_count,0
1073,self_image_edge_count,0
1074,self_image_edge_count,0
1075,self_image_edge_count,0
1076,self_image_edge_count,0
1077,self_image_edge_count,0
1078,self_image_edge_count,0
1079,self_image_edge_count,0
1080,self_image_edge_count,0
1081,self_image_edge_count,0
1082,self_image_edge_count,0
1083,self_image_edge_count,0
1084,self_image_edge_count,0
1085,self_image_edge_count,0
1086,self_image_edge_count,0
1087,self_image_edge_count,0
1088,self_image_edge_count,0
1089,self_image_edge_count,0
1090,self_image_edge_count,0
1091,self_image_edge_count,0
1092,self_image_edge_count,0
1093,self_image_edge_count,0
1094,self_image_edge_count,0
1095,self_image_edge_count,0
1096,self_image_edge_count,0
1097,self_image_edge_count,0
1098,self_image_edge_count,0
1099,self_image_edge_count,0
1100,self_image_edge_count,0
1101,self_image_edge_count,0
1102,self_image_edge_count,0
1103,self_image_edge_count,0
1104,self_image_edge_count,0
1105,self_image_edge_count,0
1106,self_image_edge_count,0
1107,self_image_edge_count,0
1108,self_image_edge_count,0
1109,self_image_edge_count,0
1110,self_image_edge_count,0
1111,self_image_edge_count,0
1112,self_image_edge_count,0
1113,self_image_edge_count,0
1114,self_image_edge_count,0
1115,self_image_edge_count,0
1116,self_image_edge_count,0
1117,self_image_edge_count,0
1118,self_image_edge_count,0
1119,self_image_edge_count,0
1120,self_image_edge_count,0
1121,self_image_edge_count,0
1122,self_image_edge_count,0
1123,self_image_edge_count,0
1124,self_image_edge_count,0
1125,self_image_edge_count,0
1126,self_image_edge_count,0
1127,self_image_edge_count,0
1128,self_image_edge_count,0
1129,self_image_edge_count,0
1130,self_image_edge_count,0
1131,self_image_edge_count,0
1132,self_image_edge_count,0
1133,self_image_edge_count,0
1134,self_image_edge_count,0
1135,self_image_edge_count,0
1136,self_image_edge_count,0
1137,self_image_edge_count,0
1138,self_image_edge_count,0
1139,self_image_edge_count,0
1140,self_image_edge_count,0
1141,self_image_edge_count,0
1142,self_image_edge_count,0
1143,self_image_edge_count,0
1144,self_image_edge_count,0
1145,self_image_edge_count,0
1146,self_image_edge_count,0
1147,self_image_edge_count,0
1148,self_image_edge_count,0
1149,self_image_edge_count,0
1150,self_image_edge_count,0
1151,self_image_edge_count,0
1152,self_image_edge_count,0
1153,self_image_edge_count,0
1154,self_image_edge_count,0
1155,self_image_edge_count,0
1156,self_image_edge_count,0
1157,self_image_edge_count,0
1158,self_image_edge_count,0
1159,self_image_edge_count,0
1160,self_image_edge_count,0
1161,self_image_edge_count,0
1162,self_image_edge_count,0
1163,self_image_edge_count,0
1164,self_image_edge_count,0
1165,self_image_edge_count,0
1166,self_image_edge_count,0
1167,self_image_edge_count,0
1168,self_image_edge_count,0
1169,self_image_edge_count,0
1170,self_image_edge_count,0
1171,self_image_edge_count,0
1172,self_image_edge_count,0
1173,self_image_edge_count,0
1174,self_image_edge_count,0
1175,self_image_edge_count,0
1176,self_image_edge_count,0
1177,self_image_edge_count,0
1178,self_image_edge_count,0
1179,self_image_edge_count,0
1180,self_image_edge_count,0
1181,self_image_edge_count,0
1182,self_image_edge_count,0
1183,self_image_edge_count,0
1184,self_image_edge_count,0
1185,self_image_edge_count,0
1186,self_image_edge_count,0
1187,self_image_edge_count,0
1188,self_image_edge_count,0
1189,self_image_edge_count,0
1190,self_image_edge_count,0
1191,self_image_edge_count,0
1192,self_image_edge_count,0
1193,self_image_edge_count,0
1194,self_image_edge_count,0
1195,self_image_edge_count,0
1196,self_image_edge_count,0
1197,self_image_edge_count,0
1198,self_image_edge_count,0
1199,self_image_edge_count,0
1200,self_image_edge_count,0
1201,self_image_edge_count,0
1202,self_image_edge_count,0
1203,self_image_edge_count,0
1204,self_image_edge_count,0
1205,self_image_edge_count,0
1206,self_image_edge_count,0
1207,self_image_edge_count,0
1208,self_image_edge_count,0
1209,self_image_edge_count,0
1210,self_image_edge_count,0
1211,self_image_edge_count,0
1212,self_image_edge_count,0
1213,self_image_edge_count,0
1214,self_image_edge_count,0
1215,self_image_edge_count,0
1216,self_image_edge_count,0
1217,self_image_edge_count,0
1218,self_image_edge_count,0
1219,self_image_edge_count,0
1220,self_image_edge_count,0
1221,self_image_edge_count,0
1222,self_image_edge_count,0
1223,self_image_edge_count,0
1224,self_image_edge_count,0
1225,self_image_edge_count,0
1226,self_image_edge_count,0
1227,self_image_edge_count,0
1228,self_image_edge_count,0
1229,self_image_edge_count,0
1230,self_image_edge_count,0
1231,self_image_edge_count,0
1232,self_image_edge_count,0
1233,self_image_edge_count,0
1234,self_image_edge_count,0
1235,self_image_edge_count,0
1236,self_image_edge_count,0
1237,self_image_edge_count,0
1238,self_image_edge_count,0
1239,self_image_edge_count,0
1240,self_image_edge_count,0
1241,self_image_edge_count,0
1242,self_image_edge_count,0
1243,self_image_edge_count,0
1244,self_image_edge_count,0
1245,self_image_edge_count,0
1246,self_image_edge_count,0
1247,self_image_edge_count,0
1248,self_image_edge_count,0
1249,self_image_edge_count,0
1250,self_image_edge_count,0
1251,self_image_edge_count,0
1252,self_image_edge_count,0
1253,self_image_edge_count,0
1254,self_image_edge_count,0
1255,self_image_edge_count,0
1256,self_image_edge_count,0
1257,self_image_edge_count,0
1258,self_image_edge_count,0
1259,self_image_edge_count,0
1260,self_image_edge_count,0
1261,self_image_edge_count,0
1262,self_image_edge_count,0
1263,self_image_edge_count,0
1264,self_image_edge_count,0
1265,self_image_edge_count,0
1266,self_image_edge_count,0
1267,self_image_edge_count,0
1268,self_image_edge_count,0
1269,self_image_edge_count,0
1270,self_image_edge_count,0
1271,self_image_edge_count,0
1272,self_image_edge_count,0
1273,self_image_edge_count,0
1274,self_image_edge_count,0
1275,self_image_edge_count,0
1276,self_image_edge_count,0
1277,self_image_edge_count,0
1278,self_image_edge_count,0
1279,self_image_edge_count,0
1280,self_image_edge_count,0
1281,self_image_edge_count,0
1282,self_image_edge_count,0
1283,self_image_edge_count,0
1284,self_image_edge_count,0
1285,self_image_edge_count,0
1286,self_image_edge_count,0
1287,self_image_edge_count,0
1288,self_image_edge_count,0
1289,self_image_edge_count,0
1290,self_image_edge_count,0
1291,self_image_edge_count,0
1292,self_image_edge_count,0
1293,self_image_edge_count,0
1294,self_image_edge_count,0
1295,self_image_edge_count,0
1296,self_image_edge_count,0
1297,self_image_edge_count,0
1298,self_image_edge_count,0
1299,self_image_edge_count,0
1300,self_image_edge_count,0
1301,self_image_edge_count,0
1302,self_image_edge_count,0
1303,self_image_edge_count,0
1304,self_image_edge_count,0
1305,self_image_edge_count,0
1306,self_image_edge_count,0
1307,self_image_edge_count,0
1308,self_image_edge_count,0
1309,self_image_edge_count,0
1310,self_image_edge_count,0
1311,self_image_edge_count,0
1312,self_image_edge_count,0
1313,self_image_edge_count,0
1314,self_image_edge_count,0
1315,self_image_edge_count,0
1316,self_image_edge_count,0
1317,self_image_edge_count,0
1318,self_image_edge_count,0
1319,self_image_edge_count,0
1320,self_image_edge_count,0
1321,self_image_edge_count,0
1322,self_image_edge_count,0
1323,self_image_edge_count,0
1324,self_image_edge_count,0
1325,self_image_edge_count,0
1326,self_image_edge_count,0
1327,self_image_edge_count,0
1328,self_image_edge_count,0
1329,self_image_edge_count,0
1330,self_image_edge_count,0
1331,self_image_edge_count,0
1332,self_image_edge_count,0
1333,self_image_edge_count,0
1334,self_image_edge_count,0
1335,self_image_edge_count,0
1336,self_image_edge_count,0
1337,self_image_edge_count,0
1338,self_image_edge_count,0
1339,self_image_edge_count,0
1340,self_image_edge_count,0
1341,self_image_edge_count,0
1342,self_image_edge_count,0
1343,self_image_edge_count,0
1344,self_image_edge_count,0
1345,self_image_edge_count,0
1346,self_image_edge_count,0
1347,self_image_edge_count,0
1348,self_image_edge_count,0
1349,self_image_edge_count,0
1350,self_image_edge_count,0
1351,self_image_edge_count,0
1352,self_image_edge_count,0
1353,self_image_edge_count,0
1354,self_image_edge_count,0
1355,self_image_edge_count,0
1356,self_image_edge_count,0
1357,self_image_edge_count,0
1358,self_image_edge_count,0
1359,self_image_edge_count,0
1360,self_image_edge_count,0
1361,self_image_edge_count,0
1362,self_image_edge_count,0
1363,self_image_edge_count,0
1364,self_image_edge_count,0
1365,self_image_edge_count,0
1366,self_image_edge_count,0
1367,self_image_edge_count,0
1368,self_image_edge_count,0
1369,self_image_edge_count,0
1370,self_image_edge_count,0
1371,self_image_edge_count,0
1372,self_image_edge_count,0
1373,self_image_edge_count,0
1374,self_image_edge_count,0
1375,self_image_edge_count,0
1376,self_image_edge_count,0
1377,self_image_edge_count,0
1378,self_image_edge_count,0
1379,self_image_edge_count,0
1380,self_image_edge_count,0
1381,self_image_edge_count,0
1382,self_image_edge_count,0
1383,self_image_edge_count,0
1384,self_image_edge_count,0
1385,self_image_edge_count,0
1386,self_image_edge_count,0
1387,self_image_edge_count,0
1388,self_image_edge_count,0
1389,self_image_edge_count,0
1390,self_image_edge_count,0
1391,self_image_edge_count,0
1392,self_image_edge_count,0
1393,self_image_edge_count,0
1394,self_image_edge_count,0
1395,self_image_edge_count,0
1396,self_image_edge_count,0
1397,self_image_edge_count,0
1398,self_image_edge_count,0
1399,self_image_edge_count,0
1400,self_image_edge_count,0
1401,self_image_edge_count,0
1402,self_image_edge_count,0
1403,self_image_edge_count,0
1404,self_image_edge_count,0
1405,self_image_edge_count,0
1406,self_image_edge_count,0
1407,self_image_edge_count,0
1408,self_image_edge_count,0
1409,self_image_edge_count,0
1410,self_image_edge_count,0
1411,self_image_edge_count,0
1412,self_image_edge_count,0
1413,self_image_edge_count,0
1414,self_image_edge_count,0
1415,self_image_edge_count,0
1416,self_image_edge_count,0
1417,self_image_edge_count,0
1418,self_image_edge_count,0
1419,self_image_edge_count,0
1420,self_image_edge_count,0
1421,self_image_edge_count,0
1422,self_image_edge_count,0
1423,self_image_edge_count,0
1424,self_image_edge_count,0
1425,self_image_edge_count,0
1426,self_image_edge_count,0
1427,self_image_edge_count,0
1428,self_image_edge_count,0
1429,self_image_edge_count,0
1430,self_image_edge_count,0
1431,self_image_edge_count,0
1432,self_image_edge_count,0
1433,self_image_edge_count,0
1434,self_image_edge_count,0
1435,self_image_edge_count,0
1436,self_image_edge_count,0
1437,self_image_edge_count,0
1438,self_image_edge_count,0
1439,self_image_edge_count,0
1440,self_image_edge_count,0
1441,self_image_edge_count,0
1442,self_image_edge_count,0
1443,self_image_edge_count,0
1444,self_image_edge_count,0
1445,self_image_edge_count,0
1446,self_image_edge_count,0
1447,self_image_edge_count,0
1448,self_image_edge_count,0
1449,self_image_edge_count,0
1450,self_image_edge_count,0
1451,self_image_edge_count,0
1452,self_image_edge_count,0
1453,self_image_edge_count,0
1454,self_image_edge_count,0
1455,self_image_edge_count,0
1456,self_image_edge_count,0
1457,self_image_edge_count,0
1458,self_image_edge_count,0
1459,self_image_edge_count,0
1460,self_image_edge_count,0
1461,self_image_edge_count,0
1462,self_image_edge_count,0
1463,self_image_edge_count,0
1464,self_image_edge_count,0
1465,self_image_edge_count,0
1466,self_image_edge_count,0
1467,self_image_edge_count,0
1468,self_image_edge_count,0
1469,self_image_edge_count,0
1470,self_image_edge_count,0
1471,self_image_edge_count,0
1472,self_image_edge_count,0
1473,self_image_edge_count,0
1474,self_image_edge_count,0
1475,self_image_edge_count,0
1476,self_image_edge_count,0
1477,self_image_edge_count,0
1478,self_image_edge_count,0
1479,self_image_edge_count,0
1480,self_image_edge_count,0
1481,self_image_edge_count,0
1482,self_image_edge_count,0
1483,self_image_edge_count,0
1484,self_image_edge_count,0
1485,self_image_edge_count,0
1486,self_image_edge_count,0
1487,self_image_edge_count,0
1488,self_image_edge_count,0
1489,self_image_edge_count,0
1490,self_image_edge_count,0
1491,self_image_edge_count,0
1492,self_image_edge_count,0
1493,self_image_edge_count,0
1494,self_image_edge_count,0
1495,self_image_edge_count,0
1496,self_image_edge_count,0
1497,self_image_edge_count,0
1498,self_image_edge_count,0
1499,self_image_edge_count,0
1500,self_image_edge_count,0
1501,self_image_edge_count,0
1502,self_image_edge_count,0
1503,self_image_edge_count,0
1504,self_image_edge_count,0
1505,self_image_edge_count,0
1506,self_image_edge_count,0
1507,self_image_edge_count,0
1508,self_image_edge_count,0
1509,self_image_edge_count,0
1510,self_image_edge_count,0
1511,self_image_edge_count,0
1512,self_image_edge_count,0
1513,self_image_edge_count,0
1514,self_image_edge_count,0
1515,self_image_edge_count,0
1516,self_image_edge_count,0
1517,self_image_edge_count,0
1518,self_image_edge_count,0
1519,self_image_edge_count,0
1520,self_image_edge_count,0
1521,self_image_edge_count,0
1522,self_image_edge_count,0
1523,self_image_edge_count,0
1524,self_image_edge_count,0
1525,self_image_edge_count,0
1526,self_image_edge_count,0
1527,self_image_edge_count,0
1528,self_image_edge_count,0
1529,self_image_edge_count,0
1530,self_image_edge_count,0
1531,self_image_edge_count,0
1532,self_image_edge_count,0
1533,self_image_edge_count,0
1534,self_image_edge_count,0
1535,self_image_edge_count,0
1536,self_image_edge_count,0
1537,self_image_edge_count,0
1538,self_image_edge_count,0
1539,self_image_edge_count,0
1540,self_image_edge_count,0
1541,self_image_edge_count,0
1542,self_image_edge_count,0
1543,self_image_edge_count,0
1544,self_image_edge_count,0
1545,self_image_edge_count,0
1546,self_image_edge_count,0
1547,self_image_edge_count,0
1548,self_image_edge_count,0
1549,self_image_edge_count,0
1550,self_image_edge_count,0
1551,self_image_edge_count,0
1552,self_image_edge_count,0
1553,self_image_edge_count,0
1554,self_image_edge_count,0
1555,self_image_edge_count,0
1556,self_image_edge_count,0
1557,self_image_edge_count,0
1558,self_image_edge_count,0
1559,self_image_edge_count,0
1560,self_image_edge_count,0
1561,self_image_edge_count,0
1562,self_image_edge_count,0
1563,self_image_edge_count,0
1564,self_image_edge_count,0
1565,self_image_edge_count,0
1566,self_image_edge_count,0
1567,self_image_edge_count,0
1568,self_image_edge_count,0
1569,self_image_edge_count,0
1570,self_image_edge_count,0
1571,self_image_edge_count,0
1572,self_image_edge_count,0
1573,self_image_edge_count,0
1574,self_image_edge_count,0
1575,self_image_edge_count,0
1576,self_image_edge_count,0
1577,self_image_edge_count,0
1578,self_image_edge_count,0
1579,self_image_edge_count,0
1580,self_image_edge_count,0
1581,self_image_edge_count,0
1582,self_image_edge_count,0
1583,self_image_edge_count,0
1584,self_image_edge_count,0
1585,self_image_edge_count,0
1586,self_image_edge_count,0
1587,self_image_edge_count,0
1588,self_image_edge_count,0
1589,self_image_edge_count,0
1590,self_image_edge_count,0
1591,self_image_edge_count,0
1592,self_image_edge_count,0
1593,self_image_edge_count,0
1594,self_image_edge_count,0
1595,self_image_edge_count,0
1596,self_image_edge_count,0
1597,self_image_edge_count,0
1598,self_image_edge_count,0
1599,self_image_edge_count,0
1600,self_image_edge_count,0
1601,self_image_edge_count,0
1602,self_image_edge_count,0
1603,self_image_edge_count,0
1604,self_image_edge_count,0
1605,self_image_edge_count,0
1606,self_image_edge_count,0
1607,self_image_edge_count,0
1608,self_image_edge_count,0
1609,self_image_edge_count,0
1610,self_image_edge_count,0
1611,self_image_edge_count,0
1612,self_image_edge_count,0
1613,self_image_edge_count,0
1614,self_image_edge_count,0
1615,self_image_edge_count,0
1616,self_image_edge_count,0
1617,self_image_edge_count,0
1618,self_image_edge_count,0
1619,self_image_edge_count,0
1620,self_image_edge_count,0
1621,self_image_edge_count,0
1622,self_image_edge_count,0
1623,self_image_edge_count,0
1624,self_image_edge_count,0
1625,self_image_edge_count,0
1626,self_image_edge_count,0
1627,self_image_edge_count,0
1628,self_image_edge_count,0
1629,self_image_edge_count,0
1630,self_image_edge_count,0
1631,self_image_edge_count,0
1632,self_image_edge_count,0
1633,self_image_edge_count,0
1634,self_image_edge_count,0
1635,self_image_edge_count,0
1636,self_image_edge_count,0
1637,self_image_edge_count,0
1638,self_image_edge_count,0
1639,self_image_edge_count,0
1640,self_image_edge_count,0
1641,self_image_edge_count,0
1642,self_image_edge_count,0
1643,self_image_edge_count,0
1644,self_image_edge_count,0
1645,self_image_edge_count,0
1646,self_image_edge_count,0
1647,self_image_edge_count,0
1648,self_image_edge_count,0
1649,self_image_edge_count,0
1650,self_image_edge_count,0
1651,self_image_edge_count,0
1652,self_image_edge_count,0
1653,self_image_edge_count,0
1654,self_image_edge_count,0
1655,self_image_edge_count,0
1656,self_image_edge_count,0
1657,self_image_edge_count,0
1658,self_image_edge_count,0
1659,self_image_edge_count,0
1660,self_image_edge_count,0
1661,self_image_edge_count,0
1662,self_image_edge_count,0
1663,self_image_edge_count,0
1664,self_image_edge_count,0
1665,self_image_edge_count,0
1666,self_image_edge_count,0
1667,self_image_edge_count,0
1668,self_image_edge_count,0
1669,self_image_edge_count,0
1670,self_image_edge_count,0
1671,self_image_edge_count,0
1672,self_image_edge_count,0
1673,self_image_edge_count,0
1674,self_image_edge_count,0
1675,self_image_edge_count,0
1676,self_image_edge_count,0
1677,self_image_edge_count,0
1678,self_image_edge_count,0
1679,self_image_edge_count,0
1680,self_image_edge_count,0
1681,self_image_edge_count,0
1682,self_image_edge_count,0
1683,self_image_edge_count,0
1684,self_image_edge_count,0
1685,self_image_edge_count,0
1686,self_image_edge_count,0
1687,self_image_edge_count,0
1688,self_image_edge_count,0
1689,self_image_edge_count,0
1690,self_image_edge_count,0
1691,self_image_edge_count,0
1692,self_image_edge_count,0
1693,self_image_edge_count,0
1694,self_image_edge_count,0
1695,self_image_edge_count,0
1696,self_image_edge_count,0
1697,self_image_edge_count,0
1698,self_image_edge_count,0
1699,self_image_edge_count,0
1700,self_image_edge_count,0
1701,self_image_edge_count,0
1702,self_image_edge_count,0
1703,self_image_edge_count,0
1704,self_image_edge_count,0
1705,self_image_edge_count,0
1706,self_image_edge_count,0
1707,self_image_edge_count,0
1708,self_image_edge_count,0
1709,self_image_edge_count,0
1710,self_image_edge_count,0
1711,self_image_edge_count,0
1712,self_image_edge_count,0
1713,self_image_edge_count,0
1714,self_image_edge_count,0
1715,self_image_edge_count,0
1716,self_image_edge_count,0
1717,self_image_edge_count,0
1718,self_image_edge_count,0
1719,self_image_edge_count,0
1720,self_image_edge_count,0
1721,self_image_edge_count,0
1722,self_image_edge_count,0
1723,self_image_edge_count,0
1724,self_image_edge_count,0
1725,self_image_edge_count,0
1726,self_image_edge_count,0
1727,self_image_edge_count,0
1728,self_image_edge_count,0
1729,self_image_edge_count,0
1730,self_image_edge_count,0
1731,self_image_edge_count,0
1732,self_image_edge_count,0
1733,self_image_edge_count,0
1734,self_image_edge_count,0
1735,self_image_edge_count,0
1736,self_image_edge_count,0
1737,self_image_edge_count,0
1738,self_image_edge_count,0
1739,self_image_edge_count,0
1740,self_image_edge_count,0
1741,self_image_edge_count,0
1742,self_image_edge_count,0
1743,self_image_edge_count,0
1744,self_image_edge_count,0
1745,self_image_edge_count,0
1746,self_image_edge_count,0
1747,self_image_edge_count,0
1748,self_image_edge_count,0
1749,self_image_edge_count,0
1750,self_image_edge_count,0
1751,self_image_edge_count,0
1752,self_image_edge_count,0
1753,self_image_edge_count,0
1754,self_image_edge_count,0
1755,self_image_edge_count,0
1756,self_image_edge_count,0
1757,self_image_edge_count,0
1758,self_image_edge_count,0
1759,self_image_edge_count,0
1760,self_image_edge_count,0
1761,self_image_edge_count,0
1762,self_image_edge_count,0
1763,self_image_edge_count,0
1764,self_image_edge_count,0
1765,self_image_edge_count,0
1766,self_image_edge_count,0
1767,self_image_edge_count,0
1768,self_image_edge_count,0
1769,self_image_edge_count,0
1770,self_image_edge_count,0
1771,self_image_edge_count,0
1772,self_image_edge_count,0
1773,self_image_edge_count,0
1774,self_image_edge_count,0
1775,self_image_edge_count,0
1776,self_image_edge_count,0
1777,self_image_edge_count,0
1778,self_image_edge_count,0
1779,self_image_edge_count,0
1780,self_image_edge_count,0
1781,self_image_edge_count,0
1782,self_image_edge_count,0
1783,self_image_edge_count,0
1784,self_image_edge_count,0
1785,self_image_edge_count,0
1786,self_image_edge_count,0
1787,self_image_edge_count,0
1788,self_image_edge_count,0
1789,self_image_edge_count,0
1790,self_image_edge_count,0
1791,self_image_edge_count,0
1792,self_image_edge_count,0
1793,self_image_edge_count,0
1794,self_image_edge_count,0
1795,self_image_edge_count,0
1796,self_image_edge_count,0
1797,self_image_edge_count,0
1798,self_image_edge_count,0
1799,self_image_edge_count,0
1800,self_image_edge_count,0
1801,self_image_edge_count,0
1802,self_image_edge_count,0
1803,self_image_edge_count,0
1804,self_image_edge_count,0
1805,self_image_edge_count,0
1806,self_image_edge_count,0
1807,self_image_edge_count,0
1808,self_image_edge_count,0
1809,self_image_edge_count,0
1810,self_image_edge_count,0
1811,self_image_edge_count,0
1812,self_image_edge_count,0
1813,self_image_edge_count,0
1814,self_image_edge_count,0
1815,self_image_edge_count,0
1816,self_image_edge_count,0
1817,self_image_edge_count,0
1818,self_image_edge_count,0
1819,self_image_edge_count,0
1820,self_image_edge_count,0
1821,self_image_edge_count,0
1822,self_image_edge_count,0
1823,self_image_edge_count,0
1824,self_image_edge_count,0
1825,self_image_edge_count,0
1826,self_image_edge_count,0
1827,self_image_edge_count,0
1828,self_image_edge_count,0
1829,self_image_edge_count,0
1830,self_image_edge_count,0
1831,self_image_edge_count,0
1832,self_image_edge_count,0
1833,self_image_edge_count,0
1834,self_image_edge_count,0
1835,self_image_edge_count,0
1836,self_image_edge_count,0
1837,self_image_edge_count,0
1838,self_image_edge_count,0
1839,self_image_edge_count,0
1840,self_image_edge_count,0
1841,self_image_edge_count,0
1842,self_image_edge_count,0
1843,self_image_edge_count,0
1844,self_image_edge_count,0
1845,self_image_edge_count,0
1846,self_image_edge_count,0
1847,self_image_edge_count,0
1848,self_image_edge_count,0
1849,self_image_edge_count,0
1850,self_image_edge_count,0
1851,self_image_edge_count,0
1852,self_image_edge_count,0
1853,self_image_edge_count,0
1854,self_image_edge_count,0
1855,self_image_edge_count,0
1856,self_image_edge_count,0
1857,self_image_edge_count,0
1858,self_image_edge_count,0
1859,self_image_edge_count,0
1860,self_image_edge_count,0
1861,self_image_edge_count,0
1862,self_image_edge_count,0
1863,self_image_edge_count,0
1864,self_image_edge_count,0
1865,self_image_edge_count,0
1866,self_image_edge_count,0
1867,self_image_edge_count,0
1868,self_image_edge_count,0
1869,self_image_edge_count,0
1870,self_image_edge_count,0
1871,self_image_edge_count,0
1872,self_image_edge_count,0
1873,self_image_edge_count,0
1874,self_image_edge_count,0
1875,self_image_edge_count,0
1876,self_image_edge_count,0
1877,self_image_edge_count,0
1878,self_image_edge_count,0
1879,self_image_edge_count,0
1880,self_image_edge_count,0
1881,self_image_edge_count,0
1882,self_image_edge_count,0
1883,self_image_edge_count,0
1884,self_image_edge_count,0
1885,self_image_edge_count,0
1886,self_image_edge_count,0
1887,self_image_edge_count,0
1888,self_image_edge_count,0
1889,self_image_edge_count,0
1890,self_image_edge_count,0
1891,self_image_edge_count,0
1892,self_image_edge_count,0
1893,self_image_edge_count,0
1894,self_image_edge_count,0
1895,self_image_edge_count,0
1896,self_image_edge_count,0
1897,self_image_edge_count,0
1898,self_image_edge_count,0
1899,self_image_edge_count,0
1900,self_image_edge_count,0
1901,self_image_edge_count,0
1902,self_image_edge_count,0
1903,self_image_edge_count,0
1904,self_image_edge_count,0
1905,self_image_edge_count,0
1906,self_image_edge_count,0
1907,self_image_edge_count,0
1908,self_image_edge_count,0
1909,self_image_edge_count,0
1910,self_image_edge_count,0
1911,self_image_edge_count,0
1912,self_image_edge_count,0
1913,self_image_edge_count,0
1914,self_image_edge_count,0
1915,self_image_edge_count,0
1916,self_image_edge_count,0
1917,self_image_edge_count,0
1918,self_image_edge_count,0
1919,self_image_edge_count,0
1920,self_image_edge_count,0
1921,self_image_edge_count,0
1922,self_image_edge_count,0
1923,self_image_edge_count,0
1924,self_image_edge_count,0
1925,self_image_edge_count,0
1926,self_image_edge_count,0
1927,self_image_edge_count,0
1928,self_image_edge_count,0
1929,self_image_edge_count,0
1930,self_image_edge_count,0
1931,self_image_edge_count,0
1932,self_image_edge_count,0
1933,self_image_edge_count,0
1934,self_image_edge_count,0
1935,self_image_edge_count,0
1936,self_image_edge_count,0
1937,self_image_edge_count,0
1938,self_image_edge_count,0
1939,self_image_edge_count,0
1940,self_image_edge_count,0
1941,self_image_edge_count,0
1942,self_image_edge_count,0
1943,self_image_edge_count,0
1944,self_image_edge_count,0
1945,self_image_edge_count,0
1946,self_image_edge_count,0
1947,self_image_edge_count,0
1948,self_image_edge_count,0
1949,self_image_edge_count,0
1950,self_image_edge_count,0
1951,self_image_edge_count,0
1952,self_image_edge_count,0
1953,self_image_edge_count,0
1954,self_image_edge_count,0
1955,self_image_edge_count,0
1956,self_image_edge_count,0
1957,self_image_edge_count,0
1958,self_image_edge_count,0
1959,self_image_edge_count,0
1960,self_image_edge_count,0
1961,self_image_edge_count,0
1962,self_image_edge_count,0
1963,self_image_edge_count,0
1964,self_image_edge_count,0
1965,self_image_edge_count,0
1966,self_image_edge_count,0
1967,self_image_edge_count,0
1968,self_image_edge_count,0
1969,self_image_edge_count,0
1970,self_image_edge_count,0
1971,self_image_edge_count,0
1972,self_image_edge_count,0
1973,self_image_edge_count,0
1974,self_image_edge_count,0
1975,self_image_edge_count,0
1976,self_image_edge_count,0
1977,self_image_edge_count,0
1978,self_image_edge_count,0
1979,self_image_edge_count,0
1980,self_image_edge_count,0
1981,self_image_edge_count,0
1982,self_image_edge_count,0
1983,self_image_edge_count,0
1984,self_image_edge_count,0
1985,self_image_edge_count,0
1986,self_image_edge_count,0
1987,self_image_edge_count,0
1988,self_image_edge_count,0
1989,self_image_edge_count,0
1990,self_image_edge_count,0
1991,self_image_edge_count,0
1992,self_image_edge_count,0
1993,self_image_edge_count,0
1994,self_image_edge_count,0
1995,self_image_edge_count,0
1996,self_image_edge_count,0
1997,self_image_edge_count,0
1998,self_image_edge_count,0
1999,self_image_edge_count,0
0,parallel_endpoint_pair_count,0
1,parallel_endpoint_pair_count,0
2,parallel_endpoint_pair_count,0
3,parallel_endpoint_pair_count,0
4,parallel_endpoint_pair_count,0
5,parallel_endpoint_pair_count,0
6,parallel_endpoint_pair_count,0
7,parallel_endpoint_pair_count,0
8,parallel_endpoint_pair_count,0
9,parallel_endpoint_pair_count,0
10,parallel_endpoint_pair_count,0
11,parallel_endpoint_pair_count,0
12,parallel_endpoint_pair_count,0
13,parallel_endpoint_pair_count,0
14,parallel_endpoint_pair_count,0
15,parallel_endpoint_pair_count,0
16,parallel_endpoint_pair_count,0
17,parallel_endpoint_pair_count,0
18,parallel_endpoint_pair_count,0
19,parallel_endpoint_pair_count,0
20,parallel_endpoint_pair_count,0
21,parallel_endpoint_pair_count,0
22,parallel_endpoint_pair_count,0
23,parallel_endpoint_pair_count,0
24,parallel_endpoint_pair_count,0
25,parallel_endpoint_pair_count,0
26,parallel_endpoint_pair_count,0
27,parallel_endpoint_pair_count,0
28,parallel_endpoint_pair_count,0
29,parallel_endpoint_pair_count,0
30,parallel_endpoint_pair_count,0
31,parallel_endpoint_pair_count,0
32,parallel_endpoint_pair_count,0
33,parallel_endpoint_pair_count,0
34,parallel_endpoint_pair_count,0
35,parallel_endpoint_pair_count,0
36,parallel_endpoint_pair_count,0
37,parallel_endpoint_pair_count,0
38,parallel_endpoint_pair_count,0
39,parallel_endpoint_pair_count,0
40,parallel_endpoint_pair_count,0
41,parallel_endpoint_pair_count,0
42,parallel_endpoint_pair_count,0
43,parallel_endpoint_pair_count,0
44,parallel_endpoint_pair_count,0
45,parallel_endpoint_pair_count,0
46,parallel_endpoint_pair_count,0
47,parallel_endpoint_pair_count,0
48,parallel_endpoint_pair_count,0
49,parallel_endpoint_pair_count,0
50,parallel_endpoint_pair_count,0
51,parallel_endpoint_pair_count,0
52,parallel_endpoint_pair_count,0
53,parallel_endpoint_pair_count,0
54,parallel_endpoint_pair_count,0
55,parallel_endpoint_pair_count,0
56,parallel_endpoint_pair_count,0
57,parallel_endpoint_pair_count,0
58,parallel_endpoint_pair_count,0
59,parallel_endpoint_pair_count,0
60,parallel_endpoint_pair_count,0
61,parallel_endpoint_pair_count,0
62,parallel_endpoint_pair_count,0
63,parallel_endpoint_pair_count,0
64,parallel_endpoint_pair_count,0
65,parallel_endpoint_pair_count,0
66,parallel_endpoint_pair_count,0
67,parallel_endpoint_pair_count,0
68,parallel_endpoint_pair_count,0
69,parallel_endpoint_pair_count,0
70,parallel_endpoint_pair_count,0
71,parallel_endpoint_pair_count,0
72,parallel_endpoint_pair_count,0
73,parallel_endpoint_pair_count,0
74,parallel_endpoint_pair_count,0
75,parallel_endpoint_pair_count,0
76,parallel_endpoint_pair_count,0
77,parallel_endpoint_pair_count,0
78,parallel_endpoint_pair_count,0
79,parallel_endpoint_pair_count,0
80,parallel_endpoint_pair_count,0
81,parallel_endpoint_pair_count,0
82,parallel_endpoint_pair_count,0
83,parallel_endpoint_pair_count,0
84,parallel_endpoint_pair_count,0
85,parallel_endpoint_pair_count,0
86,parallel_endpoint_pair_count,0
87,parallel_endpoint_pair_count,0
88,parallel_endpoint_pair_count,0
89,parallel_endpoint_pair_count,0
90,parallel_endpoint_pair_count,0
91,parallel_endpoint_pair_count,0
92,parallel_endpoint_pair_count,0
93,parallel_endpoint_pair_count,0
94,parallel_endpoint_pair_count,0
95,parallel_endpoint_pair_count,0
96,parallel_endpoint_pair_count,0
97,parallel_endpoint_pair_count,0
98,parallel_endpoint_pair_count,0
99,parallel_endpoint_pair_count,0
100,parallel_endpoint_pair_count,0
101,parallel_endpoint_pair_count,0
102,parallel_endpoint_pair_count,0
103,parallel_endpoint_pair_count,0
104,parallel_endpoint_pair_count,0
105,parallel_endpoint_pair_count,0
106,parallel_endpoint_pair_count,0
107,parallel_endpoint_pair_count,0
108,parallel_endpoint_pair_count,0
109,parallel_endpoint_pair_count,0
110,parallel_endpoint_pair_count,0
111,parallel_endpoint_pair_count,0
112,parallel_endpoint_pair_count,0
113,parallel_endpoint_pair_count,0
114,parallel_endpoint_pair_count,0
115,parallel_endpoint_pair_count,0
116,parallel_endpoint_pair_count,0
117,parallel_endpoint_pair_count,0
118,parallel_endpoint_pair_count,0
119,parallel_endpoint_pair_count,0
120,parallel_endpoint_pair_count,0
121,parallel_endpoint_pair_count,0
122,parallel_endpoint_pair_count,0
123,parallel_endpoint_pair_count,0
124,parallel_endpoint_pair_count,0
125,parallel_endpoint_pair_count,0
126,parallel_endpoint_pair_count,0
127,parallel_endpoint_pair_count,0
128,parallel_endpoint_pair_count,0
129,parallel_endpoint_pair_count,0
130,parallel_endpoint_pair_count,0
131,parallel_endpoint_pair_count,0
132,parallel_endpoint_pair_count,0
133,parallel_endpoint_pair_count,0
134,parallel_endpoint_pair_count,0
135,parallel_endpoint_pair_count,0
136,parallel_endpoint_pair_count,0
137,parallel_endpoint_pair_count,0
138,parallel_endpoint_pair_count,0
139,parallel_endpoint_pair_count,0
140,parallel_endpoint_pair_count,0
141,parallel_endpoint_pair_count,0
142,parallel_endpoint_pair_count,0
143,parallel_endpoint_pair_count,0
144,parallel_endpoint_pair_count,0
145,parallel_endpoint_pair_count,0
146,parallel_endpoint_pair_count,0
147,parallel_endpoint_pair_count,0
148,parallel_endpoint_pair_count,0
149,parallel_endpoint_pair_count,0
150,parallel_endpoint_pair_count,0
151,parallel_endpoint_pair_count,0
152,parallel_endpoint_pair_count,0
153,parallel_endpoint_pair_count,0
154,parallel_endpoint_pair_count,0
155,parallel_endpoint_pair_count,0
156,parallel_endpoint_pair_count,0
157,parallel_endpoint_pair_count,0
158,parallel_endpoint_pair_count,0
159,parallel_endpoint_pair_count,0
160,parallel_endpoint_pair_count,0
161,parallel_endpoint_pair_count,0
162,parallel_endpoint_pair_count,0
163,parallel_endpoint_pair_count,0
164,parallel_endpoint_pair_count,0
165,parallel_endpoint_pair_count,0
166,parallel_endpoint_pair_count,0
167,parallel_endpoint_pair_count,0
168,parallel_endpoint_pair_count,0
169,parallel_endpoint_pair_count,0
170,parallel_endpoint_pair_count,0
171,parallel_endpoint_pair_count,0
172,parallel_endpoint_pair_count,0
173,parallel_endpoint_pair_count,0
174,parallel_endpoint_pair_count,0
175,parallel_endpoint_pair_count,0
176,parallel_endpoint_pair_count,0
177,parallel_endpoint_pair_count,0
178,parallel_endpoint_pair_count,0
179,parallel_endpoint_pair_count,0
180,parallel_endpoint_pair_count,0
181,parallel_endpoint_pair_count,0
182,parallel_endpoint_pair_count,0
183,parallel_endpoint_pair_count,0
184,parallel_endpoint_pair_count,0
185,parallel_endpoint_pair_count,0
186,parallel_endpoint_pair_count,0
187,parallel_endpoint_pair_count,0
188,parallel_endpoint_pair_count,0
189,parallel_endpoint_pair_count,0
190,parallel_endpoint_pair_count,0
191,parallel_endpoint_pair_count,0
192,parallel_endpoint_pair_count,0
193,parallel_endpoint_pair_count,0
194,parallel_endpoint_pair_count,0
195,parallel_endpoint_pair_count,0
196,parallel_endpoint_pair_count,0
197,parallel_endpoint_pair_count,0
198,parallel_endpoint_pair_count,0
199,parallel_endpoint_pair_count,0
200,parallel_endpoint_pair_count,0
201,parallel_endpoint_pair_count,0
202,parallel_endpoint_pair_count,0
203,parallel_endpoint_pair_count,0
204,parallel_endpoint_pair_count,0
205,parallel_endpoint_pair_count,0
206,parallel_endpoint_pair_count,0
207,parallel_endpoint_pair_count,0
208,parallel_endpoint_pair_count,0
209,parallel_endpoint_pair_count,0
210,parallel_endpoint_pair_count,0
211,parallel_endpoint_pair_count,0
212,parallel_endpoint_pair_count,0
213,parallel_endpoint_pair_count,0
214,parallel_endpoint_pair_count,0
215,parallel_endpoint_pair_count,0
216,parallel_endpoint_pair_count,0
217,parallel_endpoint_pair_count,0
218,parallel_endpoint_pair_count,0
219,parallel_endpoint_pair_count,0
220,parallel_endpoint_pair_count,0
221,parallel_endpoint_pair_count,0
222,parallel_endpoint_pair_count,0
223,parallel_endpoint_pair_count,0
224,parallel_endpoint_pair_count,0
225,parallel_endpoint_pair_count,0
226,parallel_endpoint_pair_count,0
227,parallel_endpoint_pair_count,0
228,parallel_endpoint_pair_count,0
229,parallel_endpoint_pair_count,0
230,parallel_endpoint_pair_count,0
231,parallel_endpoint_pair_count,0
232,parallel_endpoint_pair_count,0
233,parallel_endpoint_pair_count,0
234,parallel_endpoint_pair_count,0
235,parallel_endpoint_pair_count,0
236,parallel_endpoint_pair_count,0
237,parallel_endpoint_pair_count,0
238,parallel_endpoint_pair_count,0
239,parallel_endpoint_pair_count,0
240,parallel_endpoint_pair_count,0
241,parallel_endpoint_pair_count,0
242,parallel_endpoint_pair_count,0
243,parallel_endpoint_pair_count,0
244,parallel_endpoint_pair_count,0
245,parallel_endpoint_pair_count,0
246,parallel_endpoint_pair_count,0
247,parallel_endpoint_pair_count,0
248,parallel_endpoint_pair_count,0
249,parallel_endpoint_pair_count,0
250,parallel_endpoint_pair_count,0
251,parallel_endpoint_pair_count,0
252,parallel_endpoint_pair_count,0
253,parallel_endpoint_pair_count,0
254,parallel_endpoint_pair_count,0
255,parallel_endpoint_pair_count,0
256,parallel_endpoint_pair_count,0
257,parallel_endpoint_pair_count,0
258,parallel_endpoint_pair_count,0
259,parallel_endpoint_pair_count,0
260,parallel_endpoint_pair_count,0
261,parallel_endpoint_pair_count,0
262,parallel_endpoint_pair_count,0
263,parallel_endpoint_pair_count,0
264,parallel_endpoint_pair_count,0
265,parallel_endpoint_pair_count,0
266,parallel_endpoint_pair_count,0
267,parallel_endpoint_pair_count,0
268,parallel_endpoint_pair_count,0
269,parallel_endpoint_pair_count,0
270,parallel_endpoint_pair_count,0
271,parallel_endpoint_pair_count,0
272,parallel_endpoint_pair_count,0
273,parallel_endpoint_pair_count,0
274,parallel_endpoint_pair_count,0
275,parallel_endpoint_pair_count,0
276,parallel_endpoint_pair_count,0
277,parallel_endpoint_pair_count,0
278,parallel_endpoint_pair_count,0
279,parallel_endpoint_pair_count,0
280,parallel_endpoint_pair_count,0
281,parallel_endpoint_pair_count,0
282,parallel_endpoint_pair_count,0
283,parallel_endpoint_pair_count,0
284,parallel_endpoint_pair_count,0
285,parallel_endpoint_pair_count,0
286,parallel_endpoint_pair_count,0
287,parallel_endpoint_pair_count,0
288,parallel_endpoint_pair_count,0
289,parallel_endpoint_pair_count,0
290,parallel_endpoint_pair_count,0
291,parallel_endpoint_pair_count,0
292,parallel_endpoint_pair_count,0
293,parallel_endpoint_pair_count,0
294,parallel_endpoint_pair_count,0
295,parallel_endpoint_pair_count,0
296,parallel_endpoint_pair_count,0
297,parallel_endpoint_pair_count,0
298,parallel_endpoint_pair_count,0
299,parallel_endpoint_pair_count,0
300,parallel_endpoint_pair_count,0
301,parallel_endpoint_pair_count,0
302,parallel_endpoint_pair_count,0
303,parallel_endpoint_pair_count,0
304,parallel_endpoint_pair_count,0
305,parallel_endpoint_pair_count,0
306,parallel_endpoint_pair_count,0
307,parallel_endpoint_pair_count,0
308,parallel_endpoint_pair_count,0
309,parallel_endpoint_pair_count,0
310,parallel_endpoint_pair_count,0
311,parallel_endpoint_pair_count,0
312,parallel_endpoint_pair_count,0
313,parallel_endpoint_pair_count,0
314,parallel_endpoint_pair_count,0
315,parallel_endpoint_pair_count,0
316,parallel_endpoint_pair_count,0
317,parallel_endpoint_pair_count,0
318,parallel_endpoint_pair_count,0
319,parallel_endpoint_pair_count,0
320,parallel_endpoint_pair_count,0
321,parallel_endpoint_pair_count,0
322,parallel_endpoint_pair_count,0
323,parallel_endpoint_pair_count,0
324,parallel_endpoint_pair_count,0
325,parallel_endpoint_pair_count,0
326,parallel_endpoint_pair_count,0
327,parallel_endpoint_pair_count,0
328,parallel_endpoint_pair_count,0
329,parallel_endpoint_pair_count,0
330,parallel_endpoint_pair_count,0
331,parallel_endpoint_pair_count,0
332,parallel_endpoint_pair_count,0
333,parallel_endpoint_pair_count,0
334,parallel_endpoint_pair_count,0
335,parallel_endpoint_pair_count,0
336,parallel_endpoint_pair_count,0
337,parallel_endpoint_pair_count,0
338,parallel_endpoint_pair_count,0
339,parallel_endpoint_pair_count,0
340,parallel_endpoint_pair_count,0
341,parallel_endpoint_pair_count,0
342,parallel_endpoint_pair_count,0
343,parallel_endpoint_pair_count,0
344,parallel_endpoint_pair_count,0
345,parallel_endpoint_pair_count,0
346,parallel_endpoint_pair_count,0
347,parallel_endpoint_pair_count,0
348,parallel_endpoint_pair_count,0
349,parallel_endpoint_pair_count,0
350,parallel_endpoint_pair_count,0
351,parallel_endpoint_pair_count,0
352,parallel_endpoint_pair_count,0
353,parallel_endpoint_pair_count,0
354,parallel_endpoint_pair_count,0
355,parallel_endpoint_pair_count,0
356,parallel_endpoint_pair_count,0
357,parallel_endpoint_pair_count,0
358,parallel_endpoint_pair_count,0
359,parallel_endpoint_pair_count,0
360,parallel_endpoint_pair_count,0
361,parallel_endpoint_pair_count,0
362,parallel_endpoint_pair_count,0
363,parallel_endpoint_pair_count,0
364,parallel_endpoint_pair_count,0
365,parallel_endpoint_pair_count,0
366,parallel_endpoint_pair_count,0
367,parallel_endpoint_pair_count,0
368,parallel_endpoint_pair_count,0
369,parallel_endpoint_pair_count,0
370,parallel_endpoint_pair_count,0
371,parallel_endpoint_pair_count,0
372,parallel_endpoint_pair_count,0
373,parallel_endpoint_pair_count,0
374,parallel_endpoint_pair_count,0
375,parallel_endpoint_pair_count,0
376,parallel_endpoint_pair_count,0
377,parallel_endpoint_pair_count,0
378,parallel_endpoint_pair_count,0
379,parallel_endpoint_pair_count,0
380,parallel_endpoint_pair_count,0
381,parallel_endpoint_pair_count,0
382,parallel_endpoint_pair_count,0
383,parallel_endpoint_pair_count,0
384,parallel_endpoint_pair_count,0
385,parallel_endpoint_pair_count,0
386,parallel_endpoint_pair_count,0
387,parallel_endpoint_pair_count,0
388,parallel_endpoint_pair_count,0
389,parallel_endpoint_pair_count,0
390,parallel_endpoint_pair_count,0
391,parallel_endpoint_pair_count,0
392,parallel_endpoint_pair_count,0
393,parallel_endpoint_pair_count,0
394,parallel_endpoint_pair_count,0
395,parallel_endpoint_pair_count,0
396,parallel_endpoint_pair_count,0
397,parallel_endpoint_pair_count,0
398,parallel_endpoint_pair_count,0
399,parallel_endpoint_pair_count,0
400,parallel_endpoint_pair_count,0
401,parallel_endpoint_pair_count,0
402,parallel_endpoint_pair_count,0
403,parallel_endpoint_pair_count,0
404,parallel_endpoint_pair_count,0
405,parallel_endpoint_pair_count,0
406,parallel_endpoint_pair_count,0
407,parallel_endpoint_pair_count,0
408,parallel_endpoint_pair_count,0
409,parallel_endpoint_pair_count,0
410,parallel_endpoint_pair_count,0
411,parallel_endpoint_pair_count,0
412,parallel_endpoint_pair_count,0
413,parallel_endpoint_pair_count,0
414,parallel_endpoint_pair_count,0
415,parallel_endpoint_pair_count,0
416,parallel_endpoint_pair_count,0
417,parallel_endpoint_pair_count,0
418,parallel_endpoint_pair_count,0
419,parallel_endpoint_pair_count,0
420,parallel_endpoint_pair_count,0
421,parallel_endpoint_pair_count,0
422,parallel_endpoint_pair_count,0
423,parallel_endpoint_pair_count,0
424,parallel_endpoint_pair_count,0
425,parallel_endpoint_pair_count,0
426,parallel_endpoint_pair_count,0
427,parallel_endpoint_pair_count,0
428,parallel_endpoint_pair_count,0
429,parallel_endpoint_pair_count,0
430,parallel_endpoint_pair_count,0
431,parallel_endpoint_pair_count,0
432,parallel_endpoint_pair_count,0
433,parallel_endpoint_pair_count,0
434,parallel_endpoint_pair_count,0
435,parallel_endpoint_pair_count,0
436,parallel_endpoint_pair_count,0
437,parallel_endpoint_pair_count,0
438,parallel_endpoint_pair_count,0
439,parallel_endpoint_pair_count,0
440,parallel_endpoint_pair_count,0
441,parallel_endpoint_pair_count,0
442,parallel_endpoint_pair_count,0
443,parallel_endpoint_pair_count,0
444,parallel_endpoint_pair_count,0
445,parallel_endpoint_pair_count,0
446,parallel_endpoint_pair_count,0
447,parallel_endpoint_pair_count,0
448,parallel_endpoint_pair_count,0
449,parallel_endpoint_pair_count,0
450,parallel_endpoint_pair_count,0
451,parallel_endpoint_pair_count,0
452,parallel_endpoint_pair_count,0
453,parallel_endpoint_pair_count,0
454,parallel_endpoint_pair_count,0
455,parallel_endpoint_pair_count,0
456,parallel_endpoint_pair_count,0
457,parallel_endpoint_pair_count,0
458,parallel_endpoint_pair_count,0
459,parallel_endpoint_pair_count,0
460,parallel_endpoint_pair_count,0
461,parallel_endpoint_pair_count,0
462,parallel_endpoint_pair_count,0
463,parallel_endpoint_pair_count,0
464,parallel_endpoint_pair_count,0
465,parallel_endpoint_pair_count,0
466,parallel_endpoint_pair_count,0
467,parallel_endpoint_pair_count,0
468,parallel_endpoint_pair_count,0
469,parallel_endpoint_pair_count,0
470,parallel_endpoint_pair_count,0
471,parallel_endpoint_pair_count,0
472,parallel_endpoint_pair_count,0
473,parallel_endpoint_pair_count,0
474,parallel_endpoint_pair_count,0
475,parallel_endpoint_pair_count,0
476,parallel_endpoint_pair_count,0
477,parallel_endpoint_pair_count,0
478,parallel_endpoint_pair_count,0
479,parallel_endpoint_pair_count,0
480,parallel_endpoint_pair_count,0
481,parallel_endpoint_pair_count,0
482,parallel_endpoint_pair_count,0
483,parallel_endpoint_pair_count,0
484,parallel_endpoint_pair_count,0
485,parallel_endpoint_pair_count,0
486,parallel_endpoint_pair_count,0
487,parallel_endpoint_pair_count,0
488,parallel_endpoint_pair_count,0
489,parallel_endpoint_pair_count,0
490,parallel_endpoint_pair_count,0
491,parallel_endpoint_pair_count,0
492,parallel_endpoint_pair_count,0
493,parallel_endpoint_pair_count,0
494,parallel_endpoint_pair_count,0
495,parallel_endpoint_pair_count,0
496,parallel_endpoint_pair_count,0
497,parallel_endpoint_pair_count,0
498,parallel_endpoint_pair_count,0
499,parallel_endpoint_pair_count,0
500,parallel_endpoint_pair_count,0
501,parallel_endpoint_pair_count,0
502,parallel_endpoint_pair_count,0
503,parallel_endpoint_pair_count,0
504,parallel_endpoint_pair_count,0
505,parallel_endpoint_pair_count,0
506,parallel_endpoint_pair_count,0
507,parallel_endpoint_pair_count,0
508,parallel_endpoint_pair_count,0
509,parallel_endpoint_pair_count,0
510,parallel_endpoint_pair_count,0
511,parallel_endpoint_pair_count,0
512,parallel_endpoint_pair_count,0
513,parallel_endpoint_pair_count,0
514,parallel_endpoint_pair_count,0
515,parallel_endpoint_pair_count,0
516,parallel_endpoint_pair_count,0
517,parallel_endpoint_pair_count,0
518,parallel_endpoint_pair_count,0
519,parallel_endpoint_pair_count,0
520,parallel_endpoint_pair_count,0
521,parallel_endpoint_pair_count,0
522,parallel_endpoint_pair_count,0
523,parallel_endpoint_pair_count,0
524,parallel_endpoint_pair_count,0
525,parallel_endpoint_pair_count,0
526,parallel_endpoint_pair_count,0
527,parallel_endpoint_pair_count,0
528,parallel_endpoint_pair_count,0
529,parallel_endpoint_pair_count,0
530,parallel_endpoint_pair_count,0
531,parallel_endpoint_pair_count,0
532,parallel_endpoint_pair_count,0
533,parallel_endpoint_pair_count,0
534,parallel_endpoint_pair_count,0
535,parallel_endpoint_pair_count,0
536,parallel_endpoint_pair_count,0
537,parallel_endpoint_pair_count,0
538,parallel_endpoint_pair_count,0
539,parallel_endpoint_pair_count,0
540,parallel_endpoint_pair_count,0
541,parallel_endpoint_pair_count,0
542,parallel_endpoint_pair_count,0
543,parallel_endpoint_pair_count,0
544,parallel_endpoint_pair_count,0
545,parallel_endpoint_pair_count,0
546,parallel_endpoint_pair_count,0
547,parallel_endpoint_pair_count,0
548,parallel_endpoint_pair_count,0
549,parallel_endpoint_pair_count,0
550,parallel_endpoint_pair_count,0
551,parallel_endpoint_pair_count,0
552,parallel_endpoint_pair_count,0
553,parallel_endpoint_pair_count,0
554,parallel_endpoint_pair_count,0
555,parallel_endpoint_pair_count,0
556,parallel_endpoint_pair_count,0
557,parallel_endpoint_pair_count,0
558,parallel_endpoint_pair_count,0
559,parallel_endpoint_pair_count,0
560,parallel_endpoint_pair_count,0
561,parallel_endpoint_pair_count,0
562,parallel_endpoint_pair_count,0
563,parallel_endpoint_pair_count,0
564,parallel_endpoint_pair_count,0
565,parallel_endpoint_pair_count,0
566,parallel_endpoint_pair_count,0
567,parallel_endpoint_pair_count,0
568,parallel_endpoint_pair_count,0
569,parallel_endpoint_pair_count,0
570,parallel_endpoint_pair_count,0
571,parallel_endpoint_pair_count,0
572,parallel_endpoint_pair_count,0
573,parallel_endpoint_pair_count,0
574,parallel_endpoint_pair_count,0
575,parallel_endpoint_pair_count,0
576,parallel_endpoint_pair_count,0
577,parallel_endpoint_pair_count,0
578,parallel_endpoint_pair_count,0
579,parallel_endpoint_pair_count,0
580,parallel_endpoint_pair_count,0
581,parallel_endpoint_pair_count,0
582,parallel_endpoint_pair_count,0
583,parallel_endpoint_pair_count,0
584,parallel_endpoint_pair_count,0
585,parallel_endpoint_pair_count,0
586,parallel_endpoint_pair_count,0
587,parallel_endpoint_pair_count,0
588,parallel_endpoint_pair_count,0
589,parallel_endpoint_pair_count,0
590,parallel_endpoint_pair_count,0
591,parallel_endpoint_pair_count,0
592,parallel_endpoint_pair_count,0
593,parallel_endpoint_pair_count,0
594,parallel_endpoint_pair_count,0
595,parallel_endpoint_pair_count,0
596,parallel_endpoint_pair_count,0
597,parallel_endpoint_pair_count,0
598,parallel_endpoint_pair_count,0
599,parallel_endpoint_pair_count,0
600,parallel_endpoint_pair_count,0
601,parallel_endpoint_pair_count,0
602,parallel_endpoint_pair_count,0
603,parallel_endpoint_pair_count,0
604,parallel_endpoint_pair_count,0
605,parallel_endpoint_pair_count,0
606,parallel_endpoint_pair_count,0
607,parallel_endpoint_pair_count,0
608,parallel_endpoint_pair_count,0
609,parallel_endpoint_pair_count,0
610,parallel_endpoint_pair_count,0
611,parallel_endpoint_pair_count,0
612,parallel_endpoint_pair_count,0
613,parallel_endpoint_pair_count,0
614,parallel_endpoint_pair_count,0
615,parallel_endpoint_pair_count,0
616,parallel_endpoint_pair_count,0
617,parallel_endpoint_pair_count,0
618,parallel_endpoint_pair_count,0
619,parallel_endpoint_pair_count,0
620,parallel_endpoint_pair_count,0
621,parallel_endpoint_pair_count,0
622,parallel_endpoint_pair_count,0
623,parallel_endpoint_pair_count,0
624,parallel_endpoint_pair_count,0
625,parallel_endpoint_pair_count,0
626,parallel_endpoint_pair_count,0
627,parallel_endpoint_pair_count,0
628,parallel_endpoint_pair_count,0
629,parallel_endpoint_pair_count,0
630,parallel_endpoint_pair_count,0
631,parallel_endpoint_pair_count,0
632,parallel_endpoint_pair_count,0
633,parallel_endpoint_pair_count,0
634,parallel_endpoint_pair_count,0
635,parallel_endpoint_pair_count,0
636,parallel_endpoint_pair_count,0
637,parallel_endpoint_pair_count,0
638,parallel_endpoint_pair_count,0
639,parallel_endpoint_pair_count,0
640,parallel_endpoint_pair_count,0
641,parallel_endpoint_pair_count,0
642,parallel_endpoint_pair_count,0
643,parallel_endpoint_pair_count,0
644,parallel_endpoint_pair_count,0
645,parallel_endpoint_pair_count,0
646,parallel_endpoint_pair_count,0
647,parallel_endpoint_pair_count,0
648,parallel_endpoint_pair_count,0
649,parallel_endpoint_pair_count,0
650,parallel_endpoint_pair_count,0
651,parallel_endpoint_pair_count,0
652,parallel_endpoint_pair_count,0
653,parallel_endpoint_pair_count,0
654,parallel_endpoint_pair_count,0
655,parallel_endpoint_pair_count,0
656,parallel_endpoint_pair_count,0
657,parallel_endpoint_pair_count,0
658,parallel_endpoint_pair_count,0
659,parallel_endpoint_pair_count,0
660,parallel_endpoint_pair_count,0
661,parallel_endpoint_pair_count,0
662,parallel_endpoint_pair_count,0
663,parallel_endpoint_pair_count,0
664,parallel_endpoint_pair_count,0
665,parallel_endpoint_pair_count,0
666,parallel_endpoint_pair_count,0
667,parallel_endpoint_pair_count,0
668,parallel_endpoint_pair_count,0
669,parallel_endpoint_pair_count,0
670,parallel_endpoint_pair_count,0
671,parallel_endpoint_pair_count,0
672,parallel_endpoint_pair_count,0
673,parallel_endpoint_pair_count,0
674,parallel_endpoint_pair_count,0
675,parallel_endpoint_pair_count,0
676,parallel_endpoint_pair_count,0
677,parallel_endpoint_pair_count,0
678,parallel_endpoint_pair_count,0
679,parallel_endpoint_pair_count,0
680,parallel_endpoint_pair_count,0
681,parallel_endpoint_pair_count,0
682,parallel_endpoint_pair_count,0
683,parallel_endpoint_pair_count,0
684,parallel_endpoint_pair_count,0
685,parallel_endpoint_pair_count,0
686,parallel_endpoint_pair_count,0
687,parallel_endpoint_pair_count,0
688,parallel_endpoint_pair_count,0
689,parallel_endpoint_pair_count,0
690,parallel_endpoint_pair_count,0
691,parallel_endpoint_pair_count,0
692,parallel_endpoint_pair_count,0
693,parallel_endpoint_pair_count,0
694,parallel_endpoint_pair_count,0
695,parallel_endpoint_pair_count,0
696,parallel_endpoint_pair_count,0
697,parallel_endpoint_pair_count,0
698,parallel_endpoint_pair_count,0
699,parallel_endpoint_pair_count,0
700,parallel_endpoint_pair_count,0
701,parallel_endpoint_pair_count,0
702,parallel_endpoint_pair_count,0
703,parallel_endpoint_pair_count,0
704,parallel_endpoint_pair_count,0
705,parallel_endpoint_pair_count,0
706,parallel_endpoint_pair_count,0
707,parallel_endpoint_pair_count,0
708,parallel_endpoint_pair_count,0
709,parallel_endpoint_pair_count,0
710,parallel_endpoint_pair_count,0
711,parallel_endpoint_pair_count,0
712,parallel_endpoint_pair_count,0
713,parallel_endpoint_pair_count,0
714,parallel_endpoint_pair_count,0
715,parallel_endpoint_pair_count,0
716,parallel_endpoint_pair_count,0
717,parallel_endpoint_pair_count,0
718,parallel_endpoint_pair_count,0
719,parallel_endpoint_pair_count,0
720,parallel_endpoint_pair_count,0
721,parallel_endpoint_pair_count,0
722,parallel_endpoint_pair_count,0
723,parallel_endpoint_pair_count,0
724,parallel_endpoint_pair_count,0
725,parallel_endpoint_pair_count,0
726,parallel_endpoint_pair_count,0
727,parallel_endpoint_pair_count,0
728,parallel_endpoint_pair_count,0
729,parallel_endpoint_pair_count,0
730,parallel_endpoint_pair_count,0
731,parallel_endpoint_pair_count,0
732,parallel_endpoint_pair_count,0
733,parallel_endpoint_pair_count,0
734,parallel_endpoint_pair_count,0
735,parallel_endpoint_pair_count,0
736,parallel_endpoint_pair_count,0
737,parallel_endpoint_pair_count,0
738,parallel_endpoint_pair_count,0
739,parallel_endpoint_pair_count,0
740,parallel_endpoint_pair_count,0
741,parallel_endpoint_pair_count,0
742,parallel_endpoint_pair_count,0
743,parallel_endpoint_pair_count,0
744,parallel_endpoint_pair_count,0
745,parallel_endpoint_pair_count,0
746,parallel_endpoint_pair_count,0
747,parallel_endpoint_pair_count,0
748,parallel_endpoint_pair_count,0
749,parallel_endpoint_pair_count,0
750,parallel_endpoint_pair_count,0
751,parallel_endpoint_pair_count,0
752,parallel_endpoint_pair_count,0
753,parallel_endpoint_pair_count,0
754,parallel_endpoint_pair_count,0
755,parallel_endpoint_pair_count,0
756,parallel_endpoint_pair_count,0
757,parallel_endpoint_pair_count,0
758,parallel_endpoint_pair_count,0
759,parallel_endpoint_pair_count,0
760,parallel_endpoint_pair_count,0
761,parallel_endpoint_pair_count,0
762,parallel_endpoint_pair_count,0
763,parallel_endpoint_pair_count,0
764,parallel_endpoint_pair_count,0
765,parallel_endpoint_pair_count,0
766,parallel_endpoint_pair_count,0
767,parallel_endpoint_pair_count,0
768,parallel_endpoint_pair_count,0
769,parallel_endpoint_pair_count,0
770,parallel_endpoint_pair_count,0
771,parallel_endpoint_pair_count,0
772,parallel_endpoint_pair_count,0
773,parallel_endpoint_pair_count,0
774,parallel_endpoint_pair_count,0
775,parallel_endpoint_pair_count,0
776,parallel_endpoint_pair_count,0
777,parallel_endpoint_pair_count,0
778,parallel_endpoint_pair_count,0
779,parallel_endpoint_pair_count,0
780,parallel_endpoint_pair_count,0
781,parallel_endpoint_pair_count,0
782,parallel_endpoint_pair_count,0
783,parallel_endpoint_pair_count,0
784,parallel_endpoint_pair_count,0
785,parallel_endpoint_pair_count,0
786,parallel_endpoint_pair_count,0
787,parallel_endpoint_pair_count,0
788,parallel_endpoint_pair_count,0
789,parallel_endpoint_pair_count,0
790,parallel_endpoint_pair_count,0
791,parallel_endpoint_pair_count,0
792,parallel_endpoint_pair_count,0
793,parallel_endpoint_pair_count,0
794,parallel_endpoint_pair_count,0
795,parallel_endpoint_pair_count,0
796,parallel_endpoint_pair_count,0
797,parallel_endpoint_pair_count,0
798,parallel_endpoint_pair_count,0
799,parallel_endpoint_pair_count,0
800,parallel_endpoint_pair_count,0
801,parallel_endpoint_pair_count,0
802,parallel_endpoint_pair_count,0
803,parallel_endpoint_pair_count,0
804,parallel_endpoint_pair_count,0
805,parallel_endpoint_pair_count,0
806,parallel_endpoint_pair_count,0
807,parallel_endpoint_pair_count,0
808,parallel_endpoint_pair_count,0
809,parallel_endpoint_pair_count,0
810,parallel_endpoint_pair_count,0
811,parallel_endpoint_pair_count,0
812,parallel_endpoint_pair_count,0
813,parallel_endpoint_pair_count,0
814,parallel_endpoint_pair_count,0
815,parallel_endpoint_pair_count,0
816,parallel_endpoint_pair_count,0
817,parallel_endpoint_pair_count,0
818,parallel_endpoint_pair_count,0
819,parallel_endpoint_pair_count,0
820,parallel_endpoint_pair_count,0
821,parallel_endpoint_pair_count,0
822,parallel_endpoint_pair_count,0
823,parallel_endpoint_pair_count,0
824,parallel_endpoint_pair_count,0
825,parallel_endpoint_pair_count,0
826,parallel_endpoint_pair_count,0
827,parallel_endpoint_pair_count,0
828,parallel_endpoint_pair_count,0
829,parallel_endpoint_pair_count,0
830,parallel_endpoint_pair_count,0
831,parallel_endpoint_pair_count,0
832,parallel_endpoint_pair_count,0
833,parallel_endpoint_pair_count,0
834,parallel_endpoint_pair_count,0
835,parallel_endpoint_pair_count,0
836,parallel_endpoint_pair_count,0
837,parallel_endpoint_pair_count,0
838,parallel_endpoint_pair_count,0
839,parallel_endpoint_pair_count,0
840,parallel_endpoint_pair_count,0
841,parallel_endpoint_pair_count,0
842,parallel_endpoint_pair_count,0
843,parallel_endpoint_pair_count,0
844,parallel_endpoint_pair_count,0
845,parallel_endpoint_pair_count,0
846,parallel_endpoint_pair_count,0
847,parallel_endpoint_pair_count,0
848,parallel_endpoint_pair_count,0
849,parallel_endpoint_pair_count,0
850,parallel_endpoint_pair_count,0
851,parallel_endpoint_pair_count,0
852,parallel_endpoint_pair_count,0
853,parallel_endpoint_pair_count,0
854,parallel_endpoint_pair_count,0
855,parallel_endpoint_pair_count,0
856,parallel_endpoint_pair_count,0
857,parallel_endpoint_pair_count,0
858,parallel_endpoint_pair_count,0
859,parallel_endpoint_pair_count,0
860,parallel_endpoint_pair_count,0
861,parallel_endpoint_pair_count,0
862,parallel_endpoint_pair_count,0
863,parallel_endpoint_pair_count,0
864,parallel_endpoint_pair_count,0
865,parallel_endpoint_pair_count,0
866,parallel_endpoint_pair_count,0
867,parallel_endpoint_pair_count,0
868,parallel_endpoint_pair_count,0
869,parallel_endpoint_pair_count,0
870,parallel_endpoint_pair_count,0
871,parallel_endpoint_pair_count,0
872,parallel_endpoint_pair_count,0
873,parallel_endpoint_pair_count,0
874,parallel_endpoint_pair_count,0
875,parallel_endpoint_pair_count,0
876,parallel_endpoint_pair_count,0
877,parallel_endpoint_pair_count,0
878,parallel_endpoint_pair_count,0
879,parallel_endpoint_pair_count,0
880,parallel_endpoint_pair_count,0
881,parallel_endpoint_pair_count,0
882,parallel_endpoint_pair_count,0
883,parallel_endpoint_pair_count,0
884,parallel_endpoint_pair_count,0
885,parallel_endpoint_pair_count,0
886,parallel_endpoint_pair_count,0
887,parallel_endpoint_pair_count,0
888,parallel_endpoint_pair_count,0
889,parallel_endpoint_pair_count,0
890,parallel_endpoint_pair_count,0
891,parallel_endpoint_pair_count,0
892,parallel_endpoint_pair_count,0
893,parallel_endpoint_pair_count,0
894,parallel_endpoint_pair_count,0
895,parallel_endpoint_pair_count,0
896,parallel_endpoint_pair_count,0
897,parallel_endpoint_pair_count,0
898,parallel_endpoint_pair_count,0
899,parallel_endpoint_pair_count,0
900,parallel_endpoint_pair_count,0
901,parallel_endpoint_pair_count,0
902,parallel_endpoint_pair_count,0
903,parallel_endpoint_pair_count,0
904,parallel_endpoint_pair_count,0
905,parallel_endpoint_pair_count,0
906,parallel_endpoint_pair_count,0
907,parallel_endpoint_pair_count,0
908,parallel_endpoint_pair_count,0
909,parallel_endpoint_pair_count,0
910,parallel_endpoint_pair_count,0
911,parallel_endpoint_pair_count,0
912,parallel_endpoint_pair_count,0
913,parallel_endpoint_pair_count,0
914,parallel_endpoint_pair_count,0
915,parallel_endpoint_pair_count,0
916,parallel_endpoint_pair_count,0
917,parallel_endpoint_pair_count,0
918,parallel_endpoint_pair_count,0
919,parallel_endpoint_pair_count,0
920,parallel_endpoint_pair_count,0
921,parallel_endpoint_pair_count,0
922,parallel_endpoint_pair_count,0
923,parallel_endpoint_pair_count,0
924,parallel_endpoint_pair_count,0
925,parallel_endpoint_pair_count,0
926,parallel_endpoint_pair_count,0
927,parallel_endpoint_pair_count,0
928,parallel_endpoint_pair_count,0
929,parallel_endpoint_pair_count,0
930,parallel_endpoint_pair_count,0
931,parallel_endpoint_pair_count,0
932,parallel_endpoint_pair_count,0
933,parallel_endpoint_pair_count,0
934,parallel_endpoint_pair_count,0
935,parallel_endpoint_pair_count,0
936,parallel_endpoint_pair_count,0
937,parallel_endpoint_pair_count,0
938,parallel_endpoint_pair_count,0
939,parallel_endpoint_pair_count,0
940,parallel_endpoint_pair_count,0
941,parallel_endpoint_pair_count,0
942,parallel_endpoint_pair_count,0
943,parallel_endpoint_pair_count,0
944,parallel_endpoint_pair_count,0
945,parallel_endpoint_pair_count,0
946,parallel_endpoint_pair_count,0
947,parallel_endpoint_pair_count,0
948,parallel_endpoint_pair_count,0
949,parallel_endpoint_pair_count,0
950,parallel_endpoint_pair_count,0
951,parallel_endpoint_pair_count,0
952,parallel_endpoint_pair_count,0
953,parallel_endpoint_pair_count,0
954,parallel_endpoint_pair_count,0
955,parallel_endpoint_pair_count,0
956,parallel_endpoint_pair_count,0
957,parallel_endpoint_pair_count,0
958,parallel_endpoint_pair_count,0
959,parallel_endpoint_pair_count,0
960,parallel_endpoint_pair_count,0
961,parallel_endpoint_pair_count,0
962,parallel_endpoint_pair_count,0
963,parallel_endpoint_pair_count,0
964,parallel_endpoint_pair_count,0
965,parallel_endpoint_pair_count,0
966,parallel_endpoint_pair_count,0
967,parallel_endpoint_pair_count,0
968,parallel_endpoint_pair_count,0
969,parallel_endpoint_pair_count,0
970,parallel_endpoint_pair_count,0
971,parallel_endpoint_pair_count,0
972,parallel_endpoint_pair_count,0
973,parallel_endpoint_pair_count,0
974,parallel_endpoint_pair_count,0
975,parallel_endpoint_pair_count,0
976,parallel_endpoint_pair_count,0
977,parallel_endpoint_pair_count,0
978,parallel_endpoint_pair_count,0
979,parallel_endpoint_pair_count,0
980,parallel_endpoint_pair_count,0
981,parallel_endpoint_pair_count,0
982,parallel_endpoint_pair_count,0
983,parallel_endpoint_pair_count,0
984,parallel_endpoint_pair_count,0
985,parallel_endpoint_pair_count,0
986,parallel_endpoint_pair_count,0
987,parallel_endpoint_pair_count,0
988,parallel_endpoint_pair_count,0
989,parallel_endpoint_pair_count,0
990,parallel_endpoint_pair_count,0
991,parallel_endpoint_pair_count,0
992,parallel_endpoint_pair_count,0
993,parallel_endpoint_pair_count,0
994,parallel_endpoint_pair_count,0
995,parallel_endpoint_pair_count,0
996,parallel_endpoint_pair_count,0
997,parallel_endpoint_pair_count,0
998,parallel_endpoint_pair_count,0
999,parallel_endpoint_pair_count,0
1000,parallel_endpoint_pair_count,0
1001,parallel_endpoint_pair_count,0
1002,parallel_endpoint_pair_count,0
1003,parallel_endpoint_pair_count,0
1004,parallel_endpoint_pair_count,0
1005,parallel_endpoint_pair_count,0
1006,parallel_endpoint_pair_count,0
1007,parallel_endpoint_pair_count,0
1008,parallel_endpoint_pair_count,0
1009,parallel_endpoint_pair_count,0
1010,parallel_endpoint_pair_count,0
1011,parallel_endpoint_pair_count,0
1012,parallel_endpoint_pair_count,0
1013,parallel_endpoint_pair_count,0
1014,parallel_endpoint_pair_count,0
1015,parallel_endpoint_pair_count,0
1016,parallel_endpoint_pair_count,0
1017,parallel_endpoint_pair_count,0
1018,parallel_endpoint_pair_count,0
1019,parallel_endpoint_pair_count,0
1020,parallel_endpoint_pair_count,0
1021,parallel_endpoint_pair_count,0
1022,parallel_endpoint_pair_count,0
1023,parallel_endpoint_pair_count,0
1024,parallel_endpoint_pair_count,0
1025,parallel_endpoint_pair_count,0
1026,parallel_endpoint_pair_count,0
1027,parallel_endpoint_pair_count,0
1028,parallel_endpoint_pair_count,0
1029,parallel_endpoint_pair_count,0
1030,parallel_endpoint_pair_count,0
1031,parallel_endpoint_pair_count,0
1032,parallel_endpoint_pair_count,0
1033,parallel_endpoint_pair_count,0
1034,parallel_endpoint_pair_count,0
1035,parallel_endpoint_pair_count,0
1036,parallel_endpoint_pair_count,0
1037,parallel_endpoint_pair_count,0
1038,parallel_endpoint_pair_count,0
1039,parallel_endpoint_pair_count,0
1040,parallel_endpoint_pair_count,0
1041,parallel_endpoint_pair_count,0
1042,parallel_endpoint_pair_count,0
1043,parallel_endpoint_pair_count,0
1044,parallel_endpoint_pair_count,0
1045,parallel_endpoint_pair_count,0
1046,parallel_endpoint_pair_count,0
1047,parallel_endpoint_pair_count,0
1048,parallel_endpoint_pair_count,0
1049,parallel_endpoint_pair_count,0
1050,parallel_endpoint_pair_count,0
1051,parallel_endpoint_pair_count,0
1052,parallel_endpoint_pair_count,0
1053,parallel_endpoint_pair_count,0
1054,parallel_endpoint_pair_count,0
1055,parallel_endpoint_pair_count,0
1056,parallel_endpoint_pair_count,0
1057,parallel_endpoint_pair_count,0
1058,parallel_endpoint_pair_count,0
1059,parallel_endpoint_pair_count,0
1060,parallel_endpoint_pair_count,0
1061,parallel_endpoint_pair_count,0
1062,parallel_endpoint_pair_count,0
1063,parallel_endpoint_pair_count,0
1064,parallel_endpoint_pair_count,0
1065,parallel_endpoint_pair_count,0
1066,parallel_endpoint_pair_count,0
1067,parallel_endpoint_pair_count,0
1068,parallel_endpoint_pair_count,0
1069,parallel_endpoint_pair_count,0
1070,parallel_endpoint_pair_count,0
1071,parallel_endpoint_pair_count,0
1072,parallel_endpoint_pair_count,0
1073,parallel_endpoint_pair_count,0
1074,parallel_endpoint_pair_count,0
1075,parallel_endpoint_pair_count,0
1076,parallel_endpoint_pair_count,0
1077,parallel_endpoint_pair_count,0
1078,parallel_endpoint_pair_count,0
1079,parallel_endpoint_pair_count,0
1080,parallel_endpoint_pair_count,0
1081,parallel_endpoint_pair_count,0
1082,parallel_endpoint_pair_count,0
1083,parallel_endpoint_pair_count,0
1084,parallel_endpoint_pair_count,0
1085,parallel_endpoint_pair_count,0
1086,parallel_endpoint_pair_count,0
1087,parallel_endpoint_pair_count,0
1088,parallel_endpoint_pair_count,0
1089,parallel_endpoint_pair_count,0
1090,parallel_endpoint_pair_count,0
1091,parallel_endpoint_pair_count,0
1092,parallel_endpoint_pair_count,0
1093,parallel_endpoint_pair_count,0
1094,parallel_endpoint_pair_count,0
1095,parallel_endpoint_pair_count,0
1096,parallel_endpoint_pair_count,0
1097,parallel_endpoint_pair_count,0
1098,parallel_endpoint_pair_count,0
1099,parallel_endpoint_pair_count,0
1100,parallel_endpoint_pair_count,0
1101,parallel_endpoint_pair_count,0
1102,parallel_endpoint_pair_count,0
1103,parallel_endpoint_pair_count,0
1104,parallel_endpoint_pair_count,0
1105,parallel_endpoint_pair_count,0
1106,parallel_endpoint_pair_count,0
1107,parallel_endpoint_pair_count,0
1108,parallel_endpoint_pair_count,0
1109,parallel_endpoint_pair_count,0
1110,parallel_endpoint_pair_count,0
1111,parallel_endpoint_pair_count,0
1112,parallel_endpoint_pair_count,0
1113,parallel_endpoint_pair_count,0
1114,parallel_endpoint_pair_count,0
1115,parallel_endpoint_pair_count,0
1116,parallel_endpoint_pair_count,0
1117,parallel_endpoint_pair_count,0
1118,parallel_endpoint_pair_count,0
1119,parallel_endpoint_pair_count,0
1120,parallel_endpoint_pair_count,0
1121,parallel_endpoint_pair_count,0
1122,parallel_endpoint_pair_count,0
1123,parallel_endpoint_pair_count,0
1124,parallel_endpoint_pair_count,0
1125,parallel_endpoint_pair_count,0
1126,parallel_endpoint_pair_count,0
1127,parallel_endpoint_pair_count,0
1128,parallel_endpoint_pair_count,0
1129,parallel_endpoint_pair_count,0
1130,parallel_endpoint_pair_count,0
1131,parallel_endpoint_pair_count,0
1132,parallel_endpoint_pair_count,0
1133,parallel_endpoint_pair_count,0
1134,parallel_endpoint_pair_count,0
1135,parallel_endpoint_pair_count,0
1136,parallel_endpoint_pair_count,0
1137,parallel_endpoint_pair_count,0
1138,parallel_endpoint_pair_count,0
1139,parallel_endpoint_pair_count,0
1140,parallel_endpoint_pair_count,0
1141,parallel_endpoint_pair_count,0
1142,parallel_endpoint_pair_count,0
1143,parallel_endpoint_pair_count,0
1144,parallel_endpoint_pair_count,0
1145,parallel_endpoint_pair_count,0
1146,parallel_endpoint_pair_count,0
1147,parallel_endpoint_pair_count,0
1148,parallel_endpoint_pair_count,0
1149,parallel_endpoint_pair_count,0
1150,parallel_endpoint_pair_count,0
1151,parallel_endpoint_pair_count,0
1152,parallel_endpoint_pair_count,0
1153,parallel_endpoint_pair_count,0
1154,parallel_endpoint_pair_count,0
1155,parallel_endpoint_pair_count,0
1156,parallel_endpoint_pair_count,0
1157,parallel_endpoint_pair_count,0
1158,parallel_endpoint_pair_count,0
1159,parallel_endpoint_pair_count,0
1160,parallel_endpoint_pair_count,0
1161,parallel_endpoint_pair_count,0
1162,parallel_endpoint_pair_count,0
1163,parallel_endpoint_pair_count,0
1164,parallel_endpoint_pair_count,0
1165,parallel_endpoint_pair_count,0
1166,parallel_endpoint_pair_count,0
1167,parallel_endpoint_pair_count,0
1168,parallel_endpoint_pair_count,0
1169,parallel_endpoint_pair_count,0
1170,parallel_endpoint_pair_count,0
1171,parallel_endpoint_pair_count,0
1172,parallel_endpoint_pair_count,0
1173,parallel_endpoint_pair_count,0
1174,parallel_endpoint_pair_count,0
1175,parallel_endpoint_pair_count,0
1176,parallel_endpoint_pair_count,0
1177,parallel_endpoint_pair_count,0
1178,parallel_endpoint_pair_count,0
1179,parallel_endpoint_pair_count,0
1180,parallel_endpoint_pair_count,0
1181,parallel_endpoint_pair_count,0
1182,parallel_endpoint_pair_count,0
1183,parallel_endpoint_pair_count,0
1184,parallel_endpoint_pair_count,0
1185,parallel_endpoint_pair_count,0
1186,parallel_endpoint_pair_count,0
1187,parallel_endpoint_pair_count,0
1188,parallel_endpoint_pair_count,0
1189,parallel_endpoint_pair_count,0
1190,parallel_endpoint_pair_count,0
1191,parallel_endpoint_pair_count,0
1192,parallel_endpoint_pair_count,0
1193,parallel_endpoint_pair_count,0
1194,parallel_endpoint_pair_count,0
1195,parallel_endpoint_pair_count,0
1196,parallel_endpoint_pair_count,0
1197,parallel_endpoint_pair_count,0
1198,parallel_endpoint_pair_count,0
1199,parallel_endpoint_pair_count,0
1200,parallel_endpoint_pair_count,0
1201,parallel_endpoint_pair_count,0
1202,parallel_endpoint_pair_count,0
1203,parallel_endpoint_pair_count,0
1204,parallel_endpoint_pair_count,0
1205,parallel_endpoint_pair_count,0
1206,parallel_endpoint_pair_count,0
1207,parallel_endpoint_pair_count,0
1208,parallel_endpoint_pair_count,0
1209,parallel_endpoint_pair_count,0
1210,parallel_endpoint_pair_count,0
1211,parallel_endpoint_pair_count,0
1212,parallel_endpoint_pair_count,0
1213,parallel_endpoint_pair_count,0
1214,parallel_endpoint_pair_count,0
1215,parallel_endpoint_pair_count,0
1216,parallel_endpoint_pair_count,0
1217,parallel_endpoint_pair_count,0
1218,parallel_endpoint_pair_count,0
1219,parallel_endpoint_pair_count,0
1220,parallel_endpoint_pair_count,0
1221,parallel_endpoint_pair_count,0
1222,parallel_endpoint_pair_count,0
1223,parallel_endpoint_pair_count,0
1224,parallel_endpoint_pair_count,0
1225,parallel_endpoint_pair_count,0
1226,parallel_endpoint_pair_count,0
1227,parallel_endpoint_pair_count,0
1228,parallel_endpoint_pair_count,0
1229,parallel_endpoint_pair_count,0
1230,parallel_endpoint_pair_count,0
1231,parallel_endpoint_pair_count,0
1232,parallel_endpoint_pair_count,0
1233,parallel_endpoint_pair_count,0
1234,parallel_endpoint_pair_count,0
1235,parallel_endpoint_pair_count,0
1236,parallel_endpoint_pair_count,0
1237,parallel_endpoint_pair_count,0
1238,parallel_endpoint_pair_count,0
1239,parallel_endpoint_pair_count,0
1240,parallel_endpoint_pair_count,0
1241,parallel_endpoint_pair_count,0
1242,parallel_endpoint_pair_count,0
1243,parallel_endpoint_pair_count,0
1244,parallel_endpoint_pair_count,0
1245,parallel_endpoint_pair_count,0
1246,parallel_endpoint_pair_count,0
1247,parallel_endpoint_pair_count,0
1248,parallel_endpoint_pair_count,0
1249,parallel_endpoint_pair_count,0
1250,parallel_endpoint_pair_count,0
1251,parallel_endpoint_pair_count,0
1252,parallel_endpoint_pair_count,0
1253,parallel_endpoint_pair_count,0
1254,parallel_endpoint_pair_count,0
1255,parallel_endpoint_pair_count,0
1256,parallel_endpoint_pair_count,0
1257,parallel_endpoint_pair_count,0
1258,parallel_endpoint_pair_count,0
1259,parallel_endpoint_pair_count,0
1260,parallel_endpoint_pair_count,0
1261,parallel_endpoint_pair_count,0
1262,parallel_endpoint_pair_count,0
1263,parallel_endpoint_pair_count,0
1264,parallel_endpoint_pair_count,0
1265,parallel_endpoint_pair_count,0
1266,parallel_endpoint_pair_count,0
1267,parallel_endpoint_pair_count,0
1268,parallel_endpoint_pair_count,0
1269,parallel_endpoint_pair_count,0
1270,parallel_endpoint_pair_count,0
1271,parallel_endpoint_pair_count,0
1272,parallel_endpoint_pair_count,0
1273,parallel_endpoint_pair_count,0
1274,parallel_endpoint_pair_count,0
1275,parallel_endpoint_pair_count,0
1276,parallel_endpoint_pair_count,0
1277,parallel_endpoint_pair_count,0
1278,parallel_endpoint_pair_count,0
1279,parallel_endpoint_pair_count,0
1280,parallel_endpoint_pair_count,0
1281,parallel_endpoint_pair_count,0
1282,parallel_endpoint_pair_count,0
1283,parallel_endpoint_pair_count,0
1284,parallel_endpoint_pair_count,0
1285,parallel_endpoint_pair_count,0
1286,parallel_endpoint_pair_count,0
1287,parallel_endpoint_pair_count,0
1288,parallel_endpoint_pair_count,0
1289,parallel_endpoint_pair_count,0
1290,parallel_endpoint_pair_count,0
1291,parallel_endpoint_pair_count,0
1292,parallel_endpoint_pair_count,0
1293,parallel_endpoint_pair_count,0
1294,parallel_endpoint_pair_count,0
1295,parallel_endpoint_pair_count,0
1296,parallel_endpoint_pair_count,0
1297,parallel_endpoint_pair_count,0
1298,parallel_endpoint_pair_count,0
1299,parallel_endpoint_pair_count,0
1300,parallel_endpoint_pair_count,0
1301,parallel_endpoint_pair_count,0
1302,parallel_endpoint_pair_count,0
1303,parallel_endpoint_pair_count,0
1304,parallel_endpoint_pair_count,0
1305,parallel_endpoint_pair_count,0
1306,parallel_endpoint_pair_count,0
1307,parallel_endpoint_pair_count,0
1308,parallel_endpoint_pair_count,0
1309,parallel_endpoint_pair_count,0
1310,parallel_endpoint_pair_count,0
1311,parallel_endpoint_pair_count,0
1312,parallel_endpoint_pair_count,0
1313,parallel_endpoint_pair_count,0
1314,parallel_endpoint_pair_count,0
1315,parallel_endpoint_pair_count,0
1316,parallel_endpoint_pair_count,0
1317,parallel_endpoint_pair_count,0
1318,parallel_endpoint_pair_count,0
1319,parallel_endpoint_pair_count,0
1320,parallel_endpoint_pair_count,0
1321,parallel_endpoint_pair_count,0
1322,parallel_endpoint_pair_count,0
1323,parallel_endpoint_pair_count,0
1324,parallel_endpoint_pair_count,0
1325,parallel_endpoint_pair_count,0
1326,parallel_endpoint_pair_count,0
1327,parallel_endpoint_pair_count,0
1328,parallel_endpoint_pair_count,0
1329,parallel_endpoint_pair_count,0
1330,parallel_endpoint_pair_count,0
1331,parallel_endpoint_pair_count,0
1332,parallel_endpoint_pair_count,0
1333,parallel_endpoint_pair_count,0
1334,parallel_endpoint_pair_count,0
1335,parallel_endpoint_pair_count,0
1336,parallel_endpoint_pair_count,0
1337,parallel_endpoint_pair_count,0
1338,parallel_endpoint_pair_count,0
1339,parallel_endpoint_pair_count,0
1340,parallel_endpoint_pair_count,0
1341,parallel_endpoint_pair_count,0
1342,parallel_endpoint_pair_count,0
1343,parallel_endpoint_pair_count,0
1344,parallel_endpoint_pair_count,0
1345,parallel_endpoint_pair_count,0
1346,parallel_endpoint_pair_count,0
1347,parallel_endpoint_pair_count,0
1348,parallel_endpoint_pair_count,0
1349,parallel_endpoint_pair_count,0
1350,parallel_endpoint_pair_count,0
1351,parallel_endpoint_pair_count,0
1352,parallel_endpoint_pair_count,0
1353,parallel_endpoint_pair_count,0
1354,parallel_endpoint_pair_count,0
1355,parallel_endpoint_pair_count,0
1356,parallel_endpoint_pair_count,0
1357,parallel_endpoint_pair_count,0
1358,parallel_endpoint_pair_count,0
1359,parallel_endpoint_pair_count,0
1360,parallel_endpoint_pair_count,0
1361,parallel_endpoint_pair_count,0
1362,parallel_endpoint_pair_count,0
1363,parallel_endpoint_pair_count,0
1364,parallel_endpoint_pair_count,0
1365,parallel_endpoint_pair_count,0
1366,parallel_endpoint_pair_count,0
1367,parallel_endpoint_pair_count,0
1368,parallel_endpoint_pair_count,0
1369,parallel_endpoint_pair_count,0
1370,parallel_endpoint_pair_count,0
1371,parallel_endpoint_pair_count,0
1372,parallel_endpoint_pair_count,0
1373,parallel_endpoint_pair_count,0
1374,parallel_endpoint_pair_count,0
1375,parallel_endpoint_pair_count,0
1376,parallel_endpoint_pair_count,0
1377,parallel_endpoint_pair_count,0
1378,parallel_endpoint_pair_count,0
1379,parallel_endpoint_pair_count,0
1380,parallel_endpoint_pair_count,0
1381,parallel_endpoint_pair_count,0
1382,parallel_endpoint_pair_count,0
1383,parallel_endpoint_pair_count,0
1384,parallel_endpoint_pair_count,0
1385,parallel_endpoint_pair_count,0
1386,parallel_endpoint_pair_count,0
1387,parallel_endpoint_pair_count,0
1388,parallel_endpoint_pair_count,0
1389,parallel_endpoint_pair_count,0
1390,parallel_endpoint_pair_count,0
1391,parallel_endpoint_pair_count,0
1392,parallel_endpoint_pair_count,0
1393,parallel_endpoint_pair_count,0
1394,parallel_endpoint_pair_count,0
1395,parallel_endpoint_pair_count,0
1396,parallel_endpoint_pair_count,0
1397,parallel_endpoint_pair_count,0
1398,parallel_endpoint_pair_count,0
1399,parallel_endpoint_pair_count,0
1400,parallel_endpoint_pair_count,0
1401,parallel_endpoint_pair_count,0
1402,parallel_endpoint_pair_count,0
1403,parallel_endpoint_pair_count,0
1404,parallel_endpoint_pair_count,0
1405,parallel_endpoint_pair_count,0
1406,parallel_endpoint_pair_count,0
1407,parallel_endpoint_pair_count,0
1408,parallel_endpoint_pair_count,0
1409,parallel_endpoint_pair_count,0
1410,parallel_endpoint_pair_count,0
1411,parallel_endpoint_pair_count,0
1412,parallel_endpoint_pair_count,0
1413,parallel_endpoint_pair_count,0
1414,parallel_endpoint_pair_count,0
1415,parallel_endpoint_pair_count,0
1416,parallel_endpoint_pair_count,0
1417,parallel_endpoint_pair_count,0
1418,parallel_endpoint_pair_count,0
1419,parallel_endpoint_pair_count,0
1420,parallel_endpoint_pair_count,0
1421,parallel_endpoint_pair_count,0
1422,parallel_endpoint_pair_count,0
1423,parallel_endpoint_pair_count,0
1424,parallel_endpoint_pair_count,0
1425,parallel_endpoint_pair_count,0
1426,parallel_endpoint_pair_count,0
1427,parallel_endpoint_pair_count,0
1428,parallel_endpoint_pair_count,0
1429,parallel_endpoint_pair_count,0
1430,parallel_endpoint_pair_count,0
1431,parallel_endpoint_pair_count,0
1432,parallel_endpoint_pair_count,0
1433,parallel_endpoint_pair_count,0
1434,parallel_endpoint_pair_count,0
1435,parallel_endpoint_pair_count,0
1436,parallel_endpoint_pair_count,0
1437,parallel_endpoint_pair_count,0
1438,parallel_endpoint_pair_count,0
1439,parallel_endpoint_pair_count,0
1440,parallel_endpoint_pair_count,0
1441,parallel_endpoint_pair_count,0
1442,parallel_endpoint_pair_count,0
1443,parallel_endpoint_pair_count,0
1444,parallel_endpoint_pair_count,0
1445,parallel_endpoint_pair_count,0
1446,parallel_endpoint_pair_count,0
1447,parallel_endpoint_pair_count,0
1448,parallel_endpoint_pair_count,0
1449,parallel_endpoint_pair_count,0
1450,parallel_endpoint_pair_count,0
1451,parallel_endpoint_pair_count,0
1452,parallel_endpoint_pair_count,0
1453,parallel_endpoint_pair_count,0
1454,parallel_endpoint_pair_count,0
1455,parallel_endpoint_pair_count,0
1456,parallel_endpoint_pair_count,0
1457,parallel_endpoint_pair_count,0
1458,parallel_endpoint_pair_count,0
1459,parallel_endpoint_pair_count,0
1460,parallel_endpoint_pair_count,0
1461,parallel_endpoint_pair_count,0
1462,parallel_endpoint_pair_count,0
1463,parallel_endpoint_pair_count,0
1464,parallel_endpoint_pair_count,0
1465,parallel_endpoint_pair_count,0
1466,parallel_endpoint_pair_count,0
1467,parallel_endpoint_pair_count,0
1468,parallel_endpoint_pair_count,0
1469,parallel_endpoint_pair_count,0
1470,parallel_endpoint_pair_count,0
1471,parallel_endpoint_pair_count,0
1472,parallel_endpoint_pair_count,0
1473,parallel_endpoint_pair_count,0
1474,parallel_endpoint_pair_count,0
1475,parallel_endpoint_pair_count,0
1476,parallel_endpoint_pair_count,0
1477,parallel_endpoint_pair_count,0
1478,parallel_endpoint_pair_count,0
1479,parallel_endpoint_pair_count,0
1480,parallel_endpoint_pair_count,0
1481,parallel_endpoint_pair_count,0
1482,parallel_endpoint_pair_count,0
1483,parallel_endpoint_pair_count,0
1484,parallel_endpoint_pair_count,0
1485,parallel_endpoint_pair_count,0
1486,parallel_endpoint_pair_count,0
1487,parallel_endpoint_pair_count,0
1488,parallel_endpoint_pair_count,0
1489,parallel_endpoint_pair_count,0
1490,parallel_endpoint_pair_count,0
1491,parallel_endpoint_pair_count,0
1492,parallel_endpoint_pair_count,0
1493,parallel_endpoint_pair_count,0
1494,parallel_endpoint_pair_count,0
1495,parallel_endpoint_pair_count,0
1496,parallel_endpoint_pair_count,0
1497,parallel_endpoint_pair_count,0
1498,parallel_endpoint_pair_count,0
1499,parallel_endpoint_pair_count,0
1500,parallel_endpoint_pair_count,0
1501,parallel_endpoint_pair_count,0
1502,parallel_endpoint_pair_count,0
1503,parallel_endpoint_pair_count,0
1504,parallel_endpoint_pair_count,0
1505,parallel_endpoint_pair_count,0
1506,parallel_endpoint_pair_count,0
1507,parallel_endpoint_pair_count,0
1508,parallel_endpoint_pair_count,0
1509,parallel_endpoint_pair_count,0
1510,parallel_endpoint_pair_count,0
1511,parallel_endpoint_pair_count,0
1512,parallel_endpoint_pair_count,0
1513,parallel_endpoint_pair_count,0
1514,parallel_endpoint_pair_count,0
1515,parallel_endpoint_pair_count,0
1516,parallel_endpoint_pair_count,0
1517,parallel_endpoint_pair_count,0
1518,parallel_endpoint_pair_count,0
1519,parallel_endpoint_pair_count,0
1520,parallel_endpoint_pair_count,0
1521,parallel_endpoint_pair_count,0
1522,parallel_endpoint_pair_count,0
1523,parallel_endpoint_pair_count,0
1524,parallel_endpoint_pair_count,0
1525,parallel_endpoint_pair_count,0
1526,parallel_endpoint_pair_count,0
1527,parallel_endpoint_pair_count,0
1528,parallel_endpoint_pair_count,0
1529,parallel_endpoint_pair_count,0
1530,parallel_endpoint_pair_count,0
1531,parallel_endpoint_pair_count,0
1532,parallel_endpoint_pair_count,0
1533,parallel_endpoint_pair_count,0
1534,parallel_endpoint_pair_count,0
1535,parallel_endpoint_pair_count,0
1536,parallel_endpoint_pair_count,0
1537,parallel_endpoint_pair_count,0
1538,parallel_endpoint_pair_count,0
1539,parallel_endpoint_pair_count,0
1540,parallel_endpoint_pair_count,0
1541,parallel_endpoint_pair_count,0
1542,parallel_endpoint_pair_count,0
1543,parallel_endpoint_pair_count,0
1544,parallel_endpoint_pair_count,0
1545,parallel_endpoint_pair_count,0
1546,parallel_endpoint_pair_count,0
1547,parallel_endpoint_pair_count,0
1548,parallel_endpoint_pair_count,0
1549,parallel_endpoint_pair_count,0
1550,parallel_endpoint_pair_count,0
1551,parallel_endpoint_pair_count,0
1552,parallel_endpoint_pair_count,0
1553,parallel_endpoint_pair_count,0
1554,parallel_endpoint_pair_count,0
1555,parallel_endpoint_pair_count,0
1556,parallel_endpoint_pair_count,0
1557,parallel_endpoint_pair_count,0
1558,parallel_endpoint_pair_count,0
1559,parallel_endpoint_pair_count,0
1560,parallel_endpoint_pair_count,0
1561,parallel_endpoint_pair_count,0
1562,parallel_endpoint_pair_count,0
1563,parallel_endpoint_pair_count,0
1564,parallel_endpoint_pair_count,0
1565,parallel_endpoint_pair_count,0
1566,parallel_endpoint_pair_count,0
1567,parallel_endpoint_pair_count,0
1568,parallel_endpoint_pair_count,0
1569,parallel_endpoint_pair_count,0
1570,parallel_endpoint_pair_count,0
1571,parallel_endpoint_pair_count,0
1572,parallel_endpoint_pair_count,0
1573,parallel_endpoint_pair_count,0
1574,parallel_endpoint_pair_count,0
1575,parallel_endpoint_pair_count,0
1576,parallel_endpoint_pair_count,0
1577,parallel_endpoint_pair_count,0
1578,parallel_endpoint_pair_count,0
1579,parallel_endpoint_pair_count,0
1580,parallel_endpoint_pair_count,0
1581,parallel_endpoint_pair_count,0
1582,parallel_endpoint_pair_count,0
1583,parallel_endpoint_pair_count,0
1584,parallel_endpoint_pair_count,0
1585,parallel_endpoint_pair_count,0
1586,parallel_endpoint_pair_count,0
1587,parallel_endpoint_pair_count,0
1588,parallel_endpoint_pair_count,0
1589,parallel_endpoint_pair_count,0
1590,parallel_endpoint_pair_count,0
1591,parallel_endpoint_pair_count,0
1592,parallel_endpoint_pair_count,0
1593,parallel_endpoint_pair_count,0
1594,parallel_endpoint_pair_count,0
1595,parallel_endpoint_pair_count,0
1596,parallel_endpoint_pair_count,0
1597,parallel_endpoint_pair_count,0
1598,parallel_endpoint_pair_count,0
1599,parallel_endpoint_pair_count,0
1600,parallel_endpoint_pair_count,0
1601,parallel_endpoint_pair_count,0
1602,parallel_endpoint_pair_count,0
1603,parallel_endpoint_pair_count,0
1604,parallel_endpoint_pair_count,0
1605,parallel_endpoint_pair_count,0
1606,parallel_endpoint_pair_count,0
1607,parallel_endpoint_pair_count,0
1608,parallel_endpoint_pair_count,0
1609,parallel_endpoint_pair_count,0
1610,parallel_endpoint_pair_count,0
1611,parallel_endpoint_pair_count,0
1612,parallel_endpoint_pair_count,0
1613,parallel_endpoint_pair_count,0
1614,parallel_endpoint_pair_count,0
1615,parallel_endpoint_pair_count,0
1616,parallel_endpoint_pair_count,0
1617,parallel_endpoint_pair_count,0
1618,parallel_endpoint_pair_count,0
1619,parallel_endpoint_pair_count,0
1620,parallel_endpoint_pair_count,0
1621,parallel_endpoint_pair_count,0
1622,parallel_endpoint_pair_count,0
1623,parallel_endpoint_pair_count,0
1624,parallel_endpoint_pair_count,0
1625,parallel_endpoint_pair_count,0
1626,parallel_endpoint_pair_count,0
1627,parallel_endpoint_pair_count,0
1628,parallel_endpoint_pair_count,0
1629,parallel_endpoint_pair_count,0
1630,parallel_endpoint_pair_count,0
1631,parallel_endpoint_pair_count,0
1632,parallel_endpoint_pair_count,0
1633,parallel_endpoint_pair_count,0
1634,parallel_endpoint_pair_count,0
1635,parallel_endpoint_pair_count,0
1636,parallel_endpoint_pair_count,0
1637,parallel_endpoint_pair_count,0
1638,parallel_endpoint_pair_count,0
1639,parallel_endpoint_pair_count,0
1640,parallel_endpoint_pair_count,0
1641,parallel_endpoint_pair_count,0
1642,parallel_endpoint_pair_count,0
1643,parallel_endpoint_pair_count,0
1644,parallel_endpoint_pair_count,0
1645,parallel_endpoint_pair_count,0
1646,parallel_endpoint_pair_count,0
1647,parallel_endpoint_pair_count,0
1648,parallel_endpoint_pair_count,0
1649,parallel_endpoint_pair_count,0
1650,parallel_endpoint_pair_count,0
1651,parallel_endpoint_pair_count,0
1652,parallel_endpoint_pair_count,0
1653,parallel_endpoint_pair_count,0
1654,parallel_endpoint_pair_count,0
1655,parallel_endpoint_pair_count,0
1656,parallel_endpoint_pair_count,0
1657,parallel_endpoint_pair_count,0
1658,parallel_endpoint_pair_count,0
1659,parallel_endpoint_pair_count,0
1660,parallel_endpoint_pair_count,0
1661,parallel_endpoint_pair_count,0
1662,parallel_endpoint_pair_count,0
1663,parallel_endpoint_pair_count,0
1664,parallel_endpoint_pair_count,0
1665,parallel_endpoint_pair_count,0
1666,parallel_endpoint_pair_count,0
1667,parallel_endpoint_pair_count,0
1668,parallel_endpoint_pair_count,0
1669,parallel_endpoint_pair_count,0
1670,parallel_endpoint_pair_count,0
1671,parallel_endpoint_pair_count,0
1672,parallel_endpoint_pair_count,0
1673,parallel_endpoint_pair_count,0
1674,parallel_endpoint_pair_count,0
1675,parallel_endpoint_pair_count,0
1676,parallel_endpoint_pair_count,0
1677,parallel_endpoint_pair_count,0
1678,parallel_endpoint_pair_count,0
1679,parallel_endpoint_pair_count,0
1680,parallel_endpoint_pair_count,0
1681,parallel_endpoint_pair_count,0
1682,parallel_endpoint_pair_count,0
1683,parallel_endpoint_pair_count,0
1684,parallel_endpoint_pair_count,0
1685,parallel_endpoint_pair_count,0
1686,parallel_endpoint_pair_count,0
1687,parallel_endpoint_pair_count,0
1688,parallel_endpoint_pair_count,0
1689,parallel_endpoint_pair_count,0
1690,parallel_endpoint_pair_count,0
1691,parallel_endpoint_pair_count,0
1692,parallel_endpoint_pair_count,0
1693,parallel_endpoint_pair_count,0
1694,parallel_endpoint_pair_count,0
1695,parallel_endpoint_pair_count,0
1696,parallel_endpoint_pair_count,0
1697,parallel_endpoint_pair_count,0
1698,parallel_endpoint_pair_count,0
1699,parallel_endpoint_pair_count,0
1700,parallel_endpoint_pair_count,0
1701,parallel_endpoint_pair_count,0
1702,parallel_endpoint_pair_count,0
1703,parallel_endpoint_pair_count,0
1704,parallel_endpoint_pair_count,0
1705,parallel_endpoint_pair_count,0
1706,parallel_endpoint_pair_count,0
1707,parallel_endpoint_pair_count,0
1708,parallel_endpoint_pair_count,0
1709,parallel_endpoint_pair_count,0
1710,parallel_endpoint_pair_count,0
1711,parallel_endpoint_pair_count,0
1712,parallel_endpoint_pair_count,0
1713,parallel_endpoint_pair_count,0
1714,parallel_endpoint_pair_count,0
1715,parallel_endpoint_pair_count,0
1716,parallel_endpoint_pair_count,0
1717,parallel_endpoint_pair_count,0
1718,parallel_endpoint_pair_count,0
1719,parallel_endpoint_pair_count,0
1720,parallel_endpoint_pair_count,0
1721,parallel_endpoint_pair_count,0
1722,parallel_endpoint_pair_count,0
1723,parallel_endpoint_pair_count,0
1724,parallel_endpoint_pair_count,0
1725,parallel_endpoint_pair_count,0
1726,parallel_endpoint_pair_count,0
1727,parallel_endpoint_pair_count,0
1728,parallel_endpoint_pair_count,0
1729,parallel_endpoint_pair_count,0
1730,parallel_endpoint_pair_count,0
1731,parallel_endpoint_pair_count,0
1732,parallel_endpoint_pair_count,0
1733,parallel_endpoint_pair_count,0
1734,parallel_endpoint_pair_count,0
1735,parallel_endpoint_pair_count,0
1736,parallel_endpoint_pair_count,0
1737,parallel_endpoint_pair_count,0
1738,parallel_endpoint_pair_count,0
1739,parallel_endpoint_pair_count,0
1740,parallel_endpoint_pair_count,0
1741,parallel_endpoint_pair_count,0
1742,parallel_endpoint_pair_count,0
1743,parallel_endpoint_pair_count,0
1744,parallel_endpoint_pair_count,0
1745,parallel_endpoint_pair_count,0
1746,parallel_endpoint_pair_count,0
1747,parallel_endpoint_pair_count,0
1748,parallel_endpoint_pair_count,0
1749,parallel_endpoint_pair_count,0
1750,parallel_endpoint_pair_count,0
1751,parallel_endpoint_pair_count,0
1752,parallel_endpoint_pair_count,0
1753,parallel_endpoint_pair_count,0
1754,parallel_endpoint_pair_count,0
1755,parallel_endpoint_pair_count,0
1756,parallel_endpoint_pair_count,0
1757,parallel_endpoint_pair_count,0
1758,parallel_endpoint_pair_count,0
1759,parallel_endpoint_pair_count,0
1760,parallel_endpoint_pair_count,0
1761,parallel_endpoint_pair_count,0
1762,parallel_endpoint_pair_count,0
1763,parallel_endpoint_pair_count,0
1764,parallel_endpoint_pair_count,0
1765,parallel_endpoint_pair_count,0
1766,parallel_endpoint_pair_count,0
1767,parallel_endpoint_pair_count,0
1768,parallel_endpoint_pair_count,0
1769,parallel_endpoint_pair_count,0
1770,parallel_endpoint_pair_count,0
1771,parallel_endpoint_pair_count,0
1772,parallel_endpoint_pair_count,0
1773,parallel_endpoint_pair_count,0
1774,parallel_endpoint_pair_count,0
1775,parallel_endpoint_pair_count,0
1776,parallel_endpoint_pair_count,0
1777,parallel_endpoint_pair_count,0
1778,parallel_endpoint_pair_count,0
1779,parallel_endpoint_pair_count,0
1780,parallel_endpoint_pair_count,0
1781,parallel_endpoint_pair_count,0
1782,parallel_endpoint_pair_count,0
1783,parallel_endpoint_pair_count,0
1784,parallel_endpoint_pair_count,0
1785,parallel_endpoint_pair_count,0
1786,parallel_endpoint_pair_count,0
1787,parallel_endpoint_pair_count,0
1788,parallel_endpoint_pair_count,0
1789,parallel_endpoint_pair_count,0
1790,parallel_endpoint_pair_count,0
1791,parallel_endpoint_pair_count,0
1792,parallel_endpoint_pair_count,0
1793,parallel_endpoint_pair_count,0
1794,parallel_endpoint_pair_count,0
1795,parallel_endpoint_pair_count,0
1796,parallel_endpoint_pair_count,0
1797,parallel_endpoint_pair_count,0
1798,parallel_endpoint_pair_count,0
1799,parallel_endpoint_pair_count,0
1800,parallel_endpoint_pair_count,0
1801,parallel_endpoint_pair_count,0
1802,parallel_endpoint_pair_count,0
1803,parallel_endpoint_pair_count,0
1804,parallel_endpoint_pair_count,0
1805,parallel_endpoint_pair_count,0
1806,parallel_endpoint_pair_count,0
1807,parallel_endpoint_pair_count,0
1808,parallel_endpoint_pair_count,0
1809,parallel_endpoint_pair_count,0
1810,parallel_endpoint_pair_count,0
1811,parallel_endpoint_pair_count,0
1812,parallel_endpoint_pair_count,0
1813,parallel_endpoint_pair_count,0
1814,parallel_endpoint_pair_count,0
1815,parallel_endpoint_pair_count,0
1816,parallel_endpoint_pair_count,0
1817,parallel_endpoint_pair_count,0
1818,parallel_endpoint_pair_count,0
1819,parallel_endpoint_pair_count,0
1820,parallel_endpoint_pair_count,0
1821,parallel_endpoint_pair_count,0
1822,parallel_endpoint_pair_count,0
1823,parallel_endpoint_pair_count,0
1824,parallel_endpoint_pair_count,0
1825,parallel_endpoint_pair_count,0
1826,parallel_endpoint_pair_count,0
1827,parallel_endpoint_pair_count,0
1828,parallel_endpoint_pair_count,0
1829,parallel_endpoint_pair_count,0
1830,parallel_endpoint_pair_count,0
1831,parallel_endpoint_pair_count,0
1832,parallel_endpoint_pair_count,0
1833,parallel_endpoint_pair_count,0
1834,parallel_endpoint_pair_count,0
1835,parallel_endpoint_pair_count,0
1836,parallel_endpoint_pair_count,0
1837,parallel_endpoint_pair_count,0
1838,parallel_endpoint_pair_count,0
1839,parallel_endpoint_pair_count,0
1840,parallel_endpoint_pair_count,0
1841,parallel_endpoint_pair_count,0
1842,parallel_endpoint_pair_count,0
1843,parallel_endpoint_pair_count,0
1844,parallel_endpoint_pair_count,0
1845,parallel_endpoint_pair_count,0
1846,parallel_endpoint_pair_count,0
1847,parallel_endpoint_pair_count,0
1848,parallel_endpoint_pair_count,0
1849,parallel_endpoint_pair_count,0
1850,parallel_endpoint_pair_count,0
1851,parallel_endpoint_pair_count,0
1852,parallel_endpoint_pair_count,0
1853,parallel_endpoint_pair_count,0
1854,parallel_endpoint_pair_count,0
1855,parallel_endpoint_pair_count,0
1856,parallel_endpoint_pair_count,0
1857,parallel_endpoint_pair_count,0
1858,parallel_endpoint_pair_count,0
1859,parallel_endpoint_pair_count,0
1860,parallel_endpoint_pair_count,0
1861,parallel_endpoint_pair_count,0
1862,parallel_endpoint_pair_count,0
1863,parallel_endpoint_pair_count,0
1864,parallel_endpoint_pair_count,0
1865,parallel_endpoint_pair_count,0
1866,parallel_endpoint_pair_count,0
1867,parallel_endpoint_pair_count,0
1868,parallel_endpoint_pair_count,0
1869,parallel_endpoint_pair_count,0
1870,parallel_endpoint_pair_count,0
1871,parallel_endpoint_pair_count,0
1872,parallel_endpoint_pair_count,0
1873,parallel_endpoint_pair_count,0
1874,parallel_endpoint_pair_count,0
1875,parallel_endpoint_pair_count,0
1876,parallel_endpoint_pair_count,0
1877,parallel_endpoint_pair_count,0
1878,parallel_endpoint_pair_count,0
1879,parallel_endpoint_pair_count,0
1880,parallel_endpoint_pair_count,0
1881,parallel_endpoint_pair_count,0
1882,parallel_endpoint_pair_count,0
1883,parallel_endpoint_pair_count,0
1884,parallel_endpoint_pair_count,0
1885,parallel_endpoint_pair_count,0
1886,parallel_endpoint_pair_count,0
1887,parallel_endpoint_pair_count,0
1888,parallel_endpoint_pair_count,0
1889,parallel_endpoint_pair_count,0
1890,parallel_endpoint_pair_count,0
1891,parallel_endpoint_pair_count,0
1892,parallel_endpoint_pair_count,0
1893,parallel_endpoint_pair_count,0
1894,parallel_endpoint_pair_count,0
1895,parallel_endpoint_pair_count,0
1896,parallel_endpoint_pair_count,0
1897,parallel_endpoint_pair_count,0
1898,parallel_endpoint_pair_count,0
1899,parallel_endpoint_pair_count,0
1900,parallel_endpoint_pair_count,0
1901,parallel_endpoint_pair_count,0
1902,parallel_endpoint_pair_count,0
1903,parallel_endpoint_pair_count,0
1904,parallel_endpoint_pair_count,0
1905,parallel_endpoint_pair_count,0
1906,parallel_endpoint_pair_count,0
1907,parallel_endpoint_pair_count,0
1908,parallel_endpoint_pair_count,0
1909,parallel_endpoint_pair_count,0
1910,parallel_endpoint_pair_count,0
1911,parallel_endpoint_pair_count,0
1912,parallel_endpoint_pair_count,0
1913,parallel_endpoint_pair_count,0
1914,parallel_endpoint_pair_count,0
1915,parallel_endpoint_pair_count,0
1916,parallel_endpoint_pair_count,0
1917,parallel_endpoint_pair_count,0
1918,parallel_endpoint_pair_count,0
1919,parallel_endpoint_pair_count,0
1920,parallel_endpoint_pair_count,0
1921,parallel_endpoint_pair_count,0
1922,parallel_endpoint_pair_count,0
1923,parallel_endpoint_pair_count,0
1924,parallel_endpoint_pair_count,0
1925,parallel_endpoint_pair_count,0
1926,parallel_endpoint_pair_count,0
1927,parallel_endpoint_pair_count,0
1928,parallel_endpoint_pair_count,0
1929,parallel_endpoint_pair_count,0
1930,parallel_endpoint_pair_count,0
1931,parallel_endpoint_pair_count,0
1932,parallel_endpoint_pair_count,0
1933,parallel_endpoint_pair_count,0
1934,parallel_endpoint_pair_count,0
1935,parallel_endpoint_pair_count,0
1936,parallel_endpoint_pair_count,0
1937,parallel_endpoint_pair_count,0
1938,parallel_endpoint_pair_count,0
1939,parallel_endpoint_pair_count,0
1940,parallel_endpoint_pair_count,0
1941,parallel_endpoint_pair_count,0
1942,parallel_endpoint_pair_count,0
1943,parallel_endpoint_pair_count,0
1944,parallel_endpoint_pair_count,0
1945,parallel_endpoint_pair_count,0
1946,parallel_endpoint_pair_count,0
1947,parallel_endpoint_pair_count,0
1948,parallel_endpoint_pair_count,0
1949,parallel_endpoint_pair_count,0
1950,parallel_endpoint_pair_count,0
1951,parallel_endpoint_pair_count,0
1952,parallel_endpoint_pair_count,0
1953,parallel_endpoint_pair_count,0
1954,parallel_endpoint_pair_count,0
1955,parallel_endpoint_pair_count,0
1956,parallel_endpoint_pair_count,0
1957,parallel_endpoint_pair_count,0
1958,parallel_endpoint_pair_count,0
1959,parallel_endpoint_pair_count,0
1960,parallel_endpoint_pair_count,0
1961,parallel_endpoint_pair_count,0
1962,parallel_endpoint_pair_count,0
1963,parallel_endpoint_pair_count,0
1964,parallel_endpoint_pair_count,0
1965,parallel_endpoint_pair_count,0
1966,parallel_endpoint_pair_count,0
1967,parallel_endpoint_pair_count,0
1968,parallel_endpoint_pair_count,0
1969,parallel_endpoint_pair_count,0
1970,parallel_endpoint_pair_count,0
1971,parallel_endpoint_pair_count,0
1972,parallel_endpoint_pair_count,0
1973,parallel_endpoint_pair_count,0
1974,parallel_endpoint_pair_count,0
1975,parallel_endpoint_pair_count,0
1976,parallel_endpoint_pair_count,0
1977,parallel_endpoint_pair_count,0
1978,parallel_endpoint_pair_count,0
1979,parallel_endpoint_pair_count,0
1980,parallel_endpoint_pair_count,0
1981,parallel_endpoint_pair_count,0
1982,parallel_endpoint_pair_count,0
1983,parallel_endpoint_pair_count,0
1984,parallel_endpoint_pair_count,0
1985,parallel_endpoint_pair_count,0
1986,parallel_endpoint_pair_count,0
1987,parallel_endpoint_pair_count,0
1988,parallel_endpoint_pair_count,0
1989,parallel_endpoint_pair_count,0
1990,parallel_endpoint_pair_count,0
1991,parallel_endpoint_pair_count,0
1992,parallel_endpoint_pair_count,0
1993,parallel_endpoint_pair_count,0
1994,parallel_endpoint_pair_count,0
1995,parallel_endpoint_pair_count,0
1996,parallel_endpoint_pair_count,0
1997,parallel_endpoint_pair_count,0
1998,parallel_endpoint_pair_count,0
1999,parallel_endpoint_pair_count,0
0,parallel_edge_excess_count,0
1,parallel_edge_excess_count,0
2,parallel_edge_excess_count,0
3,parallel_edge_excess_count,0
4,parallel_edge_excess_count,0
5,parallel_edge_excess_count,0
6,parallel_edge_excess_count,0
7,parallel_edge_excess_count,0
8,parallel_edge_excess_count,0
9,parallel_edge_excess_count,0
10,parallel_edge_excess_count,0
11,parallel_edge_excess_count,0
12,parallel_edge_excess_count,0
13,parallel_edge_excess_count,0
14,parallel_edge_excess_count,0
15,parallel_edge_excess_count,0
16,parallel_edge_excess_count,0
17,parallel_edge_excess_count,0
18,parallel_edge_excess_count,0
19,parallel_edge_excess_count,0
20,parallel_edge_excess_count,0
21,parallel_edge_excess_count,0
22,parallel_edge_excess_count,0
23,parallel_edge_excess_count,0
24,parallel_edge_excess_count,0
25,parallel_edge_excess_count,0
26,parallel_edge_excess_count,0
27,parallel_edge_excess_count,0
28,parallel_edge_excess_count,0
29,parallel_edge_excess_count,0
30,parallel_edge_excess_count,0
31,parallel_edge_excess_count,0
32,parallel_edge_excess_count,0
33,parallel_edge_excess_count,0
34,parallel_edge_excess_count,0
35,parallel_edge_excess_count,0
36,parallel_edge_excess_count,0
37,parallel_edge_excess_count,0
38,parallel_edge_excess_count,0
39,parallel_edge_excess_count,0
40,parallel_edge_excess_count,0
41,parallel_edge_excess_count,0
42,parallel_edge_excess_count,0
43,parallel_edge_excess_count,0
44,parallel_edge_excess_count,0
45,parallel_edge_excess_count,0
46,parallel_edge_excess_count,0
47,parallel_edge_excess_count,0
48,parallel_edge_excess_count,0
49,parallel_edge_excess_count,0
50,parallel_edge_excess_count,0
51,parallel_edge_excess_count,0
52,parallel_edge_excess_count,0
53,parallel_edge_excess_count,0
54,parallel_edge_excess_count,0
55,parallel_edge_excess_count,0
56,parallel_edge_excess_count,0
57,parallel_edge_excess_count,0
58,parallel_edge_excess_count,0
59,parallel_edge_excess_count,0
60,parallel_edge_excess_count,0
61,parallel_edge_excess_count,0
62,parallel_edge_excess_count,0
63,parallel_edge_excess_count,0
64,parallel_edge_excess_count,0
65,parallel_edge_excess_count,0
66,parallel_edge_excess_count,0
67,parallel_edge_excess_count,0
68,parallel_edge_excess_count,0
69,parallel_edge_excess_count,0
70,parallel_edge_excess_count,0
71,parallel_edge_excess_count,0
72,parallel_edge_excess_count,0
73,parallel_edge_excess_count,0
74,parallel_edge_excess_count,0
75,parallel_edge_excess_count,0
76,parallel_edge_excess_count,0
77,parallel_edge_excess_count,0
78,parallel_edge_excess_count,0
79,parallel_edge_excess_count,0
80,parallel_edge_excess_count,0
81,parallel_edge_excess_count,0
82,parallel_edge_excess_count,0
83,parallel_edge_excess_count,0
84,parallel_edge_excess_count,0
85,parallel_edge_excess_count,0
86,parallel_edge_excess_count,0
87,parallel_edge_excess_count,0
88,parallel_edge_excess_count,0
89,parallel_edge_excess_count,0
90,parallel_edge_excess_count,0
91,parallel_edge_excess_count,0
92,parallel_edge_excess_count,0
93,parallel_edge_excess_count,0
94,parallel_edge_excess_count,0
95,parallel_edge_excess_count,0
96,parallel_edge_excess_count,0
97,parallel_edge_excess_count,0
98,parallel_edge_excess_count,0
99,parallel_edge_excess_count,0
100,parallel_edge_excess_count,0
101,parallel_edge_excess_count,0
102,parallel_edge_excess_count,0
103,parallel_edge_excess_count,0
104,parallel_edge_excess_count,0
105,parallel_edge_excess_count,0
106,parallel_edge_excess_count,0
107,parallel_edge_excess_count,0
108,parallel_edge_excess_count,0
109,parallel_edge_excess_count,0
110,parallel_edge_excess_count,0
111,parallel_edge_excess_count,0
112,parallel_edge_excess_count,0
113,parallel_edge_excess_count,0
114,parallel_edge_excess_count,0
115,parallel_edge_excess_count,0
116,parallel_edge_excess_count,0
117,parallel_edge_excess_count,0
118,parallel_edge_excess_count,0
119,parallel_edge_excess_count,0
120,parallel_edge_excess_count,0
121,parallel_edge_excess_count,0
122,parallel_edge_excess_count,0
123,parallel_edge_excess_count,0
124,parallel_edge_excess_count,0
125,parallel_edge_excess_count,0
126,parallel_edge_excess_count,0
127,parallel_edge_excess_count,0
128,parallel_edge_excess_count,0
129,parallel_edge_excess_count,0
130,parallel_edge_excess_count,0
131,parallel_edge_excess_count,0
132,parallel_edge_excess_count,0
133,parallel_edge_excess_count,0
134,parallel_edge_excess_count,0
135,parallel_edge_excess_count,0
136,parallel_edge_excess_count,0
137,parallel_edge_excess_count,0
138,parallel_edge_excess_count,0
139,parallel_edge_excess_count,0
140,parallel_edge_excess_count,0
141,parallel_edge_excess_count,0
142,parallel_edge_excess_count,0
143,parallel_edge_excess_count,0
144,parallel_edge_excess_count,0
145,parallel_edge_excess_count,0
146,parallel_edge_excess_count,0
147,parallel_edge_excess_count,0
148,parallel_edge_excess_count,0
149,parallel_edge_excess_count,0
150,parallel_edge_excess_count,0
151,parallel_edge_excess_count,0
152,parallel_edge_excess_count,0
153,parallel_edge_excess_count,0
154,parallel_edge_excess_count,0
155,parallel_edge_excess_count,0
156,parallel_edge_excess_count,0
157,parallel_edge_excess_count,0
158,parallel_edge_excess_count,0
159,parallel_edge_excess_count,0
160,parallel_edge_excess_count,0
161,parallel_edge_excess_count,0
162,parallel_edge_excess_count,0
163,parallel_edge_excess_count,0
164,parallel_edge_excess_count,0
165,parallel_edge_excess_count,0
166,parallel_edge_excess_count,0
167,parallel_edge_excess_count,0
168,parallel_edge_excess_count,0
169,parallel_edge_excess_count,0
170,parallel_edge_excess_count,0
171,parallel_edge_excess_count,0
172,parallel_edge_excess_count,0
173,parallel_edge_excess_count,0
174,parallel_edge_excess_count,0
175,parallel_edge_excess_count,0
176,parallel_edge_excess_count,0
177,parallel_edge_excess_count,0
178,parallel_edge_excess_count,0
179,parallel_edge_excess_count,0
180,parallel_edge_excess_count,0
181,parallel_edge_excess_count,0
182,parallel_edge_excess_count,0
183,parallel_edge_excess_count,0
184,parallel_edge_excess_count,0
185,parallel_edge_excess_count,0
186,parallel_edge_excess_count,0
187,parallel_edge_excess_count,0
188,parallel_edge_excess_count,0
189,parallel_edge_excess_count,0
190,parallel_edge_excess_count,0
191,parallel_edge_excess_count,0
192,parallel_edge_excess_count,0
193,parallel_edge_excess_count,0
194,parallel_edge_excess_count,0
195,parallel_edge_excess_count,0
196,parallel_edge_excess_count,0
197,parallel_edge_excess_count,0
198,parallel_edge_excess_count,0
199,parallel_edge_excess_count,0
200,parallel_edge_excess_count,0
201,parallel_edge_excess_count,0
202,parallel_edge_excess_count,0
203,parallel_edge_excess_count,0
204,parallel_edge_excess_count,0
205,parallel_edge_excess_count,0
206,parallel_edge_excess_count,0
207,parallel_edge_excess_count,0
208,parallel_edge_excess_count,0
209,parallel_edge_excess_count,0
210,parallel_edge_excess_count,0
211,parallel_edge_excess_count,0
212,parallel_edge_excess_count,0
213,parallel_edge_excess_count,0
214,parallel_edge_excess_count,0
215,parallel_edge_excess_count,0
216,parallel_edge_excess_count,0
217,parallel_edge_excess_count,0
218,parallel_edge_excess_count,0
219,parallel_edge_excess_count,0
220,parallel_edge_excess_count,0
221,parallel_edge_excess_count,0
222,parallel_edge_excess_count,0
223,parallel_edge_excess_count,0
224,parallel_edge_excess_count,0
225,parallel_edge_excess_count,0
226,parallel_edge_excess_count,0
227,parallel_edge_excess_count,0
228,parallel_edge_excess_count,0
229,parallel_edge_excess_count,0
230,parallel_edge_excess_count,0
231,parallel_edge_excess_count,0
232,parallel_edge_excess_count,0
233,parallel_edge_excess_count,0
234,parallel_edge_excess_count,0
235,parallel_edge_excess_count,0
236,parallel_edge_excess_count,0
237,parallel_edge_excess_count,0
238,parallel_edge_excess_count,0
239,parallel_edge_excess_count,0
240,parallel_edge_excess_count,0
241,parallel_edge_excess_count,0
242,parallel_edge_excess_count,0
243,parallel_edge_excess_count,0
244,parallel_edge_excess_count,0
245,parallel_edge_excess_count,0
246,parallel_edge_excess_count,0
247,parallel_edge_excess_count,0
248,parallel_edge_excess_count,0
249,parallel_edge_excess_count,0
250,parallel_edge_excess_count,0
251,parallel_edge_excess_count,0
252,parallel_edge_excess_count,0
253,parallel_edge_excess_count,0
254,parallel_edge_excess_count,0
255,parallel_edge_excess_count,0
256,parallel_edge_excess_count,0
257,parallel_edge_excess_count,0
258,parallel_edge_excess_count,0
259,parallel_edge_excess_count,0
260,parallel_edge_excess_count,0
261,parallel_edge_excess_count,0
262,parallel_edge_excess_count,0
263,parallel_edge_excess_count,0
264,parallel_edge_excess_count,0
265,parallel_edge_excess_count,0
266,parallel_edge_excess_count,0
267,parallel_edge_excess_count,0
268,parallel_edge_excess_count,0
269,parallel_edge_excess_count,0
270,parallel_edge_excess_count,0
271,parallel_edge_excess_count,0
272,parallel_edge_excess_count,0
273,parallel_edge_excess_count,0
274,parallel_edge_excess_count,0
275,parallel_edge_excess_count,0
276,parallel_edge_excess_count,0
277,parallel_edge_excess_count,0
278,parallel_edge_excess_count,0
279,parallel_edge_excess_count,0
280,parallel_edge_excess_count,0
281,parallel_edge_excess_count,0
282,parallel_edge_excess_count,0
283,parallel_edge_excess_count,0
284,parallel_edge_excess_count,0
285,parallel_edge_excess_count,0
286,parallel_edge_excess_count,0
287,parallel_edge_excess_count,0
288,parallel_edge_excess_count,0
289,parallel_edge_excess_count,0
290,parallel_edge_excess_count,0
291,parallel_edge_excess_count,0
292,parallel_edge_excess_count,0
293,parallel_edge_excess_count,0
294,parallel_edge_excess_count,0
295,parallel_edge_excess_count,0
296,parallel_edge_excess_count,0
297,parallel_edge_excess_count,0
298,parallel_edge_excess_count,0
299,parallel_edge_excess_count,0
300,parallel_edge_excess_count,0
301,parallel_edge_excess_count,0
302,parallel_edge_excess_count,0
303,parallel_edge_excess_count,0
304,parallel_edge_excess_count,0
305,parallel_edge_excess_count,0
306,parallel_edge_excess_count,0
307,parallel_edge_excess_count,0
308,parallel_edge_excess_count,0
309,parallel_edge_excess_count,0
310,parallel_edge_excess_count,0
311,parallel_edge_excess_count,0
312,parallel_edge_excess_count,0
313,parallel_edge_excess_count,0
314,parallel_edge_excess_count,0
315,parallel_edge_excess_count,0
316,parallel_edge_excess_count,0
317,parallel_edge_excess_count,0
318,parallel_edge_excess_count,0
319,parallel_edge_excess_count,0
320,parallel_edge_excess_count,0
321,parallel_edge_excess_count,0
322,parallel_edge_excess_count,0
323,parallel_edge_excess_count,0
324,parallel_edge_excess_count,0
325,parallel_edge_excess_count,0
326,parallel_edge_excess_count,0
327,parallel_edge_excess_count,0
328,parallel_edge_excess_count,0
329,parallel_edge_excess_count,0
330,parallel_edge_excess_count,0
331,parallel_edge_excess_count,0
332,parallel_edge_excess_count,0
333,parallel_edge_excess_count,0
334,parallel_edge_excess_count,0
335,parallel_edge_excess_count,0
336,parallel_edge_excess_count,0
337,parallel_edge_excess_count,0
338,parallel_edge_excess_count,0
339,parallel_edge_excess_count,0
340,parallel_edge_excess_count,0
341,parallel_edge_excess_count,0
342,parallel_edge_excess_count,0
343,parallel_edge_excess_count,0
344,parallel_edge_excess_count,0
345,parallel_edge_excess_count,0
346,parallel_edge_excess_count,0
347,parallel_edge_excess_count,0
348,parallel_edge_excess_count,0
349,parallel_edge_excess_count,0
350,parallel_edge_excess_count,0
351,parallel_edge_excess_count,0
352,parallel_edge_excess_count,0
353,parallel_edge_excess_count,0
354,parallel_edge_excess_count,0
355,parallel_edge_excess_count,0
356,parallel_edge_excess_count,0
357,parallel_edge_excess_count,0
358,parallel_edge_excess_count,0
359,parallel_edge_excess_count,0
360,parallel_edge_excess_count,0
361,parallel_edge_excess_count,0
362,parallel_edge_excess_count,0
363,parallel_edge_excess_count,0
364,parallel_edge_excess_count,0
365,parallel_edge_excess_count,0
366,parallel_edge_excess_count,0
367,parallel_edge_excess_count,0
368,parallel_edge_excess_count,0
369,parallel_edge_excess_count,0
370,parallel_edge_excess_count,0
371,parallel_edge_excess_count,0
372,parallel_edge_excess_count,0
373,parallel_edge_excess_count,0
374,parallel_edge_excess_count,0
375,parallel_edge_excess_count,0
376,parallel_edge_excess_count,0
377,parallel_edge_excess_count,0
378,parallel_edge_excess_count,0
379,parallel_edge_excess_count,0
380,parallel_edge_excess_count,0
381,parallel_edge_excess_count,0
382,parallel_edge_excess_count,0
383,parallel_edge_excess_count,0
384,parallel_edge_excess_count,0
385,parallel_edge_excess_count,0
386,parallel_edge_excess_count,0
387,parallel_edge_excess_count,0
388,parallel_edge_excess_count,0
389,parallel_edge_excess_count,0
390,parallel_edge_excess_count,0
391,parallel_edge_excess_count,0
392,parallel_edge_excess_count,0
393,parallel_edge_excess_count,0
394,parallel_edge_excess_count,0
395,parallel_edge_excess_count,0
396,parallel_edge_excess_count,0
397,parallel_edge_excess_count,0
398,parallel_edge_excess_count,0
399,parallel_edge_excess_count,0
400,parallel_edge_excess_count,0
401,parallel_edge_excess_count,0
402,parallel_edge_excess_count,0
403,parallel_edge_excess_count,0
404,parallel_edge_excess_count,0
405,parallel_edge_excess_count,0
406,parallel_edge_excess_count,0
407,parallel_edge_excess_count,0
408,parallel_edge_excess_count,0
409,parallel_edge_excess_count,0
410,parallel_edge_excess_count,0
411,parallel_edge_excess_count,0
412,parallel_edge_excess_count,0
413,parallel_edge_excess_count,0
414,parallel_edge_excess_count,0
415,parallel_edge_excess_count,0
416,parallel_edge_excess_count,0
417,parallel_edge_excess_count,0
418,parallel_edge_excess_count,0
419,parallel_edge_excess_count,0
420,parallel_edge_excess_count,0
421,parallel_edge_excess_count,0
422,parallel_edge_excess_count,0
423,parallel_edge_excess_count,0
424,parallel_edge_excess_count,0
425,parallel_edge_excess_count,0
426,parallel_edge_excess_count,0
427,parallel_edge_excess_count,0
428,parallel_edge_excess_count,0
429,parallel_edge_excess_count,0
430,parallel_edge_excess_count,0
431,parallel_edge_excess_count,0
432,parallel_edge_excess_count,0
433,parallel_edge_excess_count,0
434,parallel_edge_excess_count,0
435,parallel_edge_excess_count,0
436,parallel_edge_excess_count,0
437,parallel_edge_excess_count,0
438,parallel_edge_excess_count,0
439,parallel_edge_excess_count,0
440,parallel_edge_excess_count,0
441,parallel_edge_excess_count,0
442,parallel_edge_excess_count,0
443,parallel_edge_excess_count,0
444,parallel_edge_excess_count,0
445,parallel_edge_excess_count,0
446,parallel_edge_excess_count,0
447,parallel_edge_excess_count,0
448,parallel_edge_excess_count,0
449,parallel_edge_excess_count,0
450,parallel_edge_excess_count,0
451,parallel_edge_excess_count,0
452,parallel_edge_excess_count,0
453,parallel_edge_excess_count,0
454,parallel_edge_excess_count,0
455,parallel_edge_excess_count,0
456,parallel_edge_excess_count,0
457,parallel_edge_excess_count,0
458,parallel_edge_excess_count,0
459,parallel_edge_excess_count,0
460,parallel_edge_excess_count,0
461,parallel_edge_excess_count,0
462,parallel_edge_excess_count,0
463,parallel_edge_excess_count,0
464,parallel_edge_excess_count,0
465,parallel_edge_excess_count,0
466,parallel_edge_excess_count,0
467,parallel_edge_excess_count,0
468,parallel_edge_excess_count,0
469,parallel_edge_excess_count,0
470,parallel_edge_excess_count,0
471,parallel_edge_excess_count,0
472,parallel_edge_excess_count,0
473,parallel_edge_excess_count,0
474,parallel_edge_excess_count,0
475,parallel_edge_excess_count,0
476,parallel_edge_excess_count,0
477,parallel_edge_excess_count,0
478,parallel_edge_excess_count,0
479,parallel_edge_excess_count,0
480,parallel_edge_excess_count,0
481,parallel_edge_excess_count,0
482,parallel_edge_excess_count,0
483,parallel_edge_excess_count,0
484,parallel_edge_excess_count,0
485,parallel_edge_excess_count,0
486,parallel_edge_excess_count,0
487,parallel_edge_excess_count,0
488,parallel_edge_excess_count,0
489,parallel_edge_excess_count,0
490,parallel_edge_excess_count,0
491,parallel_edge_excess_count,0
492,parallel_edge_excess_count,0
493,parallel_edge_excess_count,0
494,parallel_edge_excess_count,0
495,parallel_edge_excess_count,0
496,parallel_edge_excess_count,0
497,parallel_edge_excess_count,0
498,parallel_edge_excess_count,0
499,parallel_edge_excess_count,0
500,parallel_edge_excess_count,0
501,parallel_edge_excess_count,0
502,parallel_edge_excess_count,0
503,parallel_edge_excess_count,0
504,parallel_edge_excess_count,0
505,parallel_edge_excess_count,0
506,parallel_edge_excess_count,0
507,parallel_edge_excess_count,0
508,parallel_edge_excess_count,0
509,parallel_edge_excess_count,0
510,parallel_edge_excess_count,0
511,parallel_edge_excess_count,0
512,parallel_edge_excess_count,0
513,parallel_edge_excess_count,0
514,parallel_edge_excess_count,0
515,parallel_edge_excess_count,0
516,parallel_edge_excess_count,0
517,parallel_edge_excess_count,0
518,parallel_edge_excess_count,0
519,parallel_edge_excess_count,0
520,parallel_edge_excess_count,0
521,parallel_edge_excess_count,0
522,parallel_edge_excess_count,0
523,parallel_edge_excess_count,0
524,parallel_edge_excess_count,0
525,parallel_edge_excess_count,0
526,parallel_edge_excess_count,0
527,parallel_edge_excess_count,0
528,parallel_edge_excess_count,0
529,parallel_edge_excess_count,0
530,parallel_edge_excess_count,0
531,parallel_edge_excess_count,0
532,parallel_edge_excess_count,0
533,parallel_edge_excess_count,0
534,parallel_edge_excess_count,0
535,parallel_edge_excess_count,0
536,parallel_edge_excess_count,0
537,parallel_edge_excess_count,0
538,parallel_edge_excess_count,0
539,parallel_edge_excess_count,0
540,parallel_edge_excess_count,0
541,parallel_edge_excess_count,0
542,parallel_edge_excess_count,0
543,parallel_edge_excess_count,0
544,parallel_edge_excess_count,0
545,parallel_edge_excess_count,0
546,parallel_edge_excess_count,0
547,parallel_edge_excess_count,0
548,parallel_edge_excess_count,0
549,parallel_edge_excess_count,0
550,parallel_edge_excess_count,0
551,parallel_edge_excess_count,0
552,parallel_edge_excess_count,0
553,parallel_edge_excess_count,0
554,parallel_edge_excess_count,0
555,parallel_edge_excess_count,0
556,parallel_edge_excess_count,0
557,parallel_edge_excess_count,0
558,parallel_edge_excess_count,0
559,parallel_edge_excess_count,0
560,parallel_edge_excess_count,0
561,parallel_edge_excess_count,0
562,parallel_edge_excess_count,0
563,parallel_edge_excess_count,0
564,parallel_edge_excess_count,0
565,parallel_edge_excess_count,0
566,parallel_edge_excess_count,0
567,parallel_edge_excess_count,0
568,parallel_edge_excess_count,0
569,parallel_edge_excess_count,0
570,parallel_edge_excess_count,0
571,parallel_edge_excess_count,0
572,parallel_edge_excess_count,0
573,parallel_edge_excess_count,0
574,parallel_edge_excess_count,0
575,parallel_edge_excess_count,0
576,parallel_edge_excess_count,0
577,parallel_edge_excess_count,0
578,parallel_edge_excess_count,0
579,parallel_edge_excess_count,0
580,parallel_edge_excess_count,0
581,parallel_edge_excess_count,0
582,parallel_edge_excess_count,0
583,parallel_edge_excess_count,0
584,parallel_edge_excess_count,0
585,parallel_edge_excess_count,0
586,parallel_edge_excess_count,0
587,parallel_edge_excess_count,0
588,parallel_edge_excess_count,0
589,parallel_edge_excess_count,0
590,parallel_edge_excess_count,0
591,parallel_edge_excess_count,0
592,parallel_edge_excess_count,0
593,parallel_edge_excess_count,0
594,parallel_edge_excess_count,0
595,parallel_edge_excess_count,0
596,parallel_edge_excess_count,0
597,parallel_edge_excess_count,0
598,parallel_edge_excess_count,0
599,parallel_edge_excess_count,0
600,parallel_edge_excess_count,0
601,parallel_edge_excess_count,0
602,parallel_edge_excess_count,0
603,parallel_edge_excess_count,0
604,parallel_edge_excess_count,0
605,parallel_edge_excess_count,0
606,parallel_edge_excess_count,0
607,parallel_edge_excess_count,0
608,parallel_edge_excess_count,0
609,parallel_edge_excess_count,0
610,parallel_edge_excess_count,0
611,parallel_edge_excess_count,0
612,parallel_edge_excess_count,0
613,parallel_edge_excess_count,0
614,parallel_edge_excess_count,0
615,parallel_edge_excess_count,0
616,parallel_edge_excess_count,0
617,parallel_edge_excess_count,0
618,parallel_edge_excess_count,0
619,parallel_edge_excess_count,0
620,parallel_edge_excess_count,0
621,parallel_edge_excess_count,0
622,parallel_edge_excess_count,0
623,parallel_edge_excess_count,0
624,parallel_edge_excess_count,0
625,parallel_edge_excess_count,0
626,parallel_edge_excess_count,0
627,parallel_edge_excess_count,0
628,parallel_edge_excess_count,0
629,parallel_edge_excess_count,0
630,parallel_edge_excess_count,0
631,parallel_edge_excess_count,0
632,parallel_edge_excess_count,0
633,parallel_edge_excess_count,0
634,parallel_edge_excess_count,0
635,parallel_edge_excess_count,0
636,parallel_edge_excess_count,0
637,parallel_edge_excess_count,0
638,parallel_edge_excess_count,0
639,parallel_edge_excess_count,0
640,parallel_edge_excess_count,0
641,parallel_edge_excess_count,0
642,parallel_edge_excess_count,0
643,parallel_edge_excess_count,0
644,parallel_edge_excess_count,0
645,parallel_edge_excess_count,0
646,parallel_edge_excess_count,0
647,parallel_edge_excess_count,0
648,parallel_edge_excess_count,0
649,parallel_edge_excess_count,0
650,parallel_edge_excess_count,0
651,parallel_edge_excess_count,0
652,parallel_edge_excess_count,0
653,parallel_edge_excess_count,0
654,parallel_edge_excess_count,0
655,parallel_edge_excess_count,0
656,parallel_edge_excess_count,0
657,parallel_edge_excess_count,0
658,parallel_edge_excess_count,0
659,parallel_edge_excess_count,0
660,parallel_edge_excess_count,0
661,parallel_edge_excess_count,0
662,parallel_edge_excess_count,0
663,parallel_edge_excess_count,0
664,parallel_edge_excess_count,0
665,parallel_edge_excess_count,0
666,parallel_edge_excess_count,0
667,parallel_edge_excess_count,0
668,parallel_edge_excess_count,0
669,parallel_edge_excess_count,0
670,parallel_edge_excess_count,0
671,parallel_edge_excess_count,0
672,parallel_edge_excess_count,0
673,parallel_edge_excess_count,0
674,parallel_edge_excess_count,0
675,parallel_edge_excess_count,0
676,parallel_edge_excess_count,0
677,parallel_edge_excess_count,0
678,parallel_edge_excess_count,0
679,parallel_edge_excess_count,0
680,parallel_edge_excess_count,0
681,parallel_edge_excess_count,0
682,parallel_edge_excess_count,0
683,parallel_edge_excess_count,0
684,parallel_edge_excess_count,0
685,parallel_edge_excess_count,0
686,parallel_edge_excess_count,0
687,parallel_edge_excess_count,0
688,parallel_edge_excess_count,0
689,parallel_edge_excess_count,0
690,parallel_edge_excess_count,0
691,parallel_edge_excess_count,0
692,parallel_edge_excess_count,0
693,parallel_edge_excess_count,0
694,parallel_edge_excess_count,0
695,parallel_edge_excess_count,0
696,parallel_edge_excess_count,0
697,parallel_edge_excess_count,0
698,parallel_edge_excess_count,0
699,parallel_edge_excess_count,0
700,parallel_edge_excess_count,0
701,parallel_edge_excess_count,0
702,parallel_edge_excess_count,0
703,parallel_edge_excess_count,0
704,parallel_edge_excess_count,0
705,parallel_edge_excess_count,0
706,parallel_edge_excess_count,0
707,parallel_edge_excess_count,0
708,parallel_edge_excess_count,0
709,parallel_edge_excess_count,0
710,parallel_edge_excess_count,0
711,parallel_edge_excess_count,0
712,parallel_edge_excess_count,0
713,parallel_edge_excess_count,0
714,parallel_edge_excess_count,0
715,parallel_edge_excess_count,0
716,parallel_edge_excess_count,0
717,parallel_edge_excess_count,0
718,parallel_edge_excess_count,0
719,parallel_edge_excess_count,0
720,parallel_edge_excess_count,0
721,parallel_edge_excess_count,0
722,parallel_edge_excess_count,0
723,parallel_edge_excess_count,0
724,parallel_edge_excess_count,0
725,parallel_edge_excess_count,0
726,parallel_edge_excess_count,0
727,parallel_edge_excess_count,0
728,parallel_edge_excess_count,0
729,parallel_edge_excess_count,0
730,parallel_edge_excess_count,0
731,parallel_edge_excess_count,0
732,parallel_edge_excess_count,0
733,parallel_edge_excess_count,0
734,parallel_edge_excess_count,0
735,parallel_edge_excess_count,0
736,parallel_edge_excess_count,0
737,parallel_edge_excess_count,0
738,parallel_edge_excess_count,0
739,parallel_edge_excess_count,0
740,parallel_edge_excess_count,0
741,parallel_edge_excess_count,0
742,parallel_edge_excess_count,0
743,parallel_edge_excess_count,0
744,parallel_edge_excess_count,0
745,parallel_edge_excess_count,0
746,parallel_edge_excess_count,0
747,parallel_edge_excess_count,0
748,parallel_edge_excess_count,0
749,parallel_edge_excess_count,0
750,parallel_edge_excess_count,0
751,parallel_edge_excess_count,0
752,parallel_edge_excess_count,0
753,parallel_edge_excess_count,0
754,parallel_edge_excess_count,0
755,parallel_edge_excess_count,0
756,parallel_edge_excess_count,0
757,parallel_edge_excess_count,0
758,parallel_edge_excess_count,0
759,parallel_edge_excess_count,0
760,parallel_edge_excess_count,0
761,parallel_edge_excess_count,0
762,parallel_edge_excess_count,0
763,parallel_edge_excess_count,0
764,parallel_edge_excess_count,0
765,parallel_edge_excess_count,0
766,parallel_edge_excess_count,0
767,parallel_edge_excess_count,0
768,parallel_edge_excess_count,0
769,parallel_edge_excess_count,0
770,parallel_edge_excess_count,0
771,parallel_edge_excess_count,0
772,parallel_edge_excess_count,0
773,parallel_edge_excess_count,0
774,parallel_edge_excess_count,0
775,parallel_edge_excess_count,0
776,parallel_edge_excess_count,0
777,parallel_edge_excess_count,0
778,parallel_edge_excess_count,0
779,parallel_edge_excess_count,0
780,parallel_edge_excess_count,0
781,parallel_edge_excess_count,0
782,parallel_edge_excess_count,0
783,parallel_edge_excess_count,0
784,parallel_edge_excess_count,0
785,parallel_edge_excess_count,0
786,parallel_edge_excess_count,0
787,parallel_edge_excess_count,0
788,parallel_edge_excess_count,0
789,parallel_edge_excess_count,0
790,parallel_edge_excess_count,0
791,parallel_edge_excess_count,0
792,parallel_edge_excess_count,0
793,parallel_edge_excess_count,0
794,parallel_edge_excess_count,0
795,parallel_edge_excess_count,0
796,parallel_edge_excess_count,0
797,parallel_edge_excess_count,0
798,parallel_edge_excess_count,0
799,parallel_edge_excess_count,0
800,parallel_edge_excess_count,0
801,parallel_edge_excess_count,0
802,parallel_edge_excess_count,0
803,parallel_edge_excess_count,0
804,parallel_edge_excess_count,0
805,parallel_edge_excess_count,0
806,parallel_edge_excess_count,0
807,parallel_edge_excess_count,0
808,parallel_edge_excess_count,0
809,parallel_edge_excess_count,0
810,parallel_edge_excess_count,0
811,parallel_edge_excess_count,0
812,parallel_edge_excess_count,0
813,parallel_edge_excess_count,0
814,parallel_edge_excess_count,0
815,parallel_edge_excess_count,0
816,parallel_edge_excess_count,0
817,parallel_edge_excess_count,0
818,parallel_edge_excess_count,0
819,parallel_edge_excess_count,0
820,parallel_edge_excess_count,0
821,parallel_edge_excess_count,0
822,parallel_edge_excess_count,0
823,parallel_edge_excess_count,0
824,parallel_edge_excess_count,0
825,parallel_edge_excess_count,0
826,parallel_edge_excess_count,0
827,parallel_edge_excess_count,0
828,parallel_edge_excess_count,0
829,parallel_edge_excess_count,0
830,parallel_edge_excess_count,0
831,parallel_edge_excess_count,0
832,parallel_edge_excess_count,0
833,parallel_edge_excess_count,0
834,parallel_edge_excess_count,0
835,parallel_edge_excess_count,0
836,parallel_edge_excess_count,0
837,parallel_edge_excess_count,0
838,parallel_edge_excess_count,0
839,parallel_edge_excess_count,0
840,parallel_edge_excess_count,0
841,parallel_edge_excess_count,0
842,parallel_edge_excess_count,0
843,parallel_edge_excess_count,0
844,parallel_edge_excess_count,0
845,parallel_edge_excess_count,0
846,parallel_edge_excess_count,0
847,parallel_edge_excess_count,0
848,parallel_edge_excess_count,0
849,parallel_edge_excess_count,0
850,parallel_edge_excess_count,0
851,parallel_edge_excess_count,0
852,parallel_edge_excess_count,0
853,parallel_edge_excess_count,0
854,parallel_edge_excess_count,0
855,parallel_edge_excess_count,0
856,parallel_edge_excess_count,0
857,parallel_edge_excess_count,0
858,parallel_edge_excess_count,0
859,parallel_edge_excess_count,0
860,parallel_edge_excess_count,0
861,parallel_edge_excess_count,0
862,parallel_edge_excess_count,0
863,parallel_edge_excess_count,0
864,parallel_edge_excess_count,0
865,parallel_edge_excess_count,0
866,parallel_edge_excess_count,0
867,parallel_edge_excess_count,0
868,parallel_edge_excess_count,0
869,parallel_edge_excess_count,0
870,parallel_edge_excess_count,0
871,parallel_edge_excess_count,0
872,parallel_edge_excess_count,0
873,parallel_edge_excess_count,0
874,parallel_edge_excess_count,0
875,parallel_edge_excess_count,0
876,parallel_edge_excess_count,0
877,parallel_edge_excess_count,0
878,parallel_edge_excess_count,0
879,parallel_edge_excess_count,0
880,parallel_edge_excess_count,0
881,parallel_edge_excess_count,0
882,parallel_edge_excess_count,0
883,parallel_edge_excess_count,0
884,parallel_edge_excess_count,0
885,parallel_edge_excess_count,0
886,parallel_edge_excess_count,0
887,parallel_edge_excess_count,0
888,parallel_edge_excess_count,0
889,parallel_edge_excess_count,0
890,parallel_edge_excess_count,0
891,parallel_edge_excess_count,0
892,parallel_edge_excess_count,0
893,parallel_edge_excess_count,0
894,parallel_edge_excess_count,0
895,parallel_edge_excess_count,0
896,parallel_edge_excess_count,0
897,parallel_edge_excess_count,0
898,parallel_edge_excess_count,0
899,parallel_edge_excess_count,0
900,parallel_edge_excess_count,0
901,parallel_edge_excess_count,0
902,parallel_edge_excess_count,0
903,parallel_edge_excess_count,0
904,parallel_edge_excess_count,0
905,parallel_edge_excess_count,0
906,parallel_edge_excess_count,0
907,parallel_edge_excess_count,0
908,parallel_edge_excess_count,0
909,parallel_edge_excess_count,0
910,parallel_edge_excess_count,0
911,parallel_edge_excess_count,0
912,parallel_edge_excess_count,0
913,parallel_edge_excess_count,0
914,parallel_edge_excess_count,0
915,parallel_edge_excess_count,0
916,parallel_edge_excess_count,0
917,parallel_edge_excess_count,0
918,parallel_edge_excess_count,0
919,parallel_edge_excess_count,0
920,parallel_edge_excess_count,0
921,parallel_edge_excess_count,0
922,parallel_edge_excess_count,0
923,parallel_edge_excess_count,0
924,parallel_edge_excess_count,0
925,parallel_edge_excess_count,0
926,parallel_edge_excess_count,0
927,parallel_edge_excess_count,0
928,parallel_edge_excess_count,0
929,parallel_edge_excess_count,0
930,parallel_edge_excess_count,0
931,parallel_edge_excess_count,0
932,parallel_edge_excess_count,0
933,parallel_edge_excess_count,0
934,parallel_edge_excess_count,0
935,parallel_edge_excess_count,0
936,parallel_edge_excess_count,0
937,parallel_edge_excess_count,0
938,parallel_edge_excess_count,0
939,parallel_edge_excess_count,0
940,parallel_edge_excess_count,0
941,parallel_edge_excess_count,0
942,parallel_edge_excess_count,0
943,parallel_edge_excess_count,0
944,parallel_edge_excess_count,0
945,parallel_edge_excess_count,0
946,parallel_edge_excess_count,0
947,parallel_edge_excess_count,0
948,parallel_edge_excess_count,0
949,parallel_edge_excess_count,0
950,parallel_edge_excess_count,0
951,parallel_edge_excess_count,0
952,parallel_edge_excess_count,0
953,parallel_edge_excess_count,0
954,parallel_edge_excess_count,0
955,parallel_edge_excess_count,0
956,parallel_edge_excess_count,0
957,parallel_edge_excess_count,0
958,parallel_edge_excess_count,0
959,parallel_edge_excess_count,0
960,parallel_edge_excess_count,0
961,parallel_edge_excess_count,0
962,parallel_edge_excess_count,0
963,parallel_edge_excess_count,0
964,parallel_edge_excess_count,0
965,parallel_edge_excess_count,0
966,parallel_edge_excess_count,0
967,parallel_edge_excess_count,0
968,parallel_edge_excess_count,0
969,parallel_edge_excess_count,0
970,parallel_edge_excess_count,0
971,parallel_edge_excess_count,0
972,parallel_edge_excess_count,0
973,parallel_edge_excess_count,0
974,parallel_edge_excess_count,0
975,parallel_edge_excess_count,0
976,parallel_edge_excess_count,0
977,parallel_edge_excess_count,0
978,parallel_edge_excess_count,0
979,parallel_edge_excess_count,0
980,parallel_edge_excess_count,0
981,parallel_edge_excess_count,0
982,parallel_edge_excess_count,0
983,parallel_edge_excess_count,0
984,parallel_edge_excess_count,0
985,parallel_edge_excess_count,0
986,parallel_edge_excess_count,0
987,parallel_edge_excess_count,0
988,parallel_edge_excess_count,0
989,parallel_edge_excess_count,0
990,parallel_edge_excess_count,0
991,parallel_edge_excess_count,0
992,parallel_edge_excess_count,0
993,parallel_edge_excess_count,0
994,parallel_edge_excess_count,0
995,parallel_edge_excess_count,0
996,parallel_edge_excess_count,0
997,parallel_edge_excess_count,0
998,parallel_edge_excess_count,0
999,parallel_edge_excess_count,0
1000,parallel_edge_excess_count,0
1001,parallel_edge_excess_count,0
1002,parallel_edge_excess_count,0
1003,parallel_edge_excess_count,0
1004,parallel_edge_excess_count,0
1005,parallel_edge_excess_count,0
1006,parallel_edge_excess_count,0
1007,parallel_edge_excess_count,0
1008,parallel_edge_excess_count,0
1009,parallel_edge_excess_count,0
1010,parallel_edge_excess_count,0
1011,parallel_edge_excess_count,0
1012,parallel_edge_excess_count,0
1013,parallel_edge_excess_count,0
1014,parallel_edge_excess_count,0
1015,parallel_edge_excess_count,0
1016,parallel_edge_excess_count,0
1017,parallel_edge_excess_count,0
1018,parallel_edge_excess_count,0
1019,parallel_edge_excess_count,0
1020,parallel_edge_excess_count,0
1021,parallel_edge_excess_count,0
1022,parallel_edge_excess_count,0
1023,parallel_edge_excess_count,0
1024,parallel_edge_excess_count,0
1025,parallel_edge_excess_count,0
1026,parallel_edge_excess_count,0
1027,parallel_edge_excess_count,0
1028,parallel_edge_excess_count,0
1029,parallel_edge_excess_count,0
1030,parallel_edge_excess_count,0
1031,parallel_edge_excess_count,0
1032,parallel_edge_excess_count,0
1033,parallel_edge_excess_count,0
1034,parallel_edge_excess_count,0
1035,parallel_edge_excess_count,0
1036,parallel_edge_excess_count,0
1037,parallel_edge_excess_count,0
1038,parallel_edge_excess_count,0
1039,parallel_edge_excess_count,0
1040,parallel_edge_excess_count,0
1041,parallel_edge_excess_count,0
1042,parallel_edge_excess_count,0
1043,parallel_edge_excess_count,0
1044,parallel_edge_excess_count,0
1045,parallel_edge_excess_count,0
1046,parallel_edge_excess_count,0
1047,parallel_edge_excess_count,0
1048,parallel_edge_excess_count,0
1049,parallel_edge_excess_count,0
1050,parallel_edge_excess_count,0
1051,parallel_edge_excess_count,0
1052,parallel_edge_excess_count,0
1053,parallel_edge_excess_count,0
1054,parallel_edge_excess_count,0
1055,parallel_edge_excess_count,0
1056,parallel_edge_excess_count,0
1057,parallel_edge_excess_count,0
1058,parallel_edge_excess_count,0
1059,parallel_edge_excess_count,0
1060,parallel_edge_excess_count,0
1061,parallel_edge_excess_count,0
1062,parallel_edge_excess_count,0
1063,parallel_edge_excess_count,0
1064,parallel_edge_excess_count,0
1065,parallel_edge_excess_count,0
1066,parallel_edge_excess_count,0
1067,parallel_edge_excess_count,0
1068,parallel_edge_excess_count,0
1069,parallel_edge_excess_count,0
1070,parallel_edge_excess_count,0
1071,parallel_edge_excess_count,0
1072,parallel_edge_excess_count,0
1073,parallel_edge_excess_count,0
1074,parallel_edge_excess_count,0
1075,parallel_edge_excess_count,0
1076,parallel_edge_excess_count,0
1077,parallel_edge_excess_count,0
1078,parallel_edge_excess_count,0
1079,parallel_edge_excess_count,0
1080,parallel_edge_excess_count,0
1081,parallel_edge_excess_count,0
1082,parallel_edge_excess_count,0
1083,parallel_edge_excess_count,0
1084,parallel_edge_excess_count,0
1085,parallel_edge_excess_count,0
1086,parallel_edge_excess_count,0
1087,parallel_edge_excess_count,0
1088,parallel_edge_excess_count,0
1089,parallel_edge_excess_count,0
1090,parallel_edge_excess_count,0
1091,parallel_edge_excess_count,0
1092,parallel_edge_excess_count,0
1093,parallel_edge_excess_count,0
1094,parallel_edge_excess_count,0
1095,parallel_edge_excess_count,0
1096,parallel_edge_excess_count,0
1097,parallel_edge_excess_count,0
1098,parallel_edge_excess_count,0
1099,parallel_edge_excess_count,0
1100,parallel_edge_excess_count,0
1101,parallel_edge_excess_count,0
1102,parallel_edge_excess_count,0
1103,parallel_edge_excess_count,0
1104,parallel_edge_excess_count,0
1105,parallel_edge_excess_count,0
1106,parallel_edge_excess_count,0
1107,parallel_edge_excess_count,0
1108,parallel_edge_excess_count,0
1109,parallel_edge_excess_count,0
1110,parallel_edge_excess_count,0
1111,parallel_edge_excess_count,0
1112,parallel_edge_excess_count,0
1113,parallel_edge_excess_count,0
1114,parallel_edge_excess_count,0
1115,parallel_edge_excess_count,0
1116,parallel_edge_excess_count,0
1117,parallel_edge_excess_count,0
1118,parallel_edge_excess_count,0
1119,parallel_edge_excess_count,0
1120,parallel_edge_excess_count,0
1121,parallel_edge_excess_count,0
1122,parallel_edge_excess_count,0
1123,parallel_edge_excess_count,0
1124,parallel_edge_excess_count,0
1125,parallel_edge_excess_count,0
1126,parallel_edge_excess_count,0
1127,parallel_edge_excess_count,0
1128,parallel_edge_excess_count,0
1129,parallel_edge_excess_count,0
1130,parallel_edge_excess_count,0
1131,parallel_edge_excess_count,0
1132,parallel_edge_excess_count,0
1133,parallel_edge_excess_count,0
1134,parallel_edge_excess_count,0
1135,parallel_edge_excess_count,0
1136,parallel_edge_excess_count,0
1137,parallel_edge_excess_count,0
1138,parallel_edge_excess_count,0
1139,parallel_edge_excess_count,0
1140,parallel_edge_excess_count,0
1141,parallel_edge_excess_count,0
1142,parallel_edge_excess_count,0
1143,parallel_edge_excess_count,0
1144,parallel_edge_excess_count,0
1145,parallel_edge_excess_count,0
1146,parallel_edge_excess_count,0
1147,parallel_edge_excess_count,0
1148,parallel_edge_excess_count,0
1149,parallel_edge_excess_count,0
1150,parallel_edge_excess_count,0
1151,parallel_edge_excess_count,0
1152,parallel_edge_excess_count,0
1153,parallel_edge_excess_count,0
1154,parallel_edge_excess_count,0
1155,parallel_edge_excess_count,0
1156,parallel_edge_excess_count,0
1157,parallel_edge_excess_count,0
1158,parallel_edge_excess_count,0
1159,parallel_edge_excess_count,0
1160,parallel_edge_excess_count,0
1161,parallel_edge_excess_count,0
1162,parallel_edge_excess_count,0
1163,parallel_edge_excess_count,0
1164,parallel_edge_excess_count,0
1165,parallel_edge_excess_count,0
1166,parallel_edge_excess_count,0
1167,parallel_edge_excess_count,0
1168,parallel_edge_excess_count,0
1169,parallel_edge_excess_count,0
1170,parallel_edge_excess_count,0
1171,parallel_edge_excess_count,0
1172,parallel_edge_excess_count,0
1173,parallel_edge_excess_count,0
1174,parallel_edge_excess_count,0
1175,parallel_edge_excess_count,0
1176,parallel_edge_excess_count,0
1177,parallel_edge_excess_count,0
1178,parallel_edge_excess_count,0
1179,parallel_edge_excess_count,0
1180,parallel_edge_excess_count,0
1181,parallel_edge_excess_count,0
1182,parallel_edge_excess_count,0
1183,parallel_edge_excess_count,0
1184,parallel_edge_excess_count,0
1185,parallel_edge_excess_count,0
1186,parallel_edge_excess_count,0
1187,parallel_edge_excess_count,0
1188,parallel_edge_excess_count,0
1189,parallel_edge_excess_count,0
1190,parallel_edge_excess_count,0
1191,parallel_edge_excess_count,0
1192,parallel_edge_excess_count,0
1193,parallel_edge_excess_count,0
1194,parallel_edge_excess_count,0
1195,parallel_edge_excess_count,0
1196,parallel_edge_excess_count,0
1197,parallel_edge_excess_count,0
1198,parallel_edge_excess_count,0
1199,parallel_edge_excess_count,0
1200,parallel_edge_excess_count,0
1201,parallel_edge_excess_count,0
1202,parallel_edge_excess_count,0
1203,parallel_edge_excess_count,0
1204,parallel_edge_excess_count,0
1205,parallel_edge_excess_count,0
1206,parallel_edge_excess_count,0
1207,parallel_edge_excess_count,0
1208,parallel_edge_excess_count,0
1209,parallel_edge_excess_count,0
1210,parallel_edge_excess_count,0
1211,parallel_edge_excess_count,0
1212,parallel_edge_excess_count,0
1213,parallel_edge_excess_count,0
1214,parallel_edge_excess_count,0
1215,parallel_edge_excess_count,0
1216,parallel_edge_excess_count,0
1217,parallel_edge_excess_count,0
1218,parallel_edge_excess_count,0
1219,parallel_edge_excess_count,0
1220,parallel_edge_excess_count,0
1221,parallel_edge_excess_count,0
1222,parallel_edge_excess_count,0
1223,parallel_edge_excess_count,0
1224,parallel_edge_excess_count,0
1225,parallel_edge_excess_count,0
1226,parallel_edge_excess_count,0
1227,parallel_edge_excess_count,0
1228,parallel_edge_excess_count,0
1229,parallel_edge_excess_count,0
1230,parallel_edge_excess_count,0
1231,parallel_edge_excess_count,0
1232,parallel_edge_excess_count,0
1233,parallel_edge_excess_count,0
1234,parallel_edge_excess_count,0
1235,parallel_edge_excess_count,0
1236,parallel_edge_excess_count,0
1237,parallel_edge_excess_count,0
1238,parallel_edge_excess_count,0
1239,parallel_edge_excess_count,0
1240,parallel_edge_excess_count,0
1241,parallel_edge_excess_count,0
1242,parallel_edge_excess_count,0
1243,parallel_edge_excess_count,0
1244,parallel_edge_excess_count,0
1245,parallel_edge_excess_count,0
1246,parallel_edge_excess_count,0
1247,parallel_edge_excess_count,0
1248,parallel_edge_excess_count,0
1249,parallel_edge_excess_count,0
1250,parallel_edge_excess_count,0
1251,parallel_edge_excess_count,0
1252,parallel_edge_excess_count,0
1253,parallel_edge_excess_count,0
1254,parallel_edge_excess_count,0
1255,parallel_edge_excess_count,0
1256,parallel_edge_excess_count,0
1257,parallel_edge_excess_count,0
1258,parallel_edge_excess_count,0
1259,parallel_edge_excess_count,0
1260,parallel_edge_excess_count,0
1261,parallel_edge_excess_count,0
1262,parallel_edge_excess_count,0
1263,parallel_edge_excess_count,0
1264,parallel_edge_excess_count,0
1265,parallel_edge_excess_count,0
1266,parallel_edge_excess_count,0
1267,parallel_edge_excess_count,0
1268,parallel_edge_excess_count,0
1269,parallel_edge_excess_count,0
1270,parallel_edge_excess_count,0
1271,parallel_edge_excess_count,0
1272,parallel_edge_excess_count,0
1273,parallel_edge_excess_count,0
1274,parallel_edge_excess_count,0
1275,parallel_edge_excess_count,0
1276,parallel_edge_excess_count,0
1277,parallel_edge_excess_count,0
1278,parallel_edge_excess_count,0
1279,parallel_edge_excess_count,0
1280,parallel_edge_excess_count,0
1281,parallel_edge_excess_count,0
1282,parallel_edge_excess_count,0
1283,parallel_edge_excess_count,0
1284,parallel_edge_excess_count,0
1285,parallel_edge_excess_count,0
1286,parallel_edge_excess_count,0
1287,parallel_edge_excess_count,0
1288,parallel_edge_excess_count,0
1289,parallel_edge_excess_count,0
1290,parallel_edge_excess_count,0
1291,parallel_edge_excess_count,0
1292,parallel_edge_excess_count,0
1293,parallel_edge_excess_count,0
1294,parallel_edge_excess_count,0
1295,parallel_edge_excess_count,0
1296,parallel_edge_excess_count,0
1297,parallel_edge_excess_count,0
1298,parallel_edge_excess_count,0
1299,parallel_edge_excess_count,0
1300,parallel_edge_excess_count,0
1301,parallel_edge_excess_count,0
1302,parallel_edge_excess_count,0
1303,parallel_edge_excess_count,0
1304,parallel_edge_excess_count,0
1305,parallel_edge_excess_count,0
1306,parallel_edge_excess_count,0
1307,parallel_edge_excess_count,0
1308,parallel_edge_excess_count,0
1309,parallel_edge_excess_count,0
1310,parallel_edge_excess_count,0
1311,parallel_edge_excess_count,0
1312,parallel_edge_excess_count,0
1313,parallel_edge_excess_count,0
1314,parallel_edge_excess_count,0
1315,parallel_edge_excess_count,0
1316,parallel_edge_excess_count,0
1317,parallel_edge_excess_count,0
1318,parallel_edge_excess_count,0
1319,parallel_edge_excess_count,0
1320,parallel_edge_excess_count,0
1321,parallel_edge_excess_count,0
1322,parallel_edge_excess_count,0
1323,parallel_edge_excess_count,0
1324,parallel_edge_excess_count,0
1325,parallel_edge_excess_count,0
1326,parallel_edge_excess_count,0
1327,parallel_edge_excess_count,0
1328,parallel_edge_excess_count,0
1329,parallel_edge_excess_count,0
1330,parallel_edge_excess_count,0
1331,parallel_edge_excess_count,0
1332,parallel_edge_excess_count,0
1333,parallel_edge_excess_count,0
1334,parallel_edge_excess_count,0
1335,parallel_edge_excess_count,0
1336,parallel_edge_excess_count,0
1337,parallel_edge_excess_count,0
1338,parallel_edge_excess_count,0
1339,parallel_edge_excess_count,0
1340,parallel_edge_excess_count,0
1341,parallel_edge_excess_count,0
1342,parallel_edge_excess_count,0
1343,parallel_edge_excess_count,0
1344,parallel_edge_excess_count,0
1345,parallel_edge_excess_count,0
1346,parallel_edge_excess_count,0
1347,parallel_edge_excess_count,0
1348,parallel_edge_excess_count,0
1349,parallel_edge_excess_count,0
1350,parallel_edge_excess_count,0
1351,parallel_edge_excess_count,0
1352,parallel_edge_excess_count,0
1353,parallel_edge_excess_count,0
1354,parallel_edge_excess_count,0
1355,parallel_edge_excess_count,0
1356,parallel_edge_excess_count,0
1357,parallel_edge_excess_count,0
1358,parallel_edge_excess_count,0
1359,parallel_edge_excess_count,0
1360,parallel_edge_excess_count,0
1361,parallel_edge_excess_count,0
1362,parallel_edge_excess_count,0
1363,parallel_edge_excess_count,0
1364,parallel_edge_excess_count,0
1365,parallel_edge_excess_count,0
1366,parallel_edge_excess_count,0
1367,parallel_edge_excess_count,0
1368,parallel_edge_excess_count,0
1369,parallel_edge_excess_count,0
1370,parallel_edge_excess_count,0
1371,parallel_edge_excess_count,0
1372,parallel_edge_excess_count,0
1373,parallel_edge_excess_count,0
1374,parallel_edge_excess_count,0
1375,parallel_edge_excess_count,0
1376,parallel_edge_excess_count,0
1377,parallel_edge_excess_count,0
1378,parallel_edge_excess_count,0
1379,parallel_edge_excess_count,0
1380,parallel_edge_excess_count,0
1381,parallel_edge_excess_count,0
1382,parallel_edge_excess_count,0
1383,parallel_edge_excess_count,0
1384,parallel_edge_excess_count,0
1385,parallel_edge_excess_count,0
1386,parallel_edge_excess_count,0
1387,parallel_edge_excess_count,0
1388,parallel_edge_excess_count,0
1389,parallel_edge_excess_count,0
1390,parallel_edge_excess_count,0
1391,parallel_edge_excess_count,0
1392,parallel_edge_excess_count,0
1393,parallel_edge_excess_count,0
1394,parallel_edge_excess_count,0
1395,parallel_edge_excess_count,0
1396,parallel_edge_excess_count,0
1397,parallel_edge_excess_count,0
1398,parallel_edge_excess_count,0
1399,parallel_edge_excess_count,0
1400,parallel_edge_excess_count,0
1401,parallel_edge_excess_count,0
1402,parallel_edge_excess_count,0
1403,parallel_edge_excess_count,0
1404,parallel_edge_excess_count,0
1405,parallel_edge_excess_count,0
1406,parallel_edge_excess_count,0
1407,parallel_edge_excess_count,0
1408,parallel_edge_excess_count,0
1409,parallel_edge_excess_count,0
1410,parallel_edge_excess_count,0
1411,parallel_edge_excess_count,0
1412,parallel_edge_excess_count,0
1413,parallel_edge_excess_count,0
1414,parallel_edge_excess_count,0
1415,parallel_edge_excess_count,0
1416,parallel_edge_excess_count,0
1417,parallel_edge_excess_count,0
1418,parallel_edge_excess_count,0
1419,parallel_edge_excess_count,0
1420,parallel_edge_excess_count,0
1421,parallel_edge_excess_count,0
1422,parallel_edge_excess_count,0
1423,parallel_edge_excess_count,0
1424,parallel_edge_excess_count,0
1425,parallel_edge_excess_count,0
1426,parallel_edge_excess_count,0
1427,parallel_edge_excess_count,0
1428,parallel_edge_excess_count,0
1429,parallel_edge_excess_count,0
1430,parallel_edge_excess_count,0
1431,parallel_edge_excess_count,0
1432,parallel_edge_excess_count,0
1433,parallel_edge_excess_count,0
1434,parallel_edge_excess_count,0
1435,parallel_edge_excess_count,0
1436,parallel_edge_excess_count,0
1437,parallel_edge_excess_count,0
1438,parallel_edge_excess_count,0
1439,parallel_edge_excess_count,0
1440,parallel_edge_excess_count,0
1441,parallel_edge_excess_count,0
1442,parallel_edge_excess_count,0
1443,parallel_edge_excess_count,0
1444,parallel_edge_excess_count,0
1445,parallel_edge_excess_count,0
1446,parallel_edge_excess_count,0
1447,parallel_edge_excess_count,0
1448,parallel_edge_excess_count,0
1449,parallel_edge_excess_count,0
1450,parallel_edge_excess_count,0
1451,parallel_edge_excess_count,0
1452,parallel_edge_excess_count,0
1453,parallel_edge_excess_count,0
1454,parallel_edge_excess_count,0
1455,parallel_edge_excess_count,0
1456,parallel_edge_excess_count,0
1457,parallel_edge_excess_count,0
1458,parallel_edge_excess_count,0
1459,parallel_edge_excess_count,0
1460,parallel_edge_excess_count,0
1461,parallel_edge_excess_count,0
1462,parallel_edge_excess_count,0
1463,parallel_edge_excess_count,0
1464,parallel_edge_excess_count,0
1465,parallel_edge_excess_count,0
1466,parallel_edge_excess_count,0
1467,parallel_edge_excess_count,0
1468,parallel_edge_excess_count,0
1469,parallel_edge_excess_count,0
1470,parallel_edge_excess_count,0
1471,parallel_edge_excess_count,0
1472,parallel_edge_excess_count,0
1473,parallel_edge_excess_count,0
1474,parallel_edge_excess_count,0
1475,parallel_edge_excess_count,0
1476,parallel_edge_excess_count,0
1477,parallel_edge_excess_count,0
1478,parallel_edge_excess_count,0
1479,parallel_edge_excess_count,0
1480,parallel_edge_excess_count,0
1481,parallel_edge_excess_count,0
1482,parallel_edge_excess_count,0
1483,parallel_edge_excess_count,0
1484,parallel_edge_excess_count,0
1485,parallel_edge_excess_count,0
1486,parallel_edge_excess_count,0
1487,parallel_edge_excess_count,0
1488,parallel_edge_excess_count,0
1489,parallel_edge_excess_count,0
1490,parallel_edge_excess_count,0
1491,parallel_edge_excess_count,0
1492,parallel_edge_excess_count,0
1493,parallel_edge_excess_count,0
1494,parallel_edge_excess_count,0
1495,parallel_edge_excess_count,0
1496,parallel_edge_excess_count,0
1497,parallel_edge_excess_count,0
1498,parallel_edge_excess_count,0
1499,parallel_edge_excess_count,0
1500,parallel_edge_excess_count,0
1501,parallel_edge_excess_count,0
1502,parallel_edge_excess_count,0
1503,parallel_edge_excess_count,0
1504,parallel_edge_excess_count,0
1505,parallel_edge_excess_count,0
1506,parallel_edge_excess_count,0
1507,parallel_edge_excess_count,0
1508,parallel_edge_excess_count,0
1509,parallel_edge_excess_count,0
1510,parallel_edge_excess_count,0
1511,parallel_edge_excess_count,0
1512,parallel_edge_excess_count,0
1513,parallel_edge_excess_count,0
1514,parallel_edge_excess_count,0
1515,parallel_edge_excess_count,0
1516,parallel_edge_excess_count,0
1517,parallel_edge_excess_count,0
1518,parallel_edge_excess_count,0
1519,parallel_edge_excess_count,0
1520,parallel_edge_excess_count,0
1521,parallel_edge_excess_count,0
1522,parallel_edge_excess_count,0
1523,parallel_edge_excess_count,0
1524,parallel_edge_excess_count,0
1525,parallel_edge_excess_count,0
1526,parallel_edge_excess_count,0
1527,parallel_edge_excess_count,0
1528,parallel_edge_excess_count,0
1529,parallel_edge_excess_count,0
1530,parallel_edge_excess_count,0
1531,parallel_edge_excess_count,0
1532,parallel_edge_excess_count,0
1533,parallel_edge_excess_count,0
1534,parallel_edge_excess_count,0
1535,parallel_edge_excess_count,0
1536,parallel_edge_excess_count,0
1537,parallel_edge_excess_count,0
1538,parallel_edge_excess_count,0
1539,parallel_edge_excess_count,0
1540,parallel_edge_excess_count,0
1541,parallel_edge_excess_count,0
1542,parallel_edge_excess_count,0
1543,parallel_edge_excess_count,0
1544,parallel_edge_excess_count,0
1545,parallel_edge_excess_count,0
1546,parallel_edge_excess_count,0
1547,parallel_edge_excess_count,0
1548,parallel_edge_excess_count,0
1549,parallel_edge_excess_count,0
1550,parallel_edge_excess_count,0
1551,parallel_edge_excess_count,0
1552,parallel_edge_excess_count,0
1553,parallel_edge_excess_count,0
1554,parallel_edge_excess_count,0
1555,parallel_edge_excess_count,0
1556,parallel_edge_excess_count,0
1557,parallel_edge_excess_count,0
1558,parallel_edge_excess_count,0
1559,parallel_edge_excess_count,0
1560,parallel_edge_excess_count,0
1561,parallel_edge_excess_count,0
1562,parallel_edge_excess_count,0
1563,parallel_edge_excess_count,0
1564,parallel_edge_excess_count,0
1565,parallel_edge_excess_count,0
1566,parallel_edge_excess_count,0
1567,parallel_edge_excess_count,0
1568,parallel_edge_excess_count,0
1569,parallel_edge_excess_count,0
1570,parallel_edge_excess_count,0
1571,parallel_edge_excess_count,0
1572,parallel_edge_excess_count,0
1573,parallel_edge_excess_count,0
1574,parallel_edge_excess_count,0
1575,parallel_edge_excess_count,0
1576,parallel_edge_excess_count,0
1577,parallel_edge_excess_count,0
1578,parallel_edge_excess_count,0
1579,parallel_edge_excess_count,0
1580,parallel_edge_excess_count,0
1581,parallel_edge_excess_count,0
1582,parallel_edge_excess_count,0
1583,parallel_edge_excess_count,0
1584,parallel_edge_excess_count,0
1585,parallel_edge_excess_count,0
1586,parallel_edge_excess_count,0
1587,parallel_edge_excess_count,0
1588,parallel_edge_excess_count,0
1589,parallel_edge_excess_count,0
1590,parallel_edge_excess_count,0
1591,parallel_edge_excess_count,0
1592,parallel_edge_excess_count,0
1593,parallel_edge_excess_count,0
1594,parallel_edge_excess_count,0
1595,parallel_edge_excess_count,0
1596,parallel_edge_excess_count,0
1597,parallel_edge_excess_count,0
1598,parallel_edge_excess_count,0
1599,parallel_edge_excess_count,0
1600,parallel_edge_excess_count,0
1601,parallel_edge_excess_count,0
1602,parallel_edge_excess_count,0
1603,parallel_edge_excess_count,0
1604,parallel_edge_excess_count,0
1605,parallel_edge_excess_count,0
1606,parallel_edge_excess_count,0
1607,parallel_edge_excess_count,0
1608,parallel_edge_excess_count,0
1609,parallel_edge_excess_count,0
1610,parallel_edge_excess_count,0
1611,parallel_edge_excess_count,0
1612,parallel_edge_excess_count,0
1613,parallel_edge_excess_count,0
1614,parallel_edge_excess_count,0
1615,parallel_edge_excess_count,0
1616,parallel_edge_excess_count,0
1617,parallel_edge_excess_count,0
1618,parallel_edge_excess_count,0
1619,parallel_edge_excess_count,0
1620,parallel_edge_excess_count,0
1621,parallel_edge_excess_count,0
1622,parallel_edge_excess_count,0
1623,parallel_edge_excess_count,0
1624,parallel_edge_excess_count,0
1625,parallel_edge_excess_count,0
1626,parallel_edge_excess_count,0
1627,parallel_edge_excess_count,0
1628,parallel_edge_excess_count,0
1629,parallel_edge_excess_count,0
1630,parallel_edge_excess_count,0
1631,parallel_edge_excess_count,0
1632,parallel_edge_excess_count,0
1633,parallel_edge_excess_count,0
1634,parallel_edge_excess_count,0
1635,parallel_edge_excess_count,0
1636,parallel_edge_excess_count,0
1637,parallel_edge_excess_count,0
1638,parallel_edge_excess_count,0
1639,parallel_edge_excess_count,0
1640,parallel_edge_excess_count,0
1641,parallel_edge_excess_count,0
1642,parallel_edge_excess_count,0
1643,parallel_edge_excess_count,0
1644,parallel_edge_excess_count,0
1645,parallel_edge_excess_count,0
1646,parallel_edge_excess_count,0
1647,parallel_edge_excess_count,0
1648,parallel_edge_excess_count,0
1649,parallel_edge_excess_count,0
1650,parallel_edge_excess_count,0
1651,parallel_edge_excess_count,0
1652,parallel_edge_excess_count,0
1653,parallel_edge_excess_count,0
1654,parallel_edge_excess_count,0
1655,parallel_edge_excess_count,0
1656,parallel_edge_excess_count,0
1657,parallel_edge_excess_count,0
1658,parallel_edge_excess_count,0
1659,parallel_edge_excess_count,0
1660,parallel_edge_excess_count,0
1661,parallel_edge_excess_count,0
1662,parallel_edge_excess_count,0
1663,parallel_edge_excess_count,0
1664,parallel_edge_excess_count,0
1665,parallel_edge_excess_count,0
1666,parallel_edge_excess_count,0
1667,parallel_edge_excess_count,0
1668,parallel_edge_excess_count,0
1669,parallel_edge_excess_count,0
1670,parallel_edge_excess_count,0
1671,parallel_edge_excess_count,0
1672,parallel_edge_excess_count,0
1673,parallel_edge_excess_count,0
1674,parallel_edge_excess_count,0
1675,parallel_edge_excess_count,0
1676,parallel_edge_excess_count,0
1677,parallel_edge_excess_count,0
1678,parallel_edge_excess_count,0
1679,parallel_edge_excess_count,0
1680,parallel_edge_excess_count,0
1681,parallel_edge_excess_count,0
1682,parallel_edge_excess_count,0
1683,parallel_edge_excess_count,0
1684,parallel_edge_excess_count,0
1685,parallel_edge_excess_count,0
1686,parallel_edge_excess_count,0
1687,parallel_edge_excess_count,0
1688,parallel_edge_excess_count,0
1689,parallel_edge_excess_count,0
1690,parallel_edge_excess_count,0
1691,parallel_edge_excess_count,0
1692,parallel_edge_excess_count,0
1693,parallel_edge_excess_count,0
1694,parallel_edge_excess_count,0
1695,parallel_edge_excess_count,0
1696,parallel_edge_excess_count,0
1697,parallel_edge_excess_count,0
1698,parallel_edge_excess_count,0
1699,parallel_edge_excess_count,0
1700,parallel_edge_excess_count,0
1701,parallel_edge_excess_count,0
1702,parallel_edge_excess_count,0
1703,parallel_edge_excess_count,0
1704,parallel_edge_excess_count,0
1705,parallel_edge_excess_count,0
1706,parallel_edge_excess_count,0
1707,parallel_edge_excess_count,0
1708,parallel_edge_excess_count,0
1709,parallel_edge_excess_count,0
1710,parallel_edge_excess_count,0
1711,parallel_edge_excess_count,0
1712,parallel_edge_excess_count,0
1713,parallel_edge_excess_count,0
1714,parallel_edge_excess_count,0
1715,parallel_edge_excess_count,0
1716,parallel_edge_excess_count,0
1717,parallel_edge_excess_count,0
1718,parallel_edge_excess_count,0
1719,parallel_edge_excess_count,0
1720,parallel_edge_excess_count,0
1721,parallel_edge_excess_count,0
1722,parallel_edge_excess_count,0
1723,parallel_edge_excess_count,0
1724,parallel_edge_excess_count,0
1725,parallel_edge_excess_count,0
1726,parallel_edge_excess_count,0
1727,parallel_edge_excess_count,0
1728,parallel_edge_excess_count,0
1729,parallel_edge_excess_count,0
1730,parallel_edge_excess_count,0
1731,parallel_edge_excess_count,0
1732,parallel_edge_excess_count,0
1733,parallel_edge_excess_count,0
1734,parallel_edge_excess_count,0
1735,parallel_edge_excess_count,0
1736,parallel_edge_excess_count,0
1737,parallel_edge_excess_count,0
1738,parallel_edge_excess_count,0
1739,parallel_edge_excess_count,0
1740,parallel_edge_excess_count,0
1741,parallel_edge_excess_count,0
1742,parallel_edge_excess_count,0
1743,parallel_edge_excess_count,0
1744,parallel_edge_excess_count,0
1745,parallel_edge_excess_count,0
1746,parallel_edge_excess_count,0
1747,parallel_edge_excess_count,0
1748,parallel_edge_excess_count,0
1749,parallel_edge_excess_count,0
1750,parallel_edge_excess_count,0
1751,parallel_edge_excess_count,0
1752,parallel_edge_excess_count,0
1753,parallel_edge_excess_count,0
1754,parallel_edge_excess_count,0
1755,parallel_edge_excess_count,0
1756,parallel_edge_excess_count,0
1757,parallel_edge_excess_count,0
1758,parallel_edge_excess_count,0
1759,parallel_edge_excess_count,0
1760,parallel_edge_excess_count,0
1761,parallel_edge_excess_count,0
1762,parallel_edge_excess_count,0
1763,parallel_edge_excess_count,0
1764,parallel_edge_excess_count,0
1765,parallel_edge_excess_count,0
1766,parallel_edge_excess_count,0
1767,parallel_edge_excess_count,0
1768,parallel_edge_excess_count,0
1769,parallel_edge_excess_count,0
1770,parallel_edge_excess_count,0
1771,parallel_edge_excess_count,0
1772,parallel_edge_excess_count,0
1773,parallel_edge_excess_count,0
1774,parallel_edge_excess_count,0
1775,parallel_edge_excess_count,0
1776,parallel_edge_excess_count,0
1777,parallel_edge_excess_count,0
1778,parallel_edge_excess_count,0
1779,parallel_edge_excess_count,0
1780,parallel_edge_excess_count,0
1781,parallel_edge_excess_count,0
1782,parallel_edge_excess_count,0
1783,parallel_edge_excess_count,0
1784,parallel_edge_excess_count,0
1785,parallel_edge_excess_count,0
1786,parallel_edge_excess_count,0
1787,parallel_edge_excess_count,0
1788,parallel_edge_excess_count,0
1789,parallel_edge_excess_count,0
1790,parallel_edge_excess_count,0
1791,parallel_edge_excess_count,0
1792,parallel_edge_excess_count,0
1793,parallel_edge_excess_count,0
1794,parallel_edge_excess_count,0
1795,parallel_edge_excess_count,0
1796,parallel_edge_excess_count,0
1797,parallel_edge_excess_count,0
1798,parallel_edge_excess_count,0
1799,parallel_edge_excess_count,0
1800,parallel_edge_excess_count,0
1801,parallel_edge_excess_count,0
1802,parallel_edge_excess_count,0
1803,parallel_edge_excess_count,0
1804,parallel_edge_excess_count,0
1805,parallel_edge_excess_count,0
1806,parallel_edge_excess_count,0
1807,parallel_edge_excess_count,0
1808,parallel_edge_excess_count,0
1809,parallel_edge_excess_count,0
1810,parallel_edge_excess_count,0
1811,parallel_edge_excess_count,0
1812,parallel_edge_excess_count,0
1813,parallel_edge_excess_count,0
1814,parallel_edge_excess_count,0
1815,parallel_edge_excess_count,0
1816,parallel_edge_excess_count,0
1817,parallel_edge_excess_count,0
1818,parallel_edge_excess_count,0
1819,parallel_edge_excess_count,0
1820,parallel_edge_excess_count,0
1821,parallel_edge_excess_count,0
1822,parallel_edge_excess_count,0
1823,parallel_edge_excess_count,0
1824,parallel_edge_excess_count,0
1825,parallel_edge_excess_count,0
1826,parallel_edge_excess_count,0
1827,parallel_edge_excess_count,0
1828,parallel_edge_excess_count,0
1829,parallel_edge_excess_count,0
1830,parallel_edge_excess_count,0
1831,parallel_edge_excess_count,0
1832,parallel_edge_excess_count,0
1833,parallel_edge_excess_count,0
1834,parallel_edge_excess_count,0
1835,parallel_edge_excess_count,0
1836,parallel_edge_excess_count,0
1837,parallel_edge_excess_count,0
1838,parallel_edge_excess_count,0
1839,parallel_edge_excess_count,0
1840,parallel_edge_excess_count,0
1841,parallel_edge_excess_count,0
1842,parallel_edge_excess_count,0
1843,parallel_edge_excess_count,0
1844,parallel_edge_excess_count,0
1845,parallel_edge_excess_count,0
1846,parallel_edge_excess_count,0
1847,parallel_edge_excess_count,0
1848,parallel_edge_excess_count,0
1849,parallel_edge_excess_count,0
1850,parallel_edge_excess_count,0
1851,parallel_edge_excess_count,0
1852,parallel_edge_excess_count,0
1853,parallel_edge_excess_count,0
1854,parallel_edge_excess_count,0
1855,parallel_edge_excess_count,0
1856,parallel_edge_excess_count,0
1857,parallel_edge_excess_count,0
1858,parallel_edge_excess_count,0
1859,parallel_edge_excess_count,0
1860,parallel_edge_excess_count,0
1861,parallel_edge_excess_count,0
1862,parallel_edge_excess_count,0
1863,parallel_edge_excess_count,0
1864,parallel_edge_excess_count,0
1865,parallel_edge_excess_count,0
1866,parallel_edge_excess_count,0
1867,parallel_edge_excess_count,0
1868,parallel_edge_excess_count,0
1869,parallel_edge_excess_count,0
1870,parallel_edge_excess_count,0
1871,parallel_edge_excess_count,0
1872,parallel_edge_excess_count,0
1873,parallel_edge_excess_count,0
1874,parallel_edge_excess_count,0
1875,parallel_edge_excess_count,0
1876,parallel_edge_excess_count,0
1877,parallel_edge_excess_count,0
1878,parallel_edge_excess_count,0
1879,parallel_edge_excess_count,0
1880,parallel_edge_excess_count,0
1881,parallel_edge_excess_count,0
1882,parallel_edge_excess_count,0
1883,parallel_edge_excess_count,0
1884,parallel_edge_excess_count,0
1885,parallel_edge_excess_count,0
1886,parallel_edge_excess_count,0
1887,parallel_edge_excess_count,0
1888,parallel_edge_excess_count,0
1889,parallel_edge_excess_count,0
1890,parallel_edge_excess_count,0
1891,parallel_edge_excess_count,0
1892,parallel_edge_excess_count,0
1893,parallel_edge_excess_count,0
1894,parallel_edge_excess_count,0
1895,parallel_edge_excess_count,0
1896,parallel_edge_excess_count,0
1897,parallel_edge_excess_count,0
1898,parallel_edge_excess_count,0
1899,parallel_edge_excess_count,0
1900,parallel_edge_excess_count,0
1901,parallel_edge_excess_count,0
1902,parallel_edge_excess_count,0
1903,parallel_edge_excess_count,0
1904,parallel_edge_excess_count,0
1905,parallel_edge_excess_count,0
1906,parallel_edge_excess_count,0
1907,parallel_edge_excess_count,0
1908,parallel_edge_excess_count,0
1909,parallel_edge_excess_count,0
1910,parallel_edge_excess_count,0
1911,parallel_edge_excess_count,0
1912,parallel_edge_excess_count,0
1913,parallel_edge_excess_count,0
1914,parallel_edge_excess_count,0
1915,parallel_edge_excess_count,0
1916,parallel_edge_excess_count,0
1917,parallel_edge_excess_count,0
1918,parallel_edge_excess_count,0
1919,parallel_edge_excess_count,0
1920,parallel_edge_excess_count,0
1921,parallel_edge_excess_count,0
1922,parallel_edge_excess_count,0
1923,parallel_edge_excess_count,0
1924,parallel_edge_excess_count,0
1925,parallel_edge_excess_count,0
1926,parallel_edge_excess_count,0
1927,parallel_edge_excess_count,0
1928,parallel_edge_excess_count,0
1929,parallel_edge_excess_count,0
1930,parallel_edge_excess_count,0
1931,parallel_edge_excess_count,0
1932,parallel_edge_excess_count,0
1933,parallel_edge_excess_count,0
1934,parallel_edge_excess_count,0
1935,parallel_edge_excess_count,0
1936,parallel_edge_excess_count,0
1937,parallel_edge_excess_count,0
1938,parallel_edge_excess_count,0
1939,parallel_edge_excess_count,0
1940,parallel_edge_excess_count,0
1941,parallel_edge_excess_count,0
1942,parallel_edge_excess_count,0
1943,parallel_edge_excess_count,0
1944,parallel_edge_excess_count,0
1945,parallel_edge_excess_count,0
1946,parallel_edge_excess_count,0
1947,parallel_edge_excess_count,0
1948,parallel_edge_excess_count,0
1949,parallel_edge_excess_count,0
1950,parallel_edge_excess_count,0
1951,parallel_edge_excess_count,0
1952,parallel_edge_excess_count,0
1953,parallel_edge_excess_count,0
1954,parallel_edge_excess_count,0
1955,parallel_edge_excess_count,0
1956,parallel_edge_excess_count,0
1957,parallel_edge_excess_count,0
1958,parallel_edge_excess_count,0
1959,parallel_edge_excess_count,0
1960,parallel_edge_excess_count,0
1961,parallel_edge_excess_count,0
1962,parallel_edge_excess_count,0
1963,parallel_edge_excess_count,0
1964,parallel_edge_excess_count,0
1965,parallel_edge_excess_count,0
1966,parallel_edge_excess_count,0
1967,parallel_edge_excess_count,0
1968,parallel_edge_excess_count,0
1969,parallel_edge_excess_count,0
1970,parallel_edge_excess_count,0
1971,parallel_edge_excess_count,0
1972,parallel_edge_excess_count,0
1973,parallel_edge_excess_count,0
1974,parallel_edge_excess_count,0
1975,parallel_edge_excess_count,0
1976,parallel_edge_excess_count,0
1977,parallel_edge_excess_count,0
1978,parallel_edge_excess_count,0
1979,parallel_edge_excess_count,0
1980,parallel_edge_excess_count,0
1981,parallel_edge_excess_count,0
1982,parallel_edge_excess_count,0
1983,parallel_edge_excess_count,0
1984,parallel_edge_excess_count,0
1985,parallel_edge_excess_count,0
1986,parallel_edge_excess_count,0
1987,parallel_edge_excess_count,0
1988,parallel_edge_excess_count,0
1989,parallel_edge_excess_count,0
1990,parallel_edge_excess_count,0
1991,parallel_edge_excess_count,0
1992,parallel_edge_excess_count,0
1993,parallel_edge_excess_count,0
1994,parallel_edge_excess_count,0
1995,parallel_edge_excess_count,0
1996,parallel_edge_excess_count,0
1997,parallel_edge_excess_count,0
1998,parallel_edge_excess_count,0
1999,parallel_edge_excess_count,0
0,cycle_rank,49
1,cycle_rank,49
2,cycle_rank,49
3,cycle_rank,49
4,cycle_rank,49
5,cycle_rank,49
6,cycle_rank,49
7,cycle_rank,49
8,cycle_rank,49
9,cycle_rank,49
10,cycle_rank,49
11,cycle_rank,49
12,cycle_rank,49
13,cycle_rank,49
14,cycle_rank,49
15,cycle_rank,49
16,cycle_rank,49
17,cycle_rank,49
18,cycle_rank,49
19,cycle_rank,49
20,cycle_rank,49
21,cycle_rank,49
22,cycle_rank,49
23,cycle_rank,49
24,cycle_rank,49
25,cycle_rank,49
26,cycle_rank,49
27,cycle_rank,49
28,cycle_rank,49
29,cycle_rank,49
30,cycle_rank,49
31,cycle_rank,49
32,cycle_rank,49
33,cycle_rank,49
34,cycle_rank,49
35,cycle_rank,49
36,cycle_rank,49
37,cycle_rank,49
38,cycle_rank,49
39,cycle_rank,49
40,cycle_rank,49
41,cycle_rank,49
42,cycle_rank,49
43,cycle_rank,49
44,cycle_rank,49
45,cycle_rank,49
46,cycle_rank,49
47,cycle_rank,49
48,cycle_rank,49
49,cycle_rank,49
50,cycle_rank,49
51,cycle_rank,49
52,cycle_rank,49
53,cycle_rank,49
54,cycle_rank,49
55,cycle_rank,49
56,cycle_rank,49
57,cycle_rank,49
58,cycle_rank,49
59,cycle_rank,49
60,cycle_rank,49
61,cycle_rank,49
62,cycle_rank,49
63,cycle_rank,49
64,cycle_rank,49
65,cycle_rank,49
66,cycle_rank,49
67,cycle_rank,49
68,cycle_rank,49
69,cycle_rank,49
70,cycle_rank,49
71,cycle_rank,49
72,cycle_rank,49
73,cycle_rank,49
74,cycle_rank,49
75,cycle_rank,49
76,cycle_rank,49
77,cycle_rank,49
78,cycle_rank,49
79,cycle_rank,49
80,cycle_rank,49
81,cycle_rank,49
82,cycle_rank,49
83,cycle_rank,49
84,cycle_rank,49
85,cycle_rank,49
86,cycle_rank,49
87,cycle_rank,49
88,cycle_rank,49
89,cycle_rank,49
90,cycle_rank,49
91,cycle_rank,49
92,cycle_rank,49
93,cycle_rank,49
94,cycle_rank,49
95,cycle_rank,49
96,cycle_rank,49
97,cycle_rank,49
98,cycle_rank,49
99,cycle_rank,49
100,cycle_rank,49
101,cycle_rank,49
102,cycle_rank,49
103,cycle_rank,49
104,cycle_rank,49
105,cycle_rank,49
106,cycle_rank,49
107,cycle_rank,49
108,cycle_rank,49
109,cycle_rank,49
110,cycle_rank,49
111,cycle_rank,49
112,cycle_rank,49
113,cycle_rank,49
114,cycle_rank,49
115,cycle_rank,49
116,cycle_rank,49
117,cycle_rank,49
118,cycle_rank,49
119,cycle_rank,49
120,cycle_rank,49
121,cycle_rank,49
122,cycle_rank,49
123,cycle_rank,49
124,cycle_rank,49
125,cycle_rank,49
126,cycle_rank,49
127,cycle_rank,49
128,cycle_rank,49
129,cycle_rank,49
130,cycle_rank,49
131,cycle_rank,49
132,cycle_rank,49
133,cycle_rank,49
134,cycle_rank,49
135,cycle_rank,49
136,cycle_rank,49
137,cycle_rank,49
138,cycle_rank,49
139,cycle_rank,49
140,cycle_rank,49
141,cycle_rank,49
142,cycle_rank,49
143,cycle_rank,49
144,cycle_rank,49
145,cycle_rank,49
146,cycle_rank,49
147,cycle_rank,49
148,cycle_rank,49
149,cycle_rank,49
150,cycle_rank,49
151,cycle_rank,49
152,cycle_rank,49
153,cycle_rank,49
154,cycle_rank,49
155,cycle_rank,49
156,cycle_rank,49
157,cycle_rank,49
158,cycle_rank,49
159,cycle_rank,49
160,cycle_rank,49
161,cycle_rank,49
162,cycle_rank,49
163,cycle_rank,49
164,cycle_rank,49
165,cycle_rank,49
166,cycle_rank,49
167,cycle_rank,49
168,cycle_rank,49
169,cycle_rank,49
170,cycle_rank,49
171,cycle_rank,49
172,cycle_rank,49
173,cycle_rank,49
174,cycle_rank,49
175,cycle_rank,49
176,cycle_rank,49
177,cycle_rank,49
178,cycle_rank,49
179,cycle_rank,49
180,cycle_rank,49
181,cycle_rank,49
182,cycle_rank,49
183,cycle_rank,49
184,cycle_rank,49
185,cycle_rank,49
186,cycle_rank,49
187,cycle_rank,49
188,cycle_rank,49
189,cycle_rank,49
190,cycle_rank,49
191,cycle_rank,49
192,cycle_rank,49
193,cycle_rank,49
194,cycle_rank,49
195,cycle_rank,49
196,cycle_rank,49
197,cycle_rank,49
198,cycle_rank,49
199,cycle_rank,49
200,cycle_rank,49
201,cycle_rank,49
202,cycle_rank,49
203,cycle_rank,49
204,cycle_rank,49
205,cycle_rank,49
206,cycle_rank,49
207,cycle_rank,49
208,cycle_rank,49
209,cycle_rank,49
210,cycle_rank,49
211,cycle_rank,49
212,cycle_rank,49
213,cycle_rank,49
214,cycle_rank,49
215,cycle_rank,49
216,cycle_rank,49
217,cycle_rank,49
218,cycle_rank,49
219,cycle_rank,49
220,cycle_rank,49
221,cycle_rank,49
222,cycle_rank,49
223,cycle_rank,49
224,cycle_rank,49
225,cycle_rank,49
226,cycle_rank,49
227,cycle_rank,49
228,cycle_rank,49
229,cycle_rank,49
230,cycle_rank,49
231,cycle_rank,49
232,cycle_rank,49
233,cycle_rank,49
234,cycle_rank,49
235,cycle_rank,49
236,cycle_rank,49
237,cycle_rank,49
238,cycle_rank,49
239,cycle_rank,49
240,cycle_rank,49
241,cycle_rank,49
242,cycle_rank,49
243,cycle_rank,49
244,cycle_rank,49
245,cycle_rank,49
246,cycle_rank,49
247,cycle_rank,49
248,cycle_rank,49
249,cycle_rank,49
250,cycle_rank,49
251,cycle_rank,49
252,cycle_rank,49
253,cycle_rank,49
254,cycle_rank,49
255,cycle_rank,49
256,cycle_rank,49
257,cycle_rank,49
258,cycle_rank,49
259,cycle_rank,49
260,cycle_rank,49
261,cycle_rank,49
262,cycle_rank,49
263,cycle_rank,49
264,cycle_rank,49
265,cycle_rank,49
266,cycle_rank,49
267,cycle_rank,49
268,cycle_rank,49
269,cycle_rank,49
270,cycle_rank,49
271,cycle_rank,49
272,cycle_rank,49
273,cycle_rank,49
274,cycle_rank,49
275,cycle_rank,49
276,cycle_rank,49
277,cycle_rank,49
278,cycle_rank,49
279,cycle_rank,49
280,cycle_rank,49
281,cycle_rank,49
282,cycle_rank,49
283,cycle_rank,49
284,cycle_rank,49
285,cycle_rank,49
286,cycle_rank,49
287,cycle_rank,49
288,cycle_rank,49
289,cycle_rank,49
290,cycle_rank,49
291,cycle_rank,49
292,cycle_rank,49
293,cycle_rank,49
294,cycle_rank,49
295,cycle_rank,49
296,cycle_rank,49
297,cycle_rank,49
298,cycle_rank,49
299,cycle_rank,49
300,cycle_rank,49
301,cycle_rank,49
302,cycle_rank,49
303,cycle_rank,49
304,cycle_rank,49
305,cycle_rank,49
306,cycle_rank,49
307,cycle_rank,49
308,cycle_rank,49
309,cycle_rank,49
310,cycle_rank,49
311,cycle_rank,49
312,cycle_rank,49
313,cycle_rank,49
314,cycle_rank,49
315,cycle_rank,49
316,cycle_rank,49
317,cycle_rank,49
318,cycle_rank,49
319,cycle_rank,49
320,cycle_rank,49
321,cycle_rank,49
322,cycle_rank,49
323,cycle_rank,49
324,cycle_rank,49
325,cycle_rank,49
326,cycle_rank,49
327,cycle_rank,49
328,cycle_rank,49
329,cycle_rank,49
330,cycle_rank,49
331,cycle_rank,49
332,cycle_rank,49
333,cycle_rank,49
334,cycle_rank,49
335,cycle_rank,49
336,cycle_rank,49
337,cycle_rank,49
338,cycle_rank,49
339,cycle_rank,49
340,cycle_rank,49
341,cycle_rank,49
342,cycle_rank,49
343,cycle_rank,49
344,cycle_rank,49
345,cycle_rank,49
346,cycle_rank,49
347,cycle_rank,49
348,cycle_rank,49
349,cycle_rank,49
350,cycle_rank,49
351,cycle_rank,49
352,cycle_rank,49
353,cycle_rank,49
354,cycle_rank,49
355,cycle_rank,49
356,cycle_rank,49
357,cycle_rank,49
358,cycle_rank,49
359,cycle_rank,49
360,cycle_rank,49
361,cycle_rank,49
362,cycle_rank,49
363,cycle_rank,49
364,cycle_rank,49
365,cycle_rank,49
366,cycle_rank,49
367,cycle_rank,49
368,cycle_rank,49
369,cycle_rank,49
370,cycle_rank,49
371,cycle_rank,49
372,cycle_rank,49
373,cycle_rank,49
374,cycle_rank,49
375,cycle_rank,49
376,cycle_rank,49
377,cycle_rank,49
378,cycle_rank,49
379,cycle_rank,49
380,cycle_rank,49
381,cycle_rank,49
382,cycle_rank,49
383,cycle_rank,49
384,cycle_rank,49
385,cycle_rank,49
386,cycle_rank,49
387,cycle_rank,49
388,cycle_rank,49
389,cycle_rank,49
390,cycle_rank,49
391,cycle_rank,49
392,cycle_rank,49
393,cycle_rank,49
394,cycle_rank,49
395,cycle_rank,49
396,cycle_rank,49
397,cycle_rank,49
398,cycle_rank,49
399,cycle_rank,49
400,cycle_rank,49
401,cycle_rank,49
402,cycle_rank,49
403,cycle_rank,49
404,cycle_rank,49
405,cycle_rank,49
406,cycle_rank,49
407,cycle_rank,49
408,cycle_rank,49
409,cycle_rank,49
410,cycle_rank,49
411,cycle_rank,49
412,cycle_rank,49
413,cycle_rank,49
414,cycle_rank,49
415,cycle_rank,49
416,cycle_rank,49
417,cycle_rank,49
418,cycle_rank,49
419,cycle_rank,49
420,cycle_rank,49
421,cycle_rank,49
422,cycle_rank,49
423,cycle_rank,49
424,cycle_rank,49
425,cycle_rank,49
426,cycle_rank,49
427,cycle_rank,49
428,cycle_rank,49
429,cycle_rank,49
430,cycle_rank,49
431,cycle_rank,49
432,cycle_rank,49
433,cycle_rank,49
434,cycle_rank,49
435,cycle_rank,49
436,cycle_rank,49
437,cycle_rank,49
438,cycle_rank,49
439,cycle_rank,49
440,cycle_rank,49
441,cycle_rank,49
442,cycle_rank,49
443,cycle_rank,49
444,cycle_rank,49
445,cycle_rank,49
446,cycle_rank,49
447,cycle_rank,49
448,cycle_rank,49
449,cycle_rank,49
450,cycle_rank,49
451,cycle_rank,49
452,cycle_rank,49
453,cycle_rank,49
454,cycle_rank,49
455,cycle_rank,49
456,cycle_rank,49
457,cycle_rank,49
458,cycle_rank,49
459,cycle_rank,49
460,cycle_rank,49
461,cycle_rank,49
462,cycle_rank,49
463,cycle_rank,49
464,cycle_rank,49
465,cycle_rank,49
466,cycle_rank,49
467,cycle_rank,49
468,cycle_rank,49
469,cycle_rank,49
470,cycle_rank,49
471,cycle_rank,49
472,cycle_rank,49
473,cycle_rank,49
474,cycle_rank,49
475,cycle_rank,49
476,cycle_rank,49
477,cycle_rank,49
478,cycle_rank,49
479,cycle_rank,49
480,cycle_rank,49
481,cycle_rank,49
482,cycle_rank,49
483,cycle_rank,49
484,cycle_rank,49
485,cycle_rank,49
486,cycle_rank,49
487,cycle_rank,49
488,cycle_rank,49
489,cycle_rank,49
490,cycle_rank,49
491,cycle_rank,49
492,cycle_rank,49
493,cycle_rank,49
494,cycle_rank,49
495,cycle_rank,49
496,cycle_rank,49
497,cycle_rank,49
498,cycle_rank,49
499,cycle_rank,49
500,cycle_rank,49
501,cycle_rank,49
502,cycle_rank,49
503,cycle_rank,49
504,cycle_rank,49
505,cycle_rank,49
506,cycle_rank,49
507,cycle_rank,49
508,cycle_rank,49
509,cycle_rank,49
510,cycle_rank,49
511,cycle_rank,49
512,cycle_rank,49
513,cycle_rank,49
514,cycle_rank,49
515,cycle_rank,49
516,cycle_rank,49
517,cycle_rank,49
518,cycle_rank,49
519,cycle_rank,49
520,cycle_rank,49
521,cycle_rank,49
522,cycle_rank,49
523,cycle_rank,49
524,cycle_rank,49
525,cycle_rank,49
526,cycle_rank,49
527,cycle_rank,49
528,cycle_rank,49
529,cycle_rank,49
530,cycle_rank,49
531,cycle_rank,49
532,cycle_rank,49
533,cycle_rank,49
534,cycle_rank,49
535,cycle_rank,49
536,cycle_rank,49
537,cycle_rank,49
538,cycle_rank,49
539,cycle_rank,49
540,cycle_rank,49
541,cycle_rank,49
542,cycle_rank,49
543,cycle_rank,49
544,cycle_rank,49
545,cycle_rank,49
546,cycle_rank,49
547,cycle_rank,49
548,cycle_rank,49
549,cycle_rank,49
550,cycle_rank,49
551,cycle_rank,49
552,cycle_rank,49
553,cycle_rank,49
554,cycle_rank,49
555,cycle_rank,49
556,cycle_rank,49
557,cycle_rank,49
558,cycle_rank,49
559,cycle_rank,49
560,cycle_rank,49
561,cycle_rank,49
562,cycle_rank,49
563,cycle_rank,49
564,cycle_rank,49
565,cycle_rank,49
566,cycle_rank,49
567,cycle_rank,49
568,cycle_rank,49
569,cycle_rank,49
570,cycle_rank,49
571,cycle_rank,49
572,cycle_rank,49
573,cycle_rank,49
574,cycle_rank,49
575,cycle_rank,49
576,cycle_rank,49
577,cycle_rank,49
578,cycle_rank,49
579,cycle_rank,49
580,cycle_rank,49
581,cycle_rank,49
582,cycle_rank,49
583,cycle_rank,49
584,cycle_rank,49
585,cycle_rank,49
586,cycle_rank,49
587,cycle_rank,49
588,cycle_rank,49
589,cycle_rank,49
590,cycle_rank,49
591,cycle_rank,49
592,cycle_rank,49
593,cycle_rank,49
594,cycle_rank,49
595,cycle_rank,49
596,cycle_rank,49
597,cycle_rank,49
598,cycle_rank,49
599,cycle_rank,49
600,cycle_rank,49
601,cycle_rank,49
602,cycle_rank,49
603,cycle_rank,49
604,cycle_rank,49
605,cycle_rank,49
606,cycle_rank,49
607,cycle_rank,49
608,cycle_rank,49
609,cycle_rank,49
610,cycle_rank,49
611,cycle_rank,49
612,cycle_rank,49
613,cycle_rank,49
614,cycle_rank,49
615,cycle_rank,49
616,cycle_rank,49
617,cycle_rank,49
618,cycle_rank,49
619,cycle_rank,49
620,cycle_rank,49
621,cycle_rank,49
622,cycle_rank,49
623,cycle_rank,49
624,cycle_rank,49
625,cycle_rank,49
626,cycle_rank,49
627,cycle_rank,49
628,cycle_rank,49
629,cycle_rank,49
630,cycle_rank,49
631,cycle_rank,49
632,cycle_rank,49
633,cycle_rank,49
634,cycle_rank,49
635,cycle_rank,49
636,cycle_rank,49
637,cycle_rank,49
638,cycle_rank,49
639,cycle_rank,49
640,cycle_rank,49
641,cycle_rank,49
642,cycle_rank,49
643,cycle_rank,49
644,cycle_rank,49
645,cycle_rank,49
646,cycle_rank,49
647,cycle_rank,49
648,cycle_rank,49
649,cycle_rank,49
650,cycle_rank,49
651,cycle_rank,49
652,cycle_rank,49
653,cycle_rank,49
654,cycle_rank,49
655,cycle_rank,49
656,cycle_rank,49
657,cycle_rank,49
658,cycle_rank,49
659,cycle_rank,49
660,cycle_rank,49
661,cycle_rank,49
662,cycle_rank,49
663,cycle_rank,49
664,cycle_rank,49
665,cycle_rank,49
666,cycle_rank,49
667,cycle_rank,49
668,cycle_rank,49
669,cycle_rank,49
670,cycle_rank,49
671,cycle_rank,49
672,cycle_rank,49
673,cycle_rank,49
674,cycle_rank,49
675,cycle_rank,49
676,cycle_rank,49
677,cycle_rank,49
678,cycle_rank,49
679,cycle_rank,49
680,cycle_rank,49
681,cycle_rank,49
682,cycle_rank,49
683,cycle_rank,49
684,cycle_rank,49
685,cycle_rank,49
686,cycle_rank,49
687,cycle_rank,49
688,cycle_rank,49
689,cycle_rank,49
690,cycle_rank,49
691,cycle_rank,49
692,cycle_rank,49
693,cycle_rank,49
694,cycle_rank,49
695,cycle_rank,49
696,cycle_rank,49
697,cycle_rank,49
698,cycle_rank,49
699,cycle_rank,49
700,cycle_rank,49
701,cycle_rank,49
702,cycle_rank,49
703,cycle_rank,49
704,cycle_rank,49
705,cycle_rank,49
706,cycle_rank,49
707,cycle_rank,49
708,cycle_rank,49
709,cycle_rank,49
710,cycle_rank,49
711,cycle_rank,49
712,cycle_rank,49
713,cycle_rank,49
714,cycle_rank,49
715,cycle_rank,49
716,cycle_rank,49
717,cycle_rank,49
718,cycle_rank,49
719,cycle_rank,49
720,cycle_rank,49
721,cycle_rank,49
722,cycle_rank,49
723,cycle_rank,49
724,cycle_rank,49
725,cycle_rank,49
726,cycle_rank,49
727,cycle_rank,49
728,cycle_rank,49
729,cycle_rank,49
730,cycle_rank,49
731,cycle_rank,49
732,cycle_rank,49
733,cycle_rank,49
734,cycle_rank,49
735,cycle_rank,49
736,cycle_rank,49
737,cycle_rank,49
738,cycle_rank,49
739,cycle_rank,49
740,cycle_rank,49
741,cycle_rank,49
742,cycle_rank,49
743,cycle_rank,49
744,cycle_rank,49
745,cycle_rank,49
746,cycle_rank,49
747,cycle_rank,49
748,cycle_rank,49
749,cycle_rank,49
750,cycle_rank,49
751,cycle_rank,49
752,cycle_rank,49
753,cycle_rank,49
754,cycle_rank,49
755,cycle_rank,49
756,cycle_rank,49
757,cycle_rank,49
758,cycle_rank,49
759,cycle_rank,49
760,cycle_rank,49
761,cycle_rank,49
762,cycle_rank,49
763,cycle_rank,49
764,cycle_rank,49
765,cycle_rank,49
766,cycle_rank,49
767,cycle_rank,49
768,cycle_rank,49
769,cycle_rank,49
770,cycle_rank,49
771,cycle_rank,49
772,cycle_rank,49
773,cycle_rank,49
774,cycle_rank,49
775,cycle_rank,49
776,cycle_rank,49
777,cycle_rank,49
778,cycle_rank,49
779,cycle_rank,49
780,cycle_rank,49
781,cycle_rank,49
782,cycle_rank,49
783,cycle_rank,49
784,cycle_rank,49
785,cycle_rank,49
786,cycle_rank,49
787,cycle_rank,49
788,cycle_rank,49
789,cycle_rank,49
790,cycle_rank,49
791,cycle_rank,49
792,cycle_rank,49
793,cycle_rank,49
794,cycle_rank,49
795,cycle_rank,49
796,cycle_rank,49
797,cycle_rank,49
798,cycle_rank,49
799,cycle_rank,49
800,cycle_rank,49
801,cycle_rank,49
802,cycle_rank,49
803,cycle_rank,49
804,cycle_rank,49
805,cycle_rank,49
806,cycle_rank,49
807,cycle_rank,49
808,cycle_rank,49
809,cycle_rank,49
810,cycle_rank,49
811,cycle_rank,49
812,cycle_rank,49
813,cycle_rank,49
814,cycle_rank,49
815,cycle_rank,49
816,cycle_rank,49
817,cycle_rank,49
818,cycle_rank,49
819,cycle_rank,49
820,cycle_rank,49
821,cycle_rank,49
822,cycle_rank,49
823,cycle_rank,49
824,cycle_rank,49
825,cycle_rank,49
826,cycle_rank,49
827,cycle_rank,49
828,cycle_rank,49
829,cycle_rank,49
830,cycle_rank,49
831,cycle_rank,49
832,cycle_rank,49
833,cycle_rank,49
834,cycle_rank,49
835,cycle_rank,49
836,cycle_rank,49
837,cycle_rank,49
838,cycle_rank,49
839,cycle_rank,49
840,cycle_rank,49
841,cycle_rank,49
842,cycle_rank,49
843,cycle_rank,49
844,cycle_rank,49
845,cycle_rank,49
846,cycle_rank,49
847,cycle_rank,49
848,cycle_rank,49
849,cycle_rank,49
850,cycle_rank,49
851,cycle_rank,49
852,cycle_rank,49
853,cycle_rank,49
854,cycle_rank,49
855,cycle_rank,49
856,cycle_rank,49
857,cycle_rank,49
858,cycle_rank,49
859,cycle_rank,49
860,cycle_rank,49
861,cycle_rank,49
862,cycle_rank,49
863,cycle_rank,49
864,cycle_rank,49
865,cycle_rank,49
866,cycle_rank,49
867,cycle_rank,49
868,cycle_rank,49
869,cycle_rank,49
870,cycle_rank,49
871,cycle_rank,49
872,cycle_rank,49
873,cycle_rank,49
874,cycle_rank,49
875,cycle_rank,49
876,cycle_rank,49
877,cycle_rank,49
878,cycle_rank,49
879,cycle_rank,49
880,cycle_rank,49
881,cycle_rank,49
882,cycle_rank,49
883,cycle_rank,49
884,cycle_rank,49
885,cycle_rank,49
886,cycle_rank,49
887,cycle_rank,49
888,cycle_rank,49
889,cycle_rank,49
890,cycle_rank,49
891,cycle_rank,49
892,cycle_rank,49
893,cycle_rank,49
894,cycle_rank,49
895,cycle_rank,49
896,cycle_rank,49
897,cycle_rank,49
898,cycle_rank,49
899,cycle_rank,49
900,cycle_rank,49
901,cycle_rank,49
902,cycle_rank,49
903,cycle_rank,49
904,cycle_rank,49
905,cycle_rank,49
906,cycle_rank,49
907,cycle_rank,49
908,cycle_rank,49
909,cycle_rank,49
910,cycle_rank,49
911,cycle_rank,49
912,cycle_rank,49
913,cycle_rank,49
914,cycle_rank,49
915,cycle_rank,49
916,cycle_rank,49
917,cycle_rank,49
918,cycle_rank,49
919,cycle_rank,49
920,cycle_rank,49
921,cycle_rank,49
922,cycle_rank,49
923,cycle_rank,49
924,cycle_rank,49
925,cycle_rank,49
926,cycle_rank,49
927,cycle_rank,49
928,cycle_rank,49
929,cycle_rank,49
930,cycle_rank,49
931,cycle_rank,49
932,cycle_rank,49
933,cycle_rank,49
934,cycle_rank,49
935,cycle_rank,49
936,cycle_rank,49
937,cycle_rank,49
938,cycle_rank,49
939,cycle_rank,49
940,cycle_rank,49
941,cycle_rank,49
942,cycle_rank,49
943,cycle_rank,49
944,cycle_rank,49
945,cycle_rank,49
946,cycle_rank,49
947,cycle_rank,49
948,cycle_rank,49
949,cycle_rank,49
950,cycle_rank,49
951,cycle_rank,49
952,cycle_rank,49
953,cycle_rank,49
954,cycle_rank,49
955,cycle_rank,49
956,cycle_rank,49
957,cycle_rank,49
958,cycle_rank,49
959,cycle_rank,49
960,cycle_rank,49
961,cycle_rank,49
962,cycle_rank,49
963,cycle_rank,49
964,cycle_rank,49
965,cycle_rank,49
966,cycle_rank,49
967,cycle_rank,49
968,cycle_rank,49
969,cycle_rank,49
970,cycle_rank,49
971,cycle_rank,49
972,cycle_rank,49
973,cycle_rank,49
974,cycle_rank,49
975,cycle_rank,49
976,cycle_rank,49
977,cycle_rank,49
978,cycle_rank,49
979,cycle_rank,49
980,cycle_rank,49
981,cycle_rank,49
982,cycle_rank,49
983,cycle_rank,49
984,cycle_rank,49
985,cycle_rank,49
986,cycle_rank,49
987,cycle_rank,49
988,cycle_rank,49
989,cycle_rank,49
990,cycle_rank,49
991,cycle_rank,49
992,cycle_rank,49
993,cycle_rank,49
994,cycle_rank,49
995,cycle_rank,49
996,cycle_rank,49
997,cycle_rank,49
998,cycle_rank,49
999,cycle_rank,49
1000,cycle_rank,49
1001,cycle_rank,49
1002,cycle_rank,49
1003,cycle_rank,49
1004,cycle_rank,49
1005,cycle_rank,49
1006,cycle_rank,49
1007,cycle_rank,49
1008,cycle_rank,49
1009,cycle_rank,49
1010,cycle_rank,49
1011,cycle_rank,49
1012,cycle_rank,49
1013,cycle_rank,49
1014,cycle_rank,49
1015,cycle_rank,49
1016,cycle_rank,49
1017,cycle_rank,49
1018,cycle_rank,49
1019,cycle_rank,49
1020,cycle_rank,49
1021,cycle_rank,49
1022,cycle_rank,49
1023,cycle_rank,49
1024,cycle_rank,49
1025,cycle_rank,49
1026,cycle_rank,49
1027,cycle_rank,49
1028,cycle_rank,49
1029,cycle_rank,49
1030,cycle_rank,49
1031,cycle_rank,49
1032,cycle_rank,49
1033,cycle_rank,49
1034,cycle_rank,49
1035,cycle_rank,49
1036,cycle_rank,49
1037,cycle_rank,49
1038,cycle_rank,49
1039,cycle_rank,49
1040,cycle_rank,49
1041,cycle_rank,49
1042,cycle_rank,49
1043,cycle_rank,49
1044,cycle_rank,49
1045,cycle_rank,49
1046,cycle_rank,49
1047,cycle_rank,49
1048,cycle_rank,49
1049,cycle_rank,49
1050,cycle_rank,49
1051,cycle_rank,49
1052,cycle_rank,49
1053,cycle_rank,49
1054,cycle_rank,49
1055,cycle_rank,49
1056,cycle_rank,49
1057,cycle_rank,49
1058,cycle_rank,49
1059,cycle_rank,49
1060,cycle_rank,49
1061,cycle_rank,49
1062,cycle_rank,49
1063,cycle_rank,49
1064,cycle_rank,49
1065,cycle_rank,49
1066,cycle_rank,49
1067,cycle_rank,49
1068,cycle_rank,49
1069,cycle_rank,49
1070,cycle_rank,49
1071,cycle_rank,49
1072,cycle_rank,49
1073,cycle_rank,49
1074,cycle_rank,49
1075,cycle_rank,49
1076,cycle_rank,49
1077,cycle_rank,49
1078,cycle_rank,49
1079,cycle_rank,49
1080,cycle_rank,49
1081,cycle_rank,49
1082,cycle_rank,49
1083,cycle_rank,49
1084,cycle_rank,49
1085,cycle_rank,49
1086,cycle_rank,49
1087,cycle_rank,49
1088,cycle_rank,49
1089,cycle_rank,49
1090,cycle_rank,49
1091,cycle_rank,49
1092,cycle_rank,49
1093,cycle_rank,49
1094,cycle_rank,49
1095,cycle_rank,49
1096,cycle_rank,49
1097,cycle_rank,49
1098,cycle_rank,49
1099,cycle_rank,49
1100,cycle_rank,49
1101,cycle_rank,49
1102,cycle_rank,49
1103,cycle_rank,49
1104,cycle_rank,49
1105,cycle_rank,49
1106,cycle_rank,49
1107,cycle_rank,49
1108,cycle_rank,49
1109,cycle_rank,49
1110,cycle_rank,49
1111,cycle_rank,49
1112,cycle_rank,49
1113,cycle_rank,49
1114,cycle_rank,49
1115,cycle_rank,49
1116,cycle_rank,49
1117,cycle_rank,49
1118,cycle_rank,49
1119,cycle_rank,49
1120,cycle_rank,49
1121,cycle_rank,49
1122,cycle_rank,49
1123,cycle_rank,49
1124,cycle_rank,49
1125,cycle_rank,49
1126,cycle_rank,49
1127,cycle_rank,49
1128,cycle_rank,49
1129,cycle_rank,49
1130,cycle_rank,49
1131,cycle_rank,49
1132,cycle_rank,49
1133,cycle_rank,49
1134,cycle_rank,49
1135,cycle_rank,49
1136,cycle_rank,49
1137,cycle_rank,49
1138,cycle_rank,49
1139,cycle_rank,49
1140,cycle_rank,49
1141,cycle_rank,49
1142,cycle_rank,49
1143,cycle_rank,49
1144,cycle_rank,49
1145,cycle_rank,49
1146,cycle_rank,49
1147,cycle_rank,49
1148,cycle_rank,49
1149,cycle_rank,49
1150,cycle_rank,49
1151,cycle_rank,49
1152,cycle_rank,49
1153,cycle_rank,49
1154,cycle_rank,49
1155,cycle_rank,49
1156,cycle_rank,49
1157,cycle_rank,49
1158,cycle_rank,49
1159,cycle_rank,49
1160,cycle_rank,49
1161,cycle_rank,49
1162,cycle_rank,49
1163,cycle_rank,49
1164,cycle_rank,49
1165,cycle_rank,49
1166,cycle_rank,49
1167,cycle_rank,49
1168,cycle_rank,49
1169,cycle_rank,49
1170,cycle_rank,49
1171,cycle_rank,49
1172,cycle_rank,49
1173,cycle_rank,49
1174,cycle_rank,49
1175,cycle_rank,49
1176,cycle_rank,49
1177,cycle_rank,49
1178,cycle_rank,49
1179,cycle_rank,49
1180,cycle_rank,49
1181,cycle_rank,49
1182,cycle_rank,49
1183,cycle_rank,49
1184,cycle_rank,49
1185,cycle_rank,49
1186,cycle_rank,49
1187,cycle_rank,49
1188,cycle_rank,49
1189,cycle_rank,49
1190,cycle_rank,49
1191,cycle_rank,49
1192,cycle_rank,49
1193,cycle_rank,49
1194,cycle_rank,49
1195,cycle_rank,49
1196,cycle_rank,49
1197,cycle_rank,49
1198,cycle_rank,49
1199,cycle_rank,49
1200,cycle_rank,49
1201,cycle_rank,49
1202,cycle_rank,49
1203,cycle_rank,49
1204,cycle_rank,49
1205,cycle_rank,49
1206,cycle_rank,49
1207,cycle_rank,49
1208,cycle_rank,49
1209,cycle_rank,49
1210,cycle_rank,49
1211,cycle_rank,49
1212,cycle_rank,49
1213,cycle_rank,49
1214,cycle_rank,49
1215,cycle_rank,49
1216,cycle_rank,49
1217,cycle_rank,49
1218,cycle_rank,49
1219,cycle_rank,49
1220,cycle_rank,49
1221,cycle_rank,49
1222,cycle_rank,49
1223,cycle_rank,49
1224,cycle_rank,49
1225,cycle_rank,49
1226,cycle_rank,49
1227,cycle_rank,49
1228,cycle_rank,49
1229,cycle_rank,49
1230,cycle_rank,49
1231,cycle_rank,49
1232,cycle_rank,49
1233,cycle_rank,49
1234,cycle_rank,49
1235,cycle_rank,49
1236,cycle_rank,49
1237,cycle_rank,49
1238,cycle_rank,49
1239,cycle_rank,49
1240,cycle_rank,49
1241,cycle_rank,49
1242,cycle_rank,49
1243,cycle_rank,49
1244,cycle_rank,49
1245,cycle_rank,49
1246,cycle_rank,49
1247,cycle_rank,49
1248,cycle_rank,49
1249,cycle_rank,49
1250,cycle_rank,49
1251,cycle_rank,49
1252,cycle_rank,49
1253,cycle_rank,49
1254,cycle_rank,49
1255,cycle_rank,49
1256,cycle_rank,49
1257,cycle_rank,49
1258,cycle_rank,49
1259,cycle_rank,49
1260,cycle_rank,49
1261,cycle_rank,49
1262,cycle_rank,49
1263,cycle_rank,49
1264,cycle_rank,49
1265,cycle_rank,49
1266,cycle_rank,49
1267,cycle_rank,49
1268,cycle_rank,49
1269,cycle_rank,49
1270,cycle_rank,49
1271,cycle_rank,49
1272,cycle_rank,49
1273,cycle_rank,49
1274,cycle_rank,49
1275,cycle_rank,49
1276,cycle_rank,49
1277,cycle_rank,49
1278,cycle_rank,49
1279,cycle_rank,49
1280,cycle_rank,49
1281,cycle_rank,49
1282,cycle_rank,49
1283,cycle_rank,49
1284,cycle_rank,49
1285,cycle_rank,49
1286,cycle_rank,49
1287,cycle_rank,49
1288,cycle_rank,49
1289,cycle_rank,49
1290,cycle_rank,49
1291,cycle_rank,49
1292,cycle_rank,49
1293,cycle_rank,49
1294,cycle_rank,49
1295,cycle_rank,49
1296,cycle_rank,49
1297,cycle_rank,49
1298,cycle_rank,49
1299,cycle_rank,49
1300,cycle_rank,49
1301,cycle_rank,49
1302,cycle_rank,49
1303,cycle_rank,49
1304,cycle_rank,49
1305,cycle_rank,49
1306,cycle_rank,49
1307,cycle_rank,49
1308,cycle_rank,49
1309,cycle_rank,49
1310,cycle_rank,49
1311,cycle_rank,49
1312,cycle_rank,49
1313,cycle_rank,49
1314,cycle_rank,49
1315,cycle_rank,49
1316,cycle_rank,49
1317,cycle_rank,49
1318,cycle_rank,49
1319,cycle_rank,49
1320,cycle_rank,49
1321,cycle_rank,49
1322,cycle_rank,49
1323,cycle_rank,49
1324,cycle_rank,49
1325,cycle_rank,49
1326,cycle_rank,49
1327,cycle_rank,49
1328,cycle_rank,49
1329,cycle_rank,49
1330,cycle_rank,49
1331,cycle_rank,49
1332,cycle_rank,49
1333,cycle_rank,49
1334,cycle_rank,49
1335,cycle_rank,49
1336,cycle_rank,49
1337,cycle_rank,49
1338,cycle_rank,49
1339,cycle_rank,49
1340,cycle_rank,49
1341,cycle_rank,49
1342,cycle_rank,49
1343,cycle_rank,49
1344,cycle_rank,49
1345,cycle_rank,49
1346,cycle_rank,49
1347,cycle_rank,49
1348,cycle_rank,49
1349,cycle_rank,49
1350,cycle_rank,49
1351,cycle_rank,49
1352,cycle_rank,49
1353,cycle_rank,49
1354,cycle_rank,49
1355,cycle_rank,49
1356,cycle_rank,49
1357,cycle_rank,49
1358,cycle_rank,49
1359,cycle_rank,49
1360,cycle_rank,49
1361,cycle_rank,49
1362,cycle_rank,49
1363,cycle_rank,49
1364,cycle_rank,49
1365,cycle_rank,49
1366,cycle_rank,49
1367,cycle_rank,49
1368,cycle_rank,49
1369,cycle_rank,49
1370,cycle_rank,49
1371,cycle_rank,49
1372,cycle_rank,49
1373,cycle_rank,49
1374,cycle_rank,49
1375,cycle_rank,49
1376,cycle_rank,49
1377,cycle_rank,49
1378,cycle_rank,49
1379,cycle_rank,49
1380,cycle_rank,49
1381,cycle_rank,49
1382,cycle_rank,49
1383,cycle_rank,49
1384,cycle_rank,49
1385,cycle_rank,49
1386,cycle_rank,49
1387,cycle_rank,49
1388,cycle_rank,49
1389,cycle_rank,49
1390,cycle_rank,49
1391,cycle_rank,49
1392,cycle_rank,49
1393,cycle_rank,49
1394,cycle_rank,49
1395,cycle_rank,49
1396,cycle_rank,49
1397,cycle_rank,49
1398,cycle_rank,49
1399,cycle_rank,49
1400,cycle_rank,49
1401,cycle_rank,49
1402,cycle_rank,49
1403,cycle_rank,49
1404,cycle_rank,49
1405,cycle_rank,49
1406,cycle_rank,49
1407,cycle_rank,49
1408,cycle_rank,49
1409,cycle_rank,49
1410,cycle_rank,49
1411,cycle_rank,49
1412,cycle_rank,49
1413,cycle_rank,49
1414,cycle_rank,49
1415,cycle_rank,49
1416,cycle_rank,49
1417,cycle_rank,49
1418,cycle_rank,49
1419,cycle_rank,49
1420,cycle_rank,49
1421,cycle_rank,49
1422,cycle_rank,49
1423,cycle_rank,49
1424,cycle_rank,49
1425,cycle_rank,49
1426,cycle_rank,49
1427,cycle_rank,49
1428,cycle_rank,49
1429,cycle_rank,49
1430,cycle_rank,49
1431,cycle_rank,49
1432,cycle_rank,49
1433,cycle_rank,49
1434,cycle_rank,49
1435,cycle_rank,49
1436,cycle_rank,49
1437,cycle_rank,49
1438,cycle_rank,49
1439,cycle_rank,49
1440,cycle_rank,49
1441,cycle_rank,49
1442,cycle_rank,49
1443,cycle_rank,49
1444,cycle_rank,49
1445,cycle_rank,49
1446,cycle_rank,49
1447,cycle_rank,49
1448,cycle_rank,49
1449,cycle_rank,49
1450,cycle_rank,49
1451,cycle_rank,49
1452,cycle_rank,49
1453,cycle_rank,49
1454,cycle_rank,49
1455,cycle_rank,49
1456,cycle_rank,49
1457,cycle_rank,49
1458,cycle_rank,49
1459,cycle_rank,49
1460,cycle_rank,49
1461,cycle_rank,49
1462,cycle_rank,49
1463,cycle_rank,49
1464,cycle_rank,49
1465,cycle_rank,49
1466,cycle_rank,49
1467,cycle_rank,49
1468,cycle_rank,49
1469,cycle_rank,49
1470,cycle_rank,49
1471,cycle_rank,49
1472,cycle_rank,49
1473,cycle_rank,49
1474,cycle_rank,49
1475,cycle_rank,49
1476,cycle_rank,49
1477,cycle_rank,49
1478,cycle_rank,49
1479,cycle_rank,49
1480,cycle_rank,49
1481,cycle_rank,49
1482,cycle_rank,49
1483,cycle_rank,49
1484,cycle_rank,49
1485,cycle_rank,49
1486,cycle_rank,49
1487,cycle_rank,49
1488,cycle_rank,49
1489,cycle_rank,49
1490,cycle_rank,49
1491,cycle_rank,49
1492,cycle_rank,49
1493,cycle_rank,49
1494,cycle_rank,49
1495,cycle_rank,49
1496,cycle_rank,49
1497,cycle_rank,49
1498,cycle_rank,49
1499,cycle_rank,49
1500,cycle_rank,49
1501,cycle_rank,49
1502,cycle_rank,49
1503,cycle_rank,49
1504,cycle_rank,49
1505,cycle_rank,49
1506,cycle_rank,49
1507,cycle_rank,49
1508,cycle_rank,49
1509,cycle_rank,49
1510,cycle_rank,49
1511,cycle_rank,49
1512,cycle_rank,49
1513,cycle_rank,49
1514,cycle_rank,49
1515,cycle_rank,49
1516,cycle_rank,49
1517,cycle_rank,49
1518,cycle_rank,49
1519,cycle_rank,49
1520,cycle_rank,49
1521,cycle_rank,49
1522,cycle_rank,49
1523,cycle_rank,49
1524,cycle_rank,49
1525,cycle_rank,49
1526,cycle_rank,49
1527,cycle_rank,49
1528,cycle_rank,49
1529,cycle_rank,49
1530,cycle_rank,49
1531,cycle_rank,49
1532,cycle_rank,49
1533,cycle_rank,49
1534,cycle_rank,49
1535,cycle_rank,49
1536,cycle_rank,49
1537,cycle_rank,49
1538,cycle_rank,49
1539,cycle_rank,49
1540,cycle_rank,49
1541,cycle_rank,49
1542,cycle_rank,49
1543,cycle_rank,49
1544,cycle_rank,49
1545,cycle_rank,49
1546,cycle_rank,49
1547,cycle_rank,49
1548,cycle_rank,49
1549,cycle_rank,49
1550,cycle_rank,49
1551,cycle_rank,49
1552,cycle_rank,49
1553,cycle_rank,49
1554,cycle_rank,49
1555,cycle_rank,49
1556,cycle_rank,49
1557,cycle_rank,49
1558,cycle_rank,49
1559,cycle_rank,49
1560,cycle_rank,49
1561,cycle_rank,49
1562,cycle_rank,49
1563,cycle_rank,49
1564,cycle_rank,49
1565,cycle_rank,49
1566,cycle_rank,49
1567,cycle_rank,49
1568,cycle_rank,49
1569,cycle_rank,49
1570,cycle_rank,49
1571,cycle_rank,49
1572,cycle_rank,49
1573,cycle_rank,49
1574,cycle_rank,49
1575,cycle_rank,49
1576,cycle_rank,49
1577,cycle_rank,49
1578,cycle_rank,49
1579,cycle_rank,49
1580,cycle_rank,49
1581,cycle_rank,49
1582,cycle_rank,49
1583,cycle_rank,49
1584,cycle_rank,49
1585,cycle_rank,49
1586,cycle_rank,49
1587,cycle_rank,49
1588,cycle_rank,49
1589,cycle_rank,49
1590,cycle_rank,49
1591,cycle_rank,49
1592,cycle_rank,49
1593,cycle_rank,49
1594,cycle_rank,49
1595,cycle_rank,49
1596,cycle_rank,49
1597,cycle_rank,49
1598,cycle_rank,49
1599,cycle_rank,49
1600,cycle_rank,49
1601,cycle_rank,49
1602,cycle_rank,49
1603,cycle_rank,49
1604,cycle_rank,49
1605,cycle_rank,49
1606,cycle_rank,49
1607,cycle_rank,49
1608,cycle_rank,49
1609,cycle_rank,49
1610,cycle_rank,49
1611,cycle_rank,49
1612,cycle_rank,49
1613,cycle_rank,49
1614,cycle_rank,49
1615,cycle_rank,49
1616,cycle_rank,49
1617,cycle_rank,49
1618,cycle_rank,49
1619,cycle_rank,49
1620,cycle_rank,49
1621,cycle_rank,49
1622,cycle_rank,49
1623,cycle_rank,49
1624,cycle_rank,49
1625,cycle_rank,49
1626,cycle_rank,49
1627,cycle_rank,49
1628,cycle_rank,49
1629,cycle_rank,49
1630,cycle_rank,49
1631,cycle_rank,49
1632,cycle_rank,49
1633,cycle_rank,49
1634,cycle_rank,49
1635,cycle_rank,49
1636,cycle_rank,49
1637,cycle_rank,49
1638,cycle_rank,49
1639,cycle_rank,49
1640,cycle_rank,49
1641,cycle_rank,49
1642,cycle_rank,49
1643,cycle_rank,49
1644,cycle_rank,49
1645,cycle_rank,49
1646,cycle_rank,49
1647,cycle_rank,49
1648,cycle_rank,49
1649,cycle_rank,49
1650,cycle_rank,49
1651,cycle_rank,49
1652,cycle_rank,49
1653,cycle_rank,49
1654,cycle_rank,49
1655,cycle_rank,49
1656,cycle_rank,49
1657,cycle_rank,49
1658,cycle_rank,49
1659,cycle_rank,49
1660,cycle_rank,49
1661,cycle_rank,49
1662,cycle_rank,49
1663,cycle_rank,49
1664,cycle_rank,49
1665,cycle_rank,49
1666,cycle_rank,49
1667,cycle_rank,49
1668,cycle_rank,49
1669,cycle_rank,49
1670,cycle_rank,49
1671,cycle_rank,49
1672,cycle_rank,49
1673,cycle_rank,49
1674,cycle_rank,49
1675,cycle_rank,49
1676,cycle_rank,49
1677,cycle_rank,49
1678,cycle_rank,49
1679,cycle_rank,49
1680,cycle_rank,49
1681,cycle_rank,49
1682,cycle_rank,49
1683,cycle_rank,49
1684,cycle_rank,49
1685,cycle_rank,49
1686,cycle_rank,49
1687,cycle_rank,49
1688,cycle_rank,49
1689,cycle_rank,49
1690,cycle_rank,49
1691,cycle_rank,49
1692,cycle_rank,49
1693,cycle_rank,49
1694,cycle_rank,49
1695,cycle_rank,49
1696,cycle_rank,49
1697,cycle_rank,49
1698,cycle_rank,49
1699,cycle_rank,49
1700,cycle_rank,49
1701,cycle_rank,49
1702,cycle_rank,49
1703,cycle_rank,49
1704,cycle_rank,49
1705,cycle_rank,49
1706,cycle_rank,49
1707,cycle_rank,49
1708,cycle_rank,49
1709,cycle_rank,49
1710,cycle_rank,49
1711,cycle_rank,49
1712,cycle_rank,49
1713,cycle_rank,49
1714,cycle_rank,49
1715,cycle_rank,49
1716,cycle_rank,49
1717,cycle_rank,49
1718,cycle_rank,49
1719,cycle_rank,49
1720,cycle_rank,49
1721,cycle_rank,49
1722,cycle_rank,49
1723,cycle_rank,49
1724,cycle_rank,49
1725,cycle_rank,49
1726,cycle_rank,49
1727,cycle_rank,49
1728,cycle_rank,49
1729,cycle_rank,49
1730,cycle_rank,49
1731,cycle_rank,49
1732,cycle_rank,49
1733,cycle_rank,49
1734,cycle_rank,49
1735,cycle_rank,49
1736,cycle_rank,49
1737,cycle_rank,49
1738,cycle_rank,49
1739,cycle_rank,49
1740,cycle_rank,49
1741,cycle_rank,49
1742,cycle_rank,49
1743,cycle_rank,49
1744,cycle_rank,49
1745,cycle_rank,49
1746,cycle_rank,49
1747,cycle_rank,49
1748,cycle_rank,49
1749,cycle_rank,49
1750,cycle_rank,49
1751,cycle_rank,49
1752,cycle_rank,49
1753,cycle_rank,49
1754,cycle_rank,49
1755,cycle_rank,49
1756,cycle_rank,49
1757,cycle_rank,49
1758,cycle_rank,49
1759,cycle_rank,49
1760,cycle_rank,49
1761,cycle_rank,49
1762,cycle_rank,49
1763,cycle_rank,49
1764,cycle_rank,49
1765,cycle_rank,49
1766,cycle_rank,49
1767,cycle_rank,49
1768,cycle_rank,49
1769,cycle_rank,49
1770,cycle_rank,49
1771,cycle_rank,49
1772,cycle_rank,49
1773,cycle_rank,49
1774,cycle_rank,49
1775,cycle_rank,49
1776,cycle_rank,49
1777,cycle_rank,49
1778,cycle_rank,49
1779,cycle_rank,49
1780,cycle_rank,49
1781,cycle_rank,49
1782,cycle_rank,49
1783,cycle_rank,49
1784,cycle_rank,49
1785,cycle_rank,49
1786,cycle_rank,49
1787,cycle_rank,49
1788,cycle_rank,49
1789,cycle_rank,49
1790,cycle_rank,49
1791,cycle_rank,49
1792,cycle_rank,49
1793,cycle_rank,49
1794,cycle_rank,49
1795,cycle_rank,49
1796,cycle_rank,49
1797,cycle_rank,49
1798,cycle_rank,49
1799,cycle_rank,49
1800,cycle_rank,49
1801,cycle_rank,49
1802,cycle_rank,49
1803,cycle_rank,49
1804,cycle_rank,49
1805,cycle_rank,49
1806,cycle_rank,49
1807,cycle_rank,49
1808,cycle_rank,49
1809,cycle_rank,49
1810,cycle_rank,49
1811,cycle_rank,49
1812,cycle_rank,49
1813,cycle_rank,49
1814,cycle_rank,49
1815,cycle_rank,49
1816,cycle_rank,49
1817,cycle_rank,49
1818,cycle_rank,49
1819,cycle_rank,49
1820,cycle_rank,49
1821,cycle_rank,49
1822,cycle_rank,49
1823,cycle_rank,49
1824,cycle_rank,49
1825,cycle_rank,49
1826,cycle_rank,49
1827,cycle_rank,49
1828,cycle_rank,49
1829,cycle_rank,49
1830,cycle_rank,49
1831,cycle_rank,49
1832,cycle_rank,49
1833,cycle_rank,49
1834,cycle_rank,49
1835,cycle_rank,49
1836,cycle_rank,49
1837,cycle_rank,49
1838,cycle_rank,49
1839,cycle_rank,49
1840,cycle_rank,49
1841,cycle_rank,49
1842,cycle_rank,49
1843,cycle_rank,49
1844,cycle_rank,49
1845,cycle_rank,49
1846,cycle_rank,49
1847,cycle_rank,49
1848,cycle_rank,49
1849,cycle_rank,49
1850,cycle_rank,49
1851,cycle_rank,49
1852,cycle_rank,49
1853,cycle_rank,49
1854,cycle_rank,49
1855,cycle_rank,49
1856,cycle_rank,49
1857,cycle_rank,49
1858,cycle_rank,49
1859,cycle_rank,49
1860,cycle_rank,49
1861,cycle_rank,49
1862,cycle_rank,49
1863,cycle_rank,49
1864,cycle_rank,49
1865,cycle_rank,49
1866,cycle_rank,49
1867,cycle_rank,49
1868,cycle_rank,49
1869,cycle_rank,49
1870,cycle_rank,49
1871,cycle_rank,49
1872,cycle_rank,49
1873,cycle_rank,49
1874,cycle_rank,49
1875,cycle_rank,49
1876,cycle_rank,49
1877,cycle_rank,49
1878,cycle_rank,49
1879,cycle_rank,49
1880,cycle_rank,49
1881,cycle_rank,49
1882,cycle_rank,49
1883,cycle_rank,49
1884,cycle_rank,49
1885,cycle_rank,49
1886,cycle_rank,49
1887,cycle_rank,49
1888,cycle_rank,49
1889,cycle_rank,49
1890,cycle_rank,49
1891,cycle_rank,49
1892,cycle_rank,49
1893,cycle_rank,49
1894,cycle_rank,49
1895,cycle_rank,49
1896,cycle_rank,49
1897,cycle_rank,49
1898,cycle_rank,49
1899,cycle_rank,49
1900,cycle_rank,49
1901,cycle_rank,49
1902,cycle_rank,49
1903,cycle_rank,49
1904,cycle_rank,49
1905,cycle_rank,49
1906,cycle_rank,49
1907,cycle_rank,49
1908,cycle_rank,49
1909,cycle_rank,49
1910,cycle_rank,49
1911,cycle_rank,49
1912,cycle_rank,49
1913,cycle_rank,49
1914,cycle_rank,49
1915,cycle_rank,49
1916,cycle_rank,49
1917,cycle_rank,49
1918,cycle_rank,49
1919,cycle_rank,49
1920,cycle_rank,49
1921,cycle_rank,49
1922,cycle_rank,49
1923,cycle_rank,49
1924,cycle_rank,49
1925,cycle_rank,49
1926,cycle_rank,49
1927,cycle_rank,49
1928,cycle_rank,49
1929,cycle_rank,49
1930,cycle_rank,49
1931,cycle_rank,49
1932,cycle_rank,49
1933,cycle_rank,49
1934,cycle_rank,49
1935,cycle_rank,49
1936,cycle_rank,49
1937,cycle_rank,49
1938,cycle_rank,49
1939,cycle_rank,49
1940,cycle_rank,49
1941,cycle_rank,49
1942,cycle_rank,49
1943,cycle_rank,49
1944,cycle_rank,49
1945,cycle_rank,49
1946,cycle_rank,49
1947,cycle_rank,49
1948,cycle_rank,49
1949,cycle_rank,49
1950,cycle_rank,49
1951,cycle_rank,49
1952,cycle_rank,49
1953,cycle_rank,49
1954,cycle_rank,49
1955,cycle_rank,49
1956,cycle_rank,49
1957,cycle_rank,49
1958,cycle_rank,49
1959,cycle_rank,49
1960,cycle_rank,49
1961,cycle_rank,49
1962,cycle_rank,49
1963,cycle_rank,49
1964,cycle_rank,49
1965,cycle_rank,49
1966,cycle_rank,49
1967,cycle_rank,49
1968,cycle_rank,49
1969,cycle_rank,49
1970,cycle_rank,49
1971,cycle_rank,49
1972,cycle_rank,49
1973,cycle_rank,49
1974,cycle_rank,49
1975,cycle_rank,49
1976,cycle_rank,49
1977,cycle_rank,49
1978,cycle_rank,49
1979,cycle_rank,49
1980,cycle_rank,49
1981,cycle_rank,49
1982,cycle_rank,49
1983,cycle_rank,49
1984,cycle_rank,49
1985,cycle_rank,49
1986,cycle_rank,49
1987,cycle_rank,49
1988,cycle_rank,49
1989,cycle_rank,49
1990,cycle_rank,49
1991,cycle_rank,49
1992,cycle_rank,49
1993,cycle_rank,49
1994,cycle_rank,49
1995,cycle_rank,49
1996,cycle_rank,49
1997,cycle_rank,49
1998,cycle_rank,49
1999,cycle_rank,49
